<ImportExportXml xmlns:xsi="http://www.w3.org/2001/XMLSchema-instance" OrganizationVersion="9.2.25043.194" OrganizationSchemaType="Full" CRMServerServiceabilityVersion="9.2.25043.00200">
  <Entities>
    <Entity>
      <Name LocalizedName="Document Url" OriginalName="Document Url">bcgov_DocumentUrl</Name>
      <EntityInfo>
        <entity Name="bcgov_DocumentUrl">
          <attributes>
            <attribute PhysicalName="ecer_DownloadDate">
              <Type>datetime</Type>
              <Name>ecer_downloaddate</Name>
              <LogicalName>ecer_downloaddate</LogicalName>
              <RequiredLevel>none</RequiredLevel>
              <DisplayMask>ValidForAdvancedFind|ValidForForm|ValidForGrid</DisplayMask>
              <ImeMode>auto</ImeMode>
              <ValidForUpdateApi>1</ValidForUpdateApi>
              <ValidForReadApi>1</ValidForReadApi>
              <ValidForCreateApi>1</ValidForCreateApi>
              <IsCustomField>1</IsCustomField>
              <IsAuditEnabled>1</IsAuditEnabled>
              <IsSecured>0</IsSecured>
              <IntroducedVersion>1.0</IntroducedVersion>
              <IsCustomizable>1</IsCustomizable>
              <IsRenameable>1</IsRenameable>
              <CanModifySearchSettings>1</CanModifySearchSettings>
              <CanModifyRequirementLevelSettings>1</CanModifyRequirementLevelSettings>
              <CanModifyAdditionalSettings>1</CanModifyAdditionalSettings>
              <SourceType>0</SourceType>
              <IsGlobalFilterEnabled>0</IsGlobalFilterEnabled>
              <IsSortableEnabled>0</IsSortableEnabled>
              <CanModifyGlobalFilterSettings>1</CanModifyGlobalFilterSettings>
              <CanModifyIsSortableSettings>1</CanModifyIsSortableSettings>
              <IsDataSourceSecret>0</IsDataSourceSecret>
              <AutoNumberFormat></AutoNumberFormat>
              <IsSearchable>0</IsSearchable>
              <IsFilterable>0</IsFilterable>
              <IsRetrievable>0</IsRetrievable>
              <IsLocalizable>0</IsLocalizable>
              <Format>datetime</Format>
              <CanChangeDateTimeBehavior>1</CanChangeDateTimeBehavior>
              <Behavior>1</Behavior>
              <displaynames>
                <displayname description="Download Date" languagecode="1033" />
              </displaynames>
              <Descriptions>
                <Description description="" languagecode="1033" />
              </Descriptions>
            </attribute>
          </attributes>
        </entity>
      </EntityInfo>
      <FormXml>
        <forms type="main">
          <systemform>
            <formid>{da1739bf-5abf-412c-98de-700309ec4c6f}</formid>
            <IntroducedVersion>1.0.0.0</IntroducedVersion>
            <FormPresentation>1</FormPresentation>
            <FormActivationState>1</FormActivationState>
            <form shownavigationbar="true" showImage="false" maxWidth="1920" headerdensity="HighWithControls" solutionaction="Modified">
              <tabs>
                <tab verticallayout="true" id="{585cb457-9acf-4bc2-8566-c3d0c61746d0}" IsUserDefined="1" name="{585cb457-9acf-4bc2-8566-c3d0c61746d0}" locklevel="0" expanded="true" showlabel="true" ordinalvalue="0">
                  <columns>
                    <column width="50%" id="0">
                      <sections>
                        <section showlabel="true" showbar="false" IsUserDefined="0" id="{7620fc22-81cb-4f31-86c0-a3eb3542011d}" name="{7620fc22-81cb-4f31-86c0-a3eb3542011d}" columns="1" locklevel="0" labelwidth="130" celllabelalignment="Left" celllabelposition="Left" ordinalvalue="0">
                          <rows>
                            <row>
                              <cell id="{206f9caa-2603-4e00-b844-cebbf17ca12e}" showlabel="true" locklevel="0" ordinalvalue="10000">
                                <labels>
                                  <label description="File Name" languagecode="1033" solutionaction="Added" />
                                </labels>
                              </cell>
                            </row>
                            <row>
                              <cell id="{59f85a24-bfcc-4b78-900e-f0b8b1738aa0}" ordinalvalue="10001">
                                <labels>
                                  <label description="Owner" languagecode="1033" solutionaction="Added" />
                                </labels>
                              </cell>
                            </row>
                            <row>
                              <cell id="{8322b1c1-99ad-55e3-d6cb-5c12588dece1}" showlabel="true" locklevel="0" ordinalvalue="10002">
                                <labels>
                                  <label description="Received Date" languagecode="1033" solutionaction="Added" />
                                </labels>
                              </cell>
                            </row>
                            <row>
                              <cell id="{ad1a378b-c26b-7903-1333-ac25a9acced3}" showlabel="true" locklevel="0" ordinalvalue="10005" solutionaction="Modified">
                                <labels>
                                  <label description="Classification" languagecode="1033" solutionaction="Added" />
                                </labels>
                              </cell>
                            </row>
                            <row>
                              <cell id="{7713b647-4e10-40e7-1a7b-5d8b3ceadd26}" showlabel="true" locklevel="0" ordinalvalue="10007" solutionaction="Modified">
                                <labels>
                                  <label description="Origin" languagecode="1033" solutionaction="Added" />
                                </labels>
                              </cell>
                            </row>
                            <row>
                              <cell id="{b5527708-1393-acbd-2e07-b2d7552d1b62}" showlabel="true" locklevel="0" ordinalvalue="10008" solutionaction="Modified">
                                <labels>
                                  <label description="Tag 1" languagecode="1033" solutionaction="Added" />
                                </labels>
                              </cell>
                            </row>
                            <row>
                              <cell id="{dc8ce0d8-c748-eb70-b758-85ec3c7ba69a}" showlabel="true" locklevel="0" ordinalvalue="10009" solutionaction="Modified">
                                <labels>
                                  <label description="Tag 2" languagecode="1033" solutionaction="Added" />
                                </labels>
                              </cell>
                            </row>
                            <row>
                              <cell id="{4ad6a206-978a-333c-9aa3-ac10937208c0}" showlabel="true" locklevel="0" ordinalvalue="10010" solutionaction="Modified">
                                <labels>
                                  <label description="Tag 3" languagecode="1033" solutionaction="Added" />
                                </labels>
                              </cell>
                            </row>
                            <row>
                              <cell id="{05f04b47-e215-4bcf-ae62-93ca7013f1ff}" locklevel="0" colspan="1" rowspan="1" ordinalvalue="10003" solutionaction="Added">
                                <labels>
                                  <label description="Document Internally Reviewed?" languagecode="1033" />
                                </labels>
                                <control id="ecer_documentinternallyreviewed" classid="{3EF39988-22BB-4F0B-BBBE-64B5A3748AEE}" datafieldname="ecer_documentinternallyreviewed" disabled="false" />
                              </cell>
                            </row>
                            <row>
                              <cell id="{140a9c5e-07e4-429f-a8a8-1c3462d73d27}" locklevel="0" colspan="1" rowspan="1" ordinalvalue="10004" solutionaction="Added">
                                <labels>
                                  <label description="Download Date" languagecode="1033" />
                                </labels>
                                <control id="ecer_downloaddate" classid="{5B773807-9FB2-42DB-97C3-7A91EFF8ADFF}" datafieldname="ecer_downloaddate" disabled="true" />
                              </cell>
                            </row>
                            <row>
                              <cell id="{b02f1974-a3a9-4076-bb1c-1316e5a357e2}" locklevel="0" colspan="1" rowspan="1" ordinalvalue="10006" solutionaction="Added">
                                <labels>
                                  <label description="Disable External Viewing " languagecode="1033" />
                                </labels>
                                <control id="ecer_disableexternalviewing" classid="{67FAC785-CD58-4F9F-ABB3-4B7DDC6ED5ED}" datafieldname="ecer_disableexternalviewing" disabled="false" />
                              </cell>
                            </row>
                          </rows>
                        </section>
                      </sections>
                    </column>
                    <column width="50%" id="1">
                      <sections>
                        <section name="{585cb457-9acf-4bc2-8566-c3d0c61746d0}_section_2" showlabel="true" showbar="false" locklevel="0" id="{42ad2b54-abc2-db69-836d-aeb858920c24}" IsUserDefined="0" layout="varwidth" columns="1" labelwidth="115" celllabelalignment="Left" celllabelposition="Left" ordinalvalue="0">
                          <rows>
                            <row>
                              <cell id="{0ab35e8a-cc1c-63c9-e8a0-6e65e6487671}" showlabel="true" locklevel="0" visible="false" ordinalvalue="10001" solutionaction="Modified">
                                <labels>
                                  <label description="Appointment" languagecode="1033" solutionaction="Added" />
                                </labels>
                              </cell>
                            </row>
                            <row>
                              <cell id="{dab92bdc-9b54-5a2c-6136-56c6dce9760d}" showlabel="true" locklevel="0" visible="false" ordinalvalue="10002" solutionaction="Modified">
                                <labels>
                                  <label description="Email" languagecode="1033" solutionaction="Added" />
                                </labels>
                              </cell>
                            </row>
                            <row>
                              <cell id="{a65b2cd3-2777-2ade-d68a-e869b826bd03}" showlabel="true" locklevel="0" visible="false" ordinalvalue="10003" solutionaction="Modified">
                                <labels>
                                  <label description="Fax" languagecode="1033" solutionaction="Added" />
                                </labels>
                              </cell>
                            </row>
                            <row>
                              <cell id="{722eaa63-43e4-e898-dbdb-d6cc9cca99a1}" showlabel="true" locklevel="0" visible="false" ordinalvalue="10004" solutionaction="Modified">
                                <labels>
                                  <label description="Phone Call" languagecode="1033" solutionaction="Added" />
                                </labels>
                              </cell>
                            </row>
                            <row>
                              <cell id="{8894ed5d-9c03-5947-b134-54a900199e2a}" showlabel="true" locklevel="0" visible="false" ordinalvalue="10005" solutionaction="Modified">
                                <labels>
                                  <label description="Letter" languagecode="1033" solutionaction="Added" />
                                </labels>
                              </cell>
                            </row>
                            <row>
                              <cell id="{a2d007b9-ce67-5cdb-625c-6322d434e2ec}" showlabel="true" locklevel="0" visible="false" ordinalvalue="10006" solutionaction="Modified">
                                <labels>
                                  <label description="Task" languagecode="1033" solutionaction="Added" />
                                </labels>
                              </cell>
                            </row>
                            <row>
                              <cell id="{e88253c3-3d12-b230-98d2-c914dd44a78a}" showlabel="true" locklevel="0" visible="false" ordinalvalue="10007" solutionaction="Modified">
                                <labels>
                                  <label description="Case" languagecode="1033" solutionaction="Added" />
                                </labels>
                              </cell>
                            </row>
                            <row>
                              <cell id="{8587ce9b-a131-1614-ea92-8936ed3429cb}" showlabel="true" locklevel="0" visible="false" ordinalvalue="10008" solutionaction="Modified">
                                <labels>
                                  <label description="Customer" languagecode="1033" solutionaction="Added" />
                                </labels>
                              </cell>
                            </row>
                            <row>
                              <cell id="{59f6bb5e-3257-4e56-bd0f-c7f39cddaf01}" locklevel="0" colspan="1" rowspan="1" visible="false" ordinalvalue="10000" solutionaction="Added">
                                <labels>
                                  <label description="Application" languagecode="1033" />
                                </labels>
                                <control id="ecer_applicationid" classid="{270BD3DB-D9AF-4782-9025-509E298DEC0A}" datafieldname="ecer_applicationid" disabled="true" />
                              </cell>
                            </row>
                            <row>
                              <cell id="{b0dc0ed1-f14a-45fc-b9c5-6514714cc017}" locklevel="0" colspan="1" rowspan="1" visible="false" ordinalvalue="10009" solutionaction="Added">
                                <labels>
                                  <label description="Investigation" languagecode="1033" />
                                </labels>
                                <control id="ecer_investigationid" classid="{270BD3DB-D9AF-4782-9025-509E298DEC0A}" datafieldname="ecer_investigationid" disabled="true" />
                              </cell>
                            </row>
                            <row>
                              <cell id="{87c9a258-1235-446e-aded-1f013ab6e17c}" locklevel="0" colspan="1" rowspan="1" visible="false" ordinalvalue="10010" solutionaction="Added">
                                <labels>
                                  <label description="Investigation Interview" languagecode="1033" />
                                </labels>
                                <control id="ecer_investigationinterviewid" classid="{270BD3DB-D9AF-4782-9025-509E298DEC0A}" datafieldname="ecer_investigationinterviewid" disabled="true" />
                              </cell>
                            </row>
                            <row>
                              <cell id="{61982199-6c36-4c2c-89fb-7fd06ab05d52}" locklevel="0" colspan="1" rowspan="1" visible="false" ordinalvalue="10011" solutionaction="Added">
                                <labels>
                                  <label description="Communication" languagecode="1033" />
                                </labels>
                                <control id="ecer_communicationid" classid="{270BD3DB-D9AF-4782-9025-509E298DEC0A}" datafieldname="ecer_communicationid" disabled="true" />
                              </cell>
                            </row>
                            <row>
                              <cell id="{3aeff434-3ff8-45a9-940a-50dd679ed84d}" locklevel="0" colspan="1" rowspan="1" visible="false" ordinalvalue="10012" solutionaction="Added">
                                <labels>
                                  <label description="Professional Development" languagecode="1033" />
                                </labels>
                                <control id="ecer_professionaldevelopmentid" classid="{270BD3DB-D9AF-4782-9025-509E298DEC0A}" datafieldname="ecer_professionaldevelopmentid" disabled="true" />
                              </cell>
                            </row>
                            <row>
                              <cell id="{6da3c7ac-867e-4aee-8017-b85689c06936}" locklevel="0" colspan="1" rowspan="1" visible="false" ordinalvalue="10013" solutionaction="Added">
                                <labels>
                                  <label description="Certificate" languagecode="1033" />
                                </labels>
                                <control id="ecer_certificateid" classid="{270BD3DB-D9AF-4782-9025-509E298DEC0A}" datafieldname="ecer_certificateid" disabled="true" />
                              </cell>
                            </row>
                            <row>
                              <cell id="{c303b70a-590b-4039-8fe1-3f2f875de434}" locklevel="0" colspan="1" rowspan="1" visible="false" ordinalvalue="10014" solutionaction="Added">
                                <labels>
                                  <label description="Previous Name" languagecode="1033" />
                                </labels>
                                <control id="ecer_previousnameid" classid="{270BD3DB-D9AF-4782-9025-509E298DEC0A}" datafieldname="ecer_previousnameid" disabled="true" />
                              </cell>
                            </row>
                            <row>
                              <cell id="{3f7f1e07-30fe-493e-8396-a5f7a4695fe8}" locklevel="0" colspan="1" rowspan="1" visible="false" ordinalvalue="10015" solutionaction="Added">
                                <labels>
                                  <label description="PSP Site Visit" languagecode="1033" />
                                </labels>
                                <control id="ecer_pspsitevisitid" classid="{270BD3DB-D9AF-4782-9025-509E298DEC0A}" datafieldname="ecer_pspsitevisitid" disabled="true" />
                              </cell>
                            </row>
                            <row>
                              <cell id="{9bd34a4b-c374-42de-a678-e830a97dbfe0}" locklevel="0" colspan="1" rowspan="1" visible="false" ordinalvalue="10016" solutionaction="Added">
                                <labels>
                                  <label description="Program Application" languagecode="1033" />
                                </labels>
                                <control id="ecer_programapplicationid" classid="{270BD3DB-D9AF-4782-9025-509E298DEC0A}" datafieldname="ecer_programapplicationid" disabled="true">
                                  <parameters>
                                    <DisableMru>false</DisableMru>
                                  </parameters>
                                </control>
                              </cell>
                            </row>
                            <row>
                              <cell id="{4d27db43-887b-b196-d0cc-d94924dda78c}" showlabel="true" locklevel="0" visible="false" ordinalvalue="10017" solutionaction="Added">
                                <labels>
                                  <label description="Program Profile" languagecode="1033" />
                                </labels>
                                <control id="ecer_programprofileid" classid="{270BD3DB-D9AF-4782-9025-509E298DEC0A}" datafieldname="ecer_programprofileid" disabled="true" uniqueid="{8e2621d6-a7ac-4bd5-6d26-5707b4758981}">
                                  <parameters>
                                    <AutoResolve>true</AutoResolve>
                                    <DisableMru>false</DisableMru>
                                    <DisableQuickFind>false</DisableQuickFind>
                                    <DisableViewPicker>false</DisableViewPicker>
                                    <DefaultViewId>{88E10C42-B9E8-42E2-973E-FDD1E0BD683D}</DefaultViewId>
                                    <AllowFilterOff>false</AllowFilterOff>
                                  </parameters>
                                </control>
                              </cell>
                            </row>
                          </rows>
                        </section>
                      </sections>
                    </column>
                  </columns>
                </tab>
              </tabs>
              <header id="{ee5ed033-e685-4ee2-81e1-01aca980aed1}" columns="111">
                <rows>
                  <row>
                    <cell id="{448d93ea-c3cc-1a67-89e8-68ac81bcda70}" showlabel="true" locklevel="0" visible="false" ordinalvalue="20001" solutionaction="Modified">
                      <labels>
                        <label description="Case" languagecode="1033" solutionaction="Added" />
                      </labels>
                    </cell>
                    <cell id="{7395a186-392a-8933-06e9-411dc56bd769}" showlabel="true" locklevel="0" ordinalvalue="30002">
                      <labels>
                        <label description="Status Reason" languagecode="1033" solutionaction="Added" />
                      </labels>
                    </cell>
                  </row>
                </rows>
              </header>
              <footer id="{ed324c78-3697-4c90-bb45-1e9cec8d3efe}" columns="1111" labelwidth="250" celllabelalignment="Left" celllabelposition="Left">
                <rows>
                  <row>
                    <cell id="{1171530e-d265-b628-848b-53725885264d}" showlabel="true" locklevel="0" ordinalvalue="10000">
                      <labels>
                        <label description="Created By" languagecode="1033" solutionaction="Added" />
                      </labels>
                    </cell>
                    <cell id="{aa92be23-001c-1566-8609-7a94517a1ca7}" showlabel="true" locklevel="0" ordinalvalue="20001">
                      <labels>
                        <label description="Created On" languagecode="1033" solutionaction="Added" />
                      </labels>
                    </cell>
                    <cell id="{045abc6b-1be7-a995-cb5b-b416a3c0aa31}" showlabel="true" locklevel="0" ordinalvalue="30002">
                      <labels>
                        <label description="Modified By" languagecode="1033" solutionaction="Added" />
                      </labels>
                    </cell>
                    <cell id="{ba002ac6-b27e-a9d3-24a2-cd3b276dceb1}" showlabel="true" locklevel="0" ordinalvalue="40003">
                      <labels>
                        <label description="Modified On" languagecode="1033" solutionaction="Added" />
                      </labels>
                    </cell>
                  </row>
                </rows>
              </footer>
              <DisplayConditions Order="0" FallbackForm="true" solutionaction="Added">
                <Everyone />
              </DisplayConditions>
            </form>
            <LocalizedNames>
              <LocalizedName description="ECER - Document Url Main Form" languagecode="1033" />
            </LocalizedNames>
            <Descriptions>
              <Description description="A form for this entity." languagecode="1033" />
            </Descriptions>
          </systemform>
        </forms>
      </FormXml>
      <RibbonDiffXml>
        <CustomActions />
        <Templates>
          <RibbonTemplates Id="Mscrm.Templates"></RibbonTemplates>
        </Templates>
        <CommandDefinitions />
        <RuleDefinitions>
          <TabDisplayRules />
          <DisplayRules />
          <EnableRules />
        </RuleDefinitions>
        <LocLabels />
      </RibbonDiffXml>
    </Entity>
  </Entities>
  <Roles></Roles>
  <Workflows></Workflows>
  <FieldSecurityProfiles></FieldSecurityProfiles>
  <Templates />
  <EntityMaps />
  <EntityRelationships />
  <OrganizationSettings />
  <optionsets />
  <CustomControls />
  <EntityDataProviders />
  <Languages>
    <Language>1033</Language>
  </Languages>
</ImportExportXml>