<ImportExportXml xmlns:xsi="http://www.w3.org/2001/XMLSchema-instance" OrganizationVersion="9.2.25071.164" OrganizationSchemaType="Full" CRMServerServiceabilityVersion="9.2.25071.00164">
  <Entities>
    <Entity>
      <Name LocalizedName="Course" OriginalName="Course">ecer_Course</Name>
      <EntityInfo>
        <entity Name="ecer_Course">
          <attributes>
            <attribute PhysicalName="ecer_Name">
              <Type>nvarchar</Type>
              <Name>ecer_name</Name>
              <LogicalName>ecer_name</LogicalName>
              <RequiredLevel>recommended</RequiredLevel>
              <DisplayMask>PrimaryName|ValidForAdvancedFind|ValidForForm|ValidForGrid|RequiredForForm</DisplayMask>
              <ImeMode>auto</ImeMode>
              <ValidForUpdateApi>1</ValidForUpdateApi>
              <ValidForReadApi>1</ValidForReadApi>
              <ValidForCreateApi>1</ValidForCreateApi>
              <IsCustomField>1</IsCustomField>
              <IsAuditEnabled>1</IsAuditEnabled>
              <IsSecured>0</IsSecured>
              <IntroducedVersion>1.0</IntroducedVersion>
              <IsCustomizable>1</IsCustomizable>
              <IsRenameable>1</IsRenameable>
              <CanModifySearchSettings>1</CanModifySearchSettings>
              <CanModifyRequirementLevelSettings>1</CanModifyRequirementLevelSettings>
              <CanModifyAdditionalSettings>1</CanModifyAdditionalSettings>
              <SourceType>0</SourceType>
              <IsGlobalFilterEnabled>0</IsGlobalFilterEnabled>
              <IsSortableEnabled>0</IsSortableEnabled>
              <CanModifyGlobalFilterSettings>1</CanModifyGlobalFilterSettings>
              <CanModifyIsSortableSettings>1</CanModifyIsSortableSettings>
              <IsDataSourceSecret>0</IsDataSourceSecret>
              <AutoNumberFormat></AutoNumberFormat>
              <IsSearchable>1</IsSearchable>
              <IsFilterable>0</IsFilterable>
              <IsRetrievable>1</IsRetrievable>
              <IsLocalizable>0</IsLocalizable>
              <Format>text</Format>
              <MaxLength>500</MaxLength>
              <Length>1000</Length>
              <displaynames>
                <displayname description="Name" languagecode="1033" />
              </displaynames>
              <Descriptions>
                <Description description="" languagecode="1033" />
              </Descriptions>
            </attribute>
          </attributes>
        </entity>
      </EntityInfo>
      <SavedQueries>
        <savedqueries>
          <savedquery>
            <IsCustomizable>1</IsCustomizable>
            <CanBeDeleted>0</CanBeDeleted>
            <isquickfindquery>0</isquickfindquery>
            <isprivate>0</isprivate>
            <isdefault>1</isdefault>
            <savedqueryid>{7abccb79-7767-4ddb-8fd2-a60f8cb206e2}</savedqueryid>
            <layoutxml>
              <grid name="resultset" jump="ecer_name" select="1" icon="1" preview="1">
                <row name="result" id="ecer_courseid">
                  <cell name="ecer_name" width="300" />
                  <cell name="ecer_programareas" width="300" />
                  <cell name="ecer_coursename" width="300" imageproviderfunctionname="" imageproviderwebresource="$webresource:" />
                  <cell name="ecer_code" width="100" />
                  <cell name="ecer_coursehourdecimal" width="100" />
                </row>
              </grid>
            </layoutxml>
            <querytype>0</querytype>
            <fetchxml>
              <fetch version="1.0" mapping="logical">
                <entity name="ecer_course">
                  <filter type="and">
                    <condition attribute="statecode" operator="eq" value="0" />
                  </filter>
                  <attribute name="ecer_code" />
                  <attribute name="ecer_coursename" />
                  <order attribute="ecer_code" descending="false" />
                  <attribute name="ecer_courseid" />
                  <attribute name="ecer_coursehourdecimal" />
                  <attribute name="ecer_programareas" />
                  <attribute name="ecer_name" />
                </entity>
              </fetch>
            </fetchxml>
            <IntroducedVersion>1.0</IntroducedVersion>
            <LocalizedNames>
              <LocalizedName description="Active Courses" languagecode="1033" />
            </LocalizedNames>
          </savedquery>
          <savedquery>
            <IsCustomizable>1</IsCustomizable>
            <CanBeDeleted>1</CanBeDeleted>
            <isquickfindquery>0</isquickfindquery>
            <isprivate>0</isprivate>
            <isdefault>0</isdefault>
            <savedqueryid>{2206684d-8714-ef11-9f8a-000d3af4a207}</savedqueryid>
            <layoutxml>
              <grid name="resultset" jump="ecer_name" select="1" icon="1" preview="1">
                <row name="result" id="ecer_courseid">
                  <cell name="ecer_name" width="300" />
                  <cell name="ecer_programareas" width="300" />
                  <cell name="ecer_coursename" width="300" imageproviderfunctionname="" imageproviderwebresource="$webresource:" />
                  <cell name="ecer_code" width="100" />
                  <cell name="ecer_coursehourdecimal" width="100" />
                </row>
              </grid>
            </layoutxml>
            <querytype>0</querytype>
            <fetchxml>
              <fetch version="1.0" mapping="logical" distinct="true">
                <entity name="ecer_course">
                  <attribute name="ecer_code" />
                  <attribute name="ecer_coursename" />
                  <order attribute="ecer_code" descending="false" />
                  <attribute name="ecer_courseid" />
                  <filter type="and">
                    <condition attribute="statecode" operator="eq" value="0" />
                    <condition attribute="ecer_programtype" operator="eq" value="621870000" />
                  </filter>
                  <attribute name="ecer_coursehourdecimal" />
                  <attribute name="ecer_programareas" />
                  <attribute name="ecer_name" />
                </entity>
              </fetch>
            </fetchxml>
            <IntroducedVersion>1.0.0.30</IntroducedVersion>
            <LocalizedNames>
              <LocalizedName description="Basic Program Curriculum" languagecode="1033" />
            </LocalizedNames>
          </savedquery>
          <savedquery>
            <IsCustomizable>1</IsCustomizable>
            <CanBeDeleted>1</CanBeDeleted>
            <isquickfindquery>0</isquickfindquery>
            <isprivate>0</isprivate>
            <isdefault>0</isdefault>
            <savedqueryid>{d1772033-8a14-ef11-9f89-000d3af46033}</savedqueryid>
            <layoutxml>
              <grid name="resultset" jump="ecer_name" select="1" icon="1" preview="1">
                <row name="result" id="ecer_courseid">
                  <cell name="ecer_name" width="300" />
                  <cell name="ecer_programareas" width="300" />
                  <cell name="ecer_coursename" width="300" imageproviderfunctionname="" imageproviderwebresource="$webresource:" />
                  <cell name="ecer_code" width="100" />
                  <cell name="ecer_coursehourdecimal" width="100" />
                </row>
              </grid>
            </layoutxml>
            <querytype>0</querytype>
            <fetchxml>
              <fetch version="1.0" mapping="logical" distinct="true">
                <entity name="ecer_course">
                  <attribute name="ecer_code" />
                  <attribute name="ecer_coursename" />
                  <order attribute="ecer_code" descending="false" />
                  <attribute name="ecer_courseid" />
                  <filter type="and">
                    <condition attribute="statecode" operator="eq" value="0" />
                    <condition attribute="ecer_programtype" operator="eq" value="621870001" />
                  </filter>
                  <attribute name="ecer_coursehourdecimal" />
                  <attribute name="ecer_programareas" />
                  <attribute name="ecer_name" />
                </entity>
              </fetch>
            </fetchxml>
            <IntroducedVersion>1.0.0.30</IntroducedVersion>
            <LocalizedNames>
              <LocalizedName description="ITE Program Curriculum" languagecode="1033" />
            </LocalizedNames>
          </savedquery>
          <savedquery>
            <IsCustomizable>1</IsCustomizable>
            <CanBeDeleted>1</CanBeDeleted>
            <isquickfindquery>0</isquickfindquery>
            <isprivate>0</isprivate>
            <isdefault>0</isdefault>
            <savedqueryid>{d25be90b-8814-ef11-9f8a-000d3af4a207}</savedqueryid>
            <layoutxml>
              <grid name="resultset" jump="ecer_name" select="1" icon="1" preview="1">
                <row name="result" id="ecer_courseid">
                  <cell name="ecer_name" width="300" />
                  <cell name="ecer_programareas" width="300" />
                  <cell name="ecer_coursename" width="300" imageproviderfunctionname="" imageproviderwebresource="$webresource:" />
                  <cell name="ecer_code" width="100" />
                  <cell name="ecer_coursehourdecimal" width="100" />
                </row>
              </grid>
            </layoutxml>
            <querytype>0</querytype>
            <fetchxml>
              <fetch version="1.0" mapping="logical" distinct="true">
                <entity name="ecer_course">
                  <attribute name="ecer_code" />
                  <attribute name="ecer_coursename" />
                  <order attribute="ecer_code" descending="false" />
                  <attribute name="ecer_courseid" />
                  <filter type="and">
                    <condition attribute="statecode" operator="eq" value="0" />
                    <condition attribute="ecer_programtype" operator="eq" value="621870002" />
                  </filter>
                  <attribute name="ecer_coursehourdecimal" />
                  <attribute name="ecer_programareas" />
                  <attribute name="ecer_name" />
                </entity>
              </fetch>
            </fetchxml>
            <IntroducedVersion>1.0.0.30</IntroducedVersion>
            <LocalizedNames>
              <LocalizedName description="SNE Program Curriculum" languagecode="1033" />
            </LocalizedNames>
          </savedquery>
        </savedqueries>
      </SavedQueries>
      <RibbonDiffXml>
        <CustomActions>
          <HideCustomAction HideActionId="ecer.Mscrm.SubGrid.ecer_course.AddExistingAssoc.Hide" Location="Mscrm.SubGrid.ecer_course.AddExistingAssoc" />
          <HideCustomAction HideActionId="ecer.Mscrm.SubGrid.ecer_course.AddExistingStandard.Hide" Location="Mscrm.SubGrid.ecer_course.AddExistingStandard" />
        </CustomActions>
        <Templates>
          <RibbonTemplates Id="Mscrm.Templates"></RibbonTemplates>
        </Templates>
        <CommandDefinitions />
        <RuleDefinitions>
          <TabDisplayRules />
          <DisplayRules />
          <EnableRules />
        </RuleDefinitions>
        <LocLabels />
      </RibbonDiffXml>
    </Entity>
    <Entity>
      <Name LocalizedName="PSP Interview" OriginalName="PSP Interview">ecer_PostSecondaryInstituteInterview</Name>
      <EntityInfo>
        <entity Name="ecer_PostSecondaryInstituteInterview">
          <attributes>
            <attribute PhysicalName="ecer_Name">
              <Type>nvarchar</Type>
              <Name>ecer_name</Name>
              <LogicalName>ecer_name</LogicalName>
              <RequiredLevel>none</RequiredLevel>
              <DisplayMask>PrimaryName|ValidForAdvancedFind|ValidForForm|ValidForGrid|RequiredForForm</DisplayMask>
              <ImeMode>auto</ImeMode>
              <ValidForUpdateApi>1</ValidForUpdateApi>
              <ValidForReadApi>1</ValidForReadApi>
              <ValidForCreateApi>1</ValidForCreateApi>
              <IsCustomField>1</IsCustomField>
              <IsAuditEnabled>1</IsAuditEnabled>
              <IsSecured>0</IsSecured>
              <IntroducedVersion>1.0</IntroducedVersion>
              <IsCustomizable>1</IsCustomizable>
              <IsRenameable>1</IsRenameable>
              <CanModifySearchSettings>1</CanModifySearchSettings>
              <CanModifyRequirementLevelSettings>1</CanModifyRequirementLevelSettings>
              <CanModifyAdditionalSettings>1</CanModifyAdditionalSettings>
              <SourceType>0</SourceType>
              <IsGlobalFilterEnabled>0</IsGlobalFilterEnabled>
              <IsSortableEnabled>0</IsSortableEnabled>
              <CanModifyGlobalFilterSettings>1</CanModifyGlobalFilterSettings>
              <CanModifyIsSortableSettings>1</CanModifyIsSortableSettings>
              <IsDataSourceSecret>0</IsDataSourceSecret>
              <AutoNumberFormat></AutoNumberFormat>
              <IsSearchable>1</IsSearchable>
              <IsFilterable>0</IsFilterable>
              <IsRetrievable>1</IsRetrievable>
              <IsLocalizable>0</IsLocalizable>
              <Format>text</Format>
              <MaxLength>100</MaxLength>
              <Length>200</Length>
              <displaynames>
                <displayname description="Name" languagecode="1033" />
              </displaynames>
              <Descriptions>
                <Description description="" languagecode="1033" />
              </Descriptions>
            </attribute>
          </attributes>
        </entity>
      </EntityInfo>
      <SavedQueries>
        <savedqueries>
          <savedquery>
            <IsCustomizable>1</IsCustomizable>
            <CanBeDeleted>0</CanBeDeleted>
            <isquickfindquery>0</isquickfindquery>
            <isprivate>0</isprivate>
            <isdefault>1</isdefault>
            <savedqueryid>{f3814979-48a0-46d4-b09a-669e21ca1b36}</savedqueryid>
            <layoutxml>
              <grid name="resultset" jump="ecer_name" select="1" icon="1" preview="1">
                <row name="result" id="ecer_postsecondaryinstituteinterviewid">
                  <cell name="ecer_name" width="300" />
                  <cell name="ecer_firstname" width="100" />
                  <cell name="ecer_lastname" width="100" />
                  <cell name="ecer_intervieweetype" width="100" />
                  <cell name="ecer_emailaddress" width="100" />
                  <cell name="ecer_phonenumber" width="100" />
                  <cell name="ecer_interviewdatetime" width="100" />
                  <cell name="statuscode" width="100" />
                </row>
              </grid>
            </layoutxml>
            <querytype>0</querytype>
            <fetchxml>
              <fetch version="1.0" mapping="logical">
                <entity name="ecer_postsecondaryinstituteinterview">
                  <order attribute="ecer_emailaddress" descending="false" />
                  <filter type="and">
                    <condition attribute="statecode" operator="eq" value="0" />
                  </filter>
                  <attribute name="statuscode" />
                  <attribute name="ecer_phonenumber" />
                  <attribute name="ecer_lastname" />
                  <attribute name="ecer_intervieweetype" />
                  <attribute name="ecer_interviewdatetime" />
                  <attribute name="ecer_firstname" />
                  <attribute name="ecer_emailaddress" />
                  <attribute name="ecer_postsecondaryinstituteinterviewid" />
                  <attribute name="ecer_name" />
                </entity>
              </fetch>
            </fetchxml>
            <IntroducedVersion>1.0</IntroducedVersion>
            <LocalizedNames>
              <LocalizedName description="Active Post Secondary Institute Interviews" languagecode="1033" />
            </LocalizedNames>
          </savedquery>
        </savedqueries>
      </SavedQueries>
      <RibbonDiffXml>
        <CustomActions>
          <HideCustomAction HideActionId="ecer.Mscrm.SubGrid.ecer_postsecondaryinstituteinterview.AddExistingAssoc.Hide" Location="Mscrm.SubGrid.ecer_postsecondaryinstituteinterview.AddExistingAssoc" />
          <HideCustomAction HideActionId="ecer.Mscrm.SubGrid.ecer_postsecondaryinstituteinterview.AddExistingStandard.Hide" Location="Mscrm.SubGrid.ecer_postsecondaryinstituteinterview.AddExistingStandard" />
        </CustomActions>
        <Templates>
          <RibbonTemplates Id="Mscrm.Templates"></RibbonTemplates>
        </Templates>
        <CommandDefinitions />
        <RuleDefinitions>
          <TabDisplayRules />
          <DisplayRules />
          <EnableRules />
        </RuleDefinitions>
        <LocLabels />
      </RibbonDiffXml>
    </Entity>
    <Entity>
      <Name LocalizedName="Program Application" OriginalName="Program Application">ecer_PostSecondaryInstituteProgramApplicaiton</Name>
      <EntityInfo>
        <entity Name="ecer_PostSecondaryInstituteProgramApplicaiton">
          <attributes />
        </entity>
      </EntityInfo>
      <SavedQueries>
        <savedqueries>
          <savedquery>
            <IsCustomizable>1</IsCustomizable>
            <CanBeDeleted>0</CanBeDeleted>
            <isquickfindquery>0</isquickfindquery>
            <isprivate>0</isprivate>
            <isdefault>1</isdefault>
            <savedqueryid>{616776f3-fcd5-4b6f-9c1c-c6bcf393db61}</savedqueryid>
            <layoutxml>
              <grid name="resultset" jump="ecer_name" select="1" icon="1" preview="1">
                <row name="result" id="ecer_postsecondaryinstituteprogramapplicaitonid">
                  <cell name="ecer_name" width="300" />
                  <cell name="ecer_postsecondaryinstitute" width="200" imageproviderfunctionname="" imageproviderwebresource="$webresource:" />
                  <cell name="ecer_applicationtype" width="125" imageproviderfunctionname="" imageproviderwebresource="$webresource:" />
                  <cell name="ecer_provincialcertificationtypeoffered" width="150" imageproviderfunctionname="" imageproviderwebresource="$webresource:" />
                  <cell name="ecer_deliverytype" width="121" />
                  <cell name="ecer_campusid" width="125" imageproviderfunctionname="" imageproviderwebresource="$webresource:" />
                  <cell name="ecer_dateofapplication" width="152" />
                  <cell name="statuscode" width="119" />
                  <cell name="ownerid" width="100" />
                  <cell name="createdon" width="125" />
                </row>
              </grid>
            </layoutxml>
            <querytype>0</querytype>
            <fetchxml>
              <fetch version="1.0" mapping="logical">
                <entity name="ecer_postsecondaryinstituteprogramapplicaiton">
                  <attribute name="createdon" />
                  <filter type="and">
                    <condition attribute="statecode" operator="eq" value="0" />
                  </filter>
                  <attribute name="statuscode" />
                  <attribute name="ecer_dateofapplication" />
                  <attribute name="ecer_provincialcertificationtypeoffered" />
                  <attribute name="ecer_deliverytype" />
                  <attribute name="ownerid" />
                  <order attribute="createdon" descending="true" />
                  <attribute name="ecer_postsecondaryinstitute" />
                  <attribute name="ecer_campusid" />
                  <attribute name="ecer_applicationtype" />
                  <attribute name="ecer_postsecondaryinstituteprogramapplicaitonid" />
                  <attribute name="ecer_name" />
                </entity>
              </fetch>
            </fetchxml>
            <IntroducedVersion>1.0</IntroducedVersion>
            <LocalizedNames>
              <LocalizedName description="Active Program Applications" languagecode="1033" />
            </LocalizedNames>
          </savedquery>
          <savedquery>
            <IsCustomizable>1</IsCustomizable>
            <CanBeDeleted>1</CanBeDeleted>
            <isquickfindquery>0</isquickfindquery>
            <isprivate>0</isprivate>
            <isdefault>1</isdefault>
            <savedqueryid>{87691d91-85e8-ee11-a203-000d3af4645f}</savedqueryid>
            <querytype>8192</querytype>
            <fetchxml>
              <fetch version="1.0" mapping="logical" output-format="xml-platform">
                <entity name="ecer_postsecondaryinstituteprogramapplicaiton">
                  <attribute name="ecer_postsecondaryinstituteprogramapplicaitonid" />
                  <filter type="and">
                    <condition attribute="statecode" operator="eq" value="0" />
                    <condition attribute="ownerid" operator="eq-userid" />
                  </filter>
                </entity>
              </fetch>
            </fetchxml>
            <IntroducedVersion>1.0</IntroducedVersion>
            <LocalizedNames>
              <LocalizedName description="My Post Secondary Institute Program Applicaitons" languagecode="1033" />
            </LocalizedNames>
            <Descriptions>
              <Description description="Active Post Secondary Institute Program Applicaitons owned by me" languagecode="1033" />
            </Descriptions>
          </savedquery>
          <savedquery>
            <IsCustomizable>1</IsCustomizable>
            <CanBeDeleted>1</CanBeDeleted>
            <isquickfindquery>0</isquickfindquery>
            <isprivate>0</isprivate>
            <isdefault>0</isdefault>
            <savedqueryid>{f2f56c84-8048-ef11-acce-000d3af4a207}</savedqueryid>
            <layoutxml>
              <grid name="resultset" jump="ecer_name" select="1" icon="1" preview="1">
                <row name="result" id="ecer_postsecondaryinstituteprogramapplicaitonid">
                  <cell name="ecer_name" width="300" />
                  <cell name="ecer_postsecondaryinstitute" width="200" imageproviderfunctionname="" imageproviderwebresource="$webresource:" />
                  <cell name="ecer_applicationtype" width="125" imageproviderfunctionname="" imageproviderwebresource="$webresource:" />
                  <cell name="ecer_provincialcertificationtypeoffered" width="150" imageproviderfunctionname="" imageproviderwebresource="$webresource:" />
                  <cell name="ecer_deliverytype" width="121" />
                  <cell name="ecer_campusid" width="125" imageproviderfunctionname="" imageproviderwebresource="$webresource:" />
                  <cell name="ecer_dateofapplication" width="152" />
                  <cell name="statuscode" width="119" />
                  <cell name="ownerid" width="100" />
                  <cell name="createdon" width="125" />
                </row>
              </grid>
            </layoutxml>
            <querytype>0</querytype>
            <fetchxml>
              <fetch version="1.0" mapping="logical" distinct="true">
                <entity name="ecer_postsecondaryinstituteprogramapplicaiton">
                  <attribute name="createdon" />
                  <attribute name="statuscode" />
                  <attribute name="ecer_dateofapplication" />
                  <attribute name="ecer_provincialcertificationtypeoffered" />
                  <attribute name="ecer_deliverytype" />
                  <attribute name="ownerid" />
                  <order attribute="createdon" descending="true" />
                  <attribute name="ecer_postsecondaryinstitute" />
                  <attribute name="ecer_campusid" />
                  <attribute name="ecer_applicationtype" />
                  <attribute name="ecer_postsecondaryinstituteprogramapplicaitonid" />
                  <filter type="and">
                    <condition attribute="statecode" operator="eq" value="0" />
                    <condition attribute="ownerid" operator="eq-userid" />
                  </filter>
                  <attribute name="ecer_name" />
                </entity>
              </fetch>
            </fetchxml>
            <IntroducedVersion>1.0.0.47</IntroducedVersion>
            <LocalizedNames>
              <LocalizedName description="My Program Applications" languagecode="1033" />
            </LocalizedNames>
          </savedquery>
          <savedquery>
            <IsCustomizable>1</IsCustomizable>
            <CanBeDeleted>1</CanBeDeleted>
            <isquickfindquery>0</isquickfindquery>
            <isprivate>0</isprivate>
            <isdefault>0</isdefault>
            <savedqueryid>{9ea3c256-1b49-ef11-accd-6045bdcd6cb0}</savedqueryid>
            <layoutxml>
              <grid name="resultset" jump="ecer_name" select="1" icon="1" preview="1">
                <row name="result" id="ecer_postsecondaryinstituteprogramapplicaitonid">
                  <cell name="ecer_name" width="300" />
                  <cell name="ecer_postsecondaryinstitute" width="200" imageproviderfunctionname="" imageproviderwebresource="$webresource:" />
                  <cell name="ecer_applicationtype" width="125" imageproviderfunctionname="" imageproviderwebresource="$webresource:" />
                  <cell name="ecer_provincialcertificationtypeoffered" width="150" imageproviderfunctionname="" imageproviderwebresource="$webresource:" />
                  <cell name="ecer_deliverytype" width="121" />
                  <cell name="ecer_campusid" width="125" imageproviderfunctionname="" imageproviderwebresource="$webresource:" />
                  <cell name="ecer_dateofapplication" width="152" />
                  <cell name="statuscode" width="119" />
                  <cell name="ownerid" width="100" />
                  <cell name="createdon" width="125" />
                </row>
              </grid>
            </layoutxml>
            <querytype>0</querytype>
            <fetchxml>
              <fetch version="1.0" mapping="logical" distinct="true">
                <entity name="ecer_postsecondaryinstituteprogramapplicaiton">
                  <attribute name="createdon" />
                  <attribute name="statuscode" />
                  <attribute name="ecer_dateofapplication" />
                  <attribute name="ecer_provincialcertificationtypeoffered" />
                  <attribute name="ecer_deliverytype" />
                  <attribute name="ownerid" />
                  <order attribute="createdon" descending="true" />
                  <attribute name="ecer_postsecondaryinstitute" />
                  <attribute name="ecer_campusid" />
                  <attribute name="ecer_applicationtype" />
                  <attribute name="ecer_postsecondaryinstituteprogramapplicaitonid" />
                  <filter type="and">
                    <condition attribute="statuscode" operator="eq" value="621870009" />
                    <condition attribute="ownerid" operator="eq" value="{6346df90-b9b0-ee11-a569-000d3af4f18a}" uiname="Program Analyst Team" uitype="team" />
                  </filter>
                  <attribute name="ecer_name" />
                </entity>
              </fetch>
            </fetchxml>
            <IntroducedVersion>1.0.0.47</IntroducedVersion>
            <LocalizedNames>
              <LocalizedName description="New Submitted Program Applications" languagecode="1033" />
            </LocalizedNames>
          </savedquery>
          <savedquery>
            <IsCustomizable>1</IsCustomizable>
            <CanBeDeleted>1</CanBeDeleted>
            <isquickfindquery>0</isquickfindquery>
            <isprivate>0</isprivate>
            <isdefault>0</isdefault>
            <savedqueryid>{b992c349-0a13-ef11-9f89-6045bdf9ed54}</savedqueryid>
            <layoutxml>
              <grid name="resultset" jump="ecer_name" select="1" icon="1" preview="1">
                <row name="result" id="ecer_postsecondaryinstituteprogramapplicaitonid">
                  <cell name="ecer_name" width="300" />
                  <cell name="ecer_applicationtype" width="150" imageproviderfunctionname="" imageproviderwebresource="$webresource:" />
                  <cell name="ecer_provincialcertificationtypeoffered" width="154" />
                  <cell name="ecer_deliverytype" width="158" />
                  <cell name="ecer_campusid" width="170" />
                  <cell name="ecer_dateofapplication" width="125" imageproviderfunctionname="" imageproviderwebresource="$webresource:" />
                  <cell name="statuscode" width="204" />
                  <cell name="ecer_interimrecognitiondate" width="184" />
                  <cell name="ecer_ongoingrecognitiondate" width="196" />
                </row>
              </grid>
            </layoutxml>
            <querytype>0</querytype>
            <fetchxml>
              <fetch version="1.0" output-format="xml-platform" mapping="logical">
                <entity name="ecer_postsecondaryinstituteprogramapplicaiton">
                  <attribute name="ecer_provincialcertificationtypeoffered" />
                  <attribute name="ecer_deliverytype" />
                  <attribute name="ecer_campusid" />
                  <attribute name="statuscode" />
                  <attribute name="ecer_applicationtype" />
                  <attribute name="ecer_dateofapplication" />
                  <attribute name="ecer_postsecondaryinstituteprogramapplicaitonid" />
                  <attribute name="ecer_name" />
                  <attribute name="ecer_interimrecognitiondate" />
                  <attribute name="ecer_ongoingrecognitiondate" />
                </entity>
              </fetch>
            </fetchxml>
            <IntroducedVersion>1.0.0.30</IntroducedVersion>
            <LocalizedNames>
              <LocalizedName description="Program Application for Program Profile View" languagecode="1033" />
            </LocalizedNames>
            <Descriptions>
              <Description description="Program Application public view for Program Profile subgrid" languagecode="1033" />
            </Descriptions>
          </savedquery>
          <savedquery>
            <IsCustomizable>1</IsCustomizable>
            <CanBeDeleted>1</CanBeDeleted>
            <isquickfindquery>0</isquickfindquery>
            <isprivate>0</isprivate>
            <isdefault>0</isdefault>
            <savedqueryid>{1f7aa41e-d749-ef11-accd-6045bdcd4f9d}</savedqueryid>
            <layoutxml>
              <grid name="resultset" jump="ecer_name" select="1" icon="1" preview="1">
                <row name="result" id="ecer_postsecondaryinstituteprogramapplicaitonid">
                  <cell name="ecer_name" width="300" />
                  <cell name="ecer_postsecondaryinstitute" width="200" imageproviderfunctionname="" imageproviderwebresource="$webresource:" />
                  <cell name="ecer_applicationtype" width="125" imageproviderfunctionname="" imageproviderwebresource="$webresource:" />
                  <cell name="ecer_provincialcertificationtypeoffered" width="150" imageproviderfunctionname="" imageproviderwebresource="$webresource:" />
                  <cell name="ecer_deliverytype" width="121" />
                  <cell name="ecer_campusid" width="125" imageproviderfunctionname="" imageproviderwebresource="$webresource:" />
                  <cell name="ecer_dateofapplication" width="152" />
                  <cell name="statuscode" width="119" />
                  <cell name="ownerid" width="100" />
                  <cell name="createdon" width="125" />
                </row>
              </grid>
            </layoutxml>
            <querytype>0</querytype>
            <fetchxml>
              <fetch version="1.0" output-format="xml-platform" mapping="logical" distinct="false">
                <entity name="ecer_postsecondaryinstituteprogramapplicaiton">
                  <attribute name="createdon" />
                  <attribute name="statuscode" />
                  <attribute name="ecer_dateofapplication" />
                  <attribute name="ecer_provincialcertificationtypeoffered" />
                  <attribute name="ecer_deliverytype" />
                  <attribute name="ownerid" />
                  <attribute name="ecer_postsecondaryinstitute" />
                  <attribute name="ecer_campusid" />
                  <attribute name="ecer_applicationtype" />
                  <order attribute="createdon" descending="true" />
                  <filter type="and">
                    <condition attribute="statuscode" operator="eq" value="621870001" />
                    <condition attribute="ownerid" operator="eq" uiname="ECE Program Coordinator Team" uitype="team" value="{af61ee64-b9b0-ee11-a569-000d3af4fd74}" />
                  </filter>
                  <attribute name="ecer_postsecondaryinstituteprogramapplicaitonid" />
                  <attribute name="ecer_name" />
                </entity>
              </fetch>
            </fetchxml>
            <IntroducedVersion>1.0.0.48</IntroducedVersion>
            <LocalizedNames>
              <LocalizedName description="Ready for Review Program Applications" languagecode="1033" />
            </LocalizedNames>
          </savedquery>
        </savedqueries>
      </SavedQueries>
      <RibbonDiffXml>
        <CustomActions>
          <HideCustomAction HideActionId="ecer.Mscrm.SubGrid.ecer_postsecondaryinstituteprogramapplicaiton.AddExistingAssoc.Hide" Location="Mscrm.SubGrid.ecer_postsecondaryinstituteprogramapplicaiton.AddExistingAssoc" />
          <HideCustomAction HideActionId="ecer.Mscrm.SubGrid.ecer_postsecondaryinstituteprogramapplicaiton.AddExistingStandard.Hide" Location="Mscrm.SubGrid.ecer_postsecondaryinstituteprogramapplicaiton.AddExistingStandard" />
        </CustomActions>
        <Templates>
          <RibbonTemplates Id="Mscrm.Templates"></RibbonTemplates>
        </Templates>
        <CommandDefinitions />
        <RuleDefinitions>
          <TabDisplayRules />
          <DisplayRules />
          <EnableRules />
        </RuleDefinitions>
        <LocLabels />
      </RibbonDiffXml>
    </Entity>
    <Entity>
      <Name LocalizedName="Site Visit" OriginalName="Site Visit">ecer_PostSecondaryInstituteSiteVisit</Name>
      <EntityInfo>
        <entity Name="ecer_PostSecondaryInstituteSiteVisit">
          <attributes>
            <attribute PhysicalName="ecer_Name">
              <Type>nvarchar</Type>
              <Name>ecer_name</Name>
              <LogicalName>ecer_name</LogicalName>
              <RequiredLevel>none</RequiredLevel>
              <DisplayMask>ActivityPointerRegardingName|PrimaryName|ValidForAdvancedFind|ValidForForm|ValidForGrid|RequiredForForm</DisplayMask>
              <ImeMode>auto</ImeMode>
              <ValidForUpdateApi>1</ValidForUpdateApi>
              <ValidForReadApi>1</ValidForReadApi>
              <ValidForCreateApi>1</ValidForCreateApi>
              <IsCustomField>1</IsCustomField>
              <IsAuditEnabled>1</IsAuditEnabled>
              <IsSecured>0</IsSecured>
              <IntroducedVersion>1.0</IntroducedVersion>
              <IsCustomizable>1</IsCustomizable>
              <IsRenameable>1</IsRenameable>
              <CanModifySearchSettings>1</CanModifySearchSettings>
              <CanModifyRequirementLevelSettings>1</CanModifyRequirementLevelSettings>
              <CanModifyAdditionalSettings>1</CanModifyAdditionalSettings>
              <SourceType>0</SourceType>
              <IsGlobalFilterEnabled>0</IsGlobalFilterEnabled>
              <IsSortableEnabled>0</IsSortableEnabled>
              <CanModifyGlobalFilterSettings>1</CanModifyGlobalFilterSettings>
              <CanModifyIsSortableSettings>1</CanModifyIsSortableSettings>
              <IsDataSourceSecret>0</IsDataSourceSecret>
              <AutoNumberFormat></AutoNumberFormat>
              <IsSearchable>1</IsSearchable>
              <IsFilterable>0</IsFilterable>
              <IsRetrievable>1</IsRetrievable>
              <IsLocalizable>0</IsLocalizable>
              <Format>text</Format>
              <MaxLength>500</MaxLength>
              <Length>1000</Length>
              <displaynames>
                <displayname description="Name" languagecode="1033" />
              </displaynames>
              <Descriptions>
                <Description description="" languagecode="1033" />
              </Descriptions>
            </attribute>
          </attributes>
        </entity>
      </EntityInfo>
      <SavedQueries>
        <savedqueries>
          <savedquery>
            <IsCustomizable>1</IsCustomizable>
            <CanBeDeleted>0</CanBeDeleted>
            <isquickfindquery>0</isquickfindquery>
            <isprivate>0</isprivate>
            <isdefault>1</isdefault>
            <savedqueryid>{2d600275-d01b-4966-b1dd-509bb7b350f0}</savedqueryid>
            <layoutxml>
              <grid name="resultset" jump="ecer_name" select="1" icon="1" preview="1">
                <row name="result" id="ecer_postsecondaryinstitutesitevisitid">
                  <cell name="ecer_name" width="300" />
                  <cell name="ecer_postsecondaryinstitution" width="216" />
                  <cell name="ecer_programapplication" width="158" />
                  <cell name="ecer_sitevisitdate" width="122" />
                  <cell name="ecer_type" width="123" />
                  <cell name="createdon" width="125" />
                </row>
              </grid>
            </layoutxml>
            <querytype>0</querytype>
            <fetchxml>
              <fetch version="1.0" mapping="logical">
                <entity name="ecer_postsecondaryinstitutesitevisit">
                  <attribute name="ecer_postsecondaryinstitutesitevisitid" />
                  <attribute name="createdon" />
                  <filter type="and">
                    <condition attribute="statecode" operator="eq" value="0" />
                  </filter>
                  <attribute name="ecer_postsecondaryinstitution" />
                  <attribute name="ecer_programapplication" />
                  <attribute name="ecer_sitevisitdate" />
                  <order attribute="createdon" descending="true" />
                  <attribute name="ecer_type" />
                  <attribute name="ecer_name" />
                </entity>
              </fetch>
            </fetchxml>
            <IntroducedVersion>1.0</IntroducedVersion>
            <LocalizedNames>
              <LocalizedName description="Active Site Visits" languagecode="1033" />
            </LocalizedNames>
          </savedquery>
        </savedqueries>
      </SavedQueries>
      <RibbonDiffXml>
        <CustomActions>
          <HideCustomAction HideActionId="ecer.Mscrm.SubGrid.ecer_postsecondaryinstitutesitevisit.AddExistingAssoc.Hide" Location="Mscrm.SubGrid.ecer_postsecondaryinstitutesitevisit.AddExistingAssoc" />
          <HideCustomAction HideActionId="ecer.Mscrm.SubGrid.ecer_postsecondaryinstitutesitevisit.AddExistingStandard.Hide" Location="Mscrm.SubGrid.ecer_postsecondaryinstitutesitevisit.AddExistingStandard" />
        </CustomActions>
        <Templates>
          <RibbonTemplates Id="Mscrm.Templates"></RibbonTemplates>
        </Templates>
        <CommandDefinitions />
        <RuleDefinitions>
          <TabDisplayRules />
          <DisplayRules />
          <EnableRules />
        </RuleDefinitions>
        <LocLabels />
      </RibbonDiffXml>
    </Entity>
    <Entity>
      <Name LocalizedName="Program Profile" OriginalName="Program">ecer_Program</Name>
      <SavedQueries>
        <savedqueries>
          <savedquery>
            <IsCustomizable>1</IsCustomizable>
            <CanBeDeleted>1</CanBeDeleted>
            <isquickfindquery>0</isquickfindquery>
            <isprivate>0</isprivate>
            <isdefault>1</isdefault>
            <savedqueryid>{185fc853-3303-ef11-9f8a-000d3af4a207}</savedqueryid>
            <layoutxml>
              <grid name="resultset" jump="ecer_name" select="1" icon="1" preview="1">
                <row name="result" id="ecer_programid">
                  <cell name="ecer_name" width="300" />
                  <cell name="ecer_postsecondaryinstitution" width="189" />
                  <cell name="ecer_programtypes" width="150" disableSorting="1" />
                  <cell name="ecer_startdate" width="100" />
                  <cell name="ecer_enddate" width="100" />
                  <cell name="createdon" width="100" />
                  <cell name="ownerid" width="100" />
                  <cell name="statuscode" width="119" />
                </row>
              </grid>
            </layoutxml>
            <querytype>0</querytype>
            <fetchxml>
              <fetch version="1.0" mapping="logical" distinct="true">
                <entity name="ecer_program">
                  <attribute name="statuscode" />
                  <attribute name="ecer_startdate" />
                  <order attribute="ecer_postsecondaryinstitution" descending="false" />
                  <order attribute="ecer_enddate" descending="true" />
                  <attribute name="ecer_postsecondaryinstitution" />
                  <attribute name="ecer_enddate" />
                  <attribute name="ownerid" />
                  <attribute name="createdon" />
                  <attribute name="ecer_programtypes" />
                  <attribute name="ecer_programid" />
                  <attribute name="ecer_name" />
                </entity>
              </fetch>
            </fetchxml>
            <IntroducedVersion>1.0.0.26</IntroducedVersion>
            <LocalizedNames>
              <LocalizedName description="All Program Profiles" languagecode="1033" />
            </LocalizedNames>
          </savedquery>
          <savedquery>
            <IsCustomizable>1</IsCustomizable>
            <CanBeDeleted>1</CanBeDeleted>
            <isquickfindquery>0</isquickfindquery>
            <isprivate>0</isprivate>
            <isdefault>0</isdefault>
            <savedqueryid>{8422865f-79ec-ee11-a1fd-0022486e1cec}</savedqueryid>
            <layoutxml>
              <grid name="resultset" jump="ecer_name" select="1" icon="1" preview="1">
                <row name="result" id="ecer_programid">
                  <cell name="ecer_name" width="300" />
                  <cell name="ecer_postsecondaryinstitution" width="200" imageproviderfunctionname="" imageproviderwebresource="$webresource:" />
                  <cell name="ecer_programtypes" width="125" disableSorting="1" imageproviderfunctionname="" imageproviderwebresource="$webresource:" />
                  <cell name="ecer_startdate" width="100" imageproviderfunctionname="" imageproviderwebresource="$webresource:" />
                  <cell name="ecer_enddate" width="100" imageproviderfunctionname="" imageproviderwebresource="$webresource:" />
                  <cell name="statuscode" width="125" imageproviderfunctionname="" imageproviderwebresource="$webresource:" />
                  <cell name="createdon" width="100" />
                  <cell name="ownerid" width="100" />
                </row>
              </grid>
            </layoutxml>
            <querytype>0</querytype>
            <fetchxml>
              <fetch version="1.0" output-format="xml-platform" mapping="logical" distinct="false">
                <entity name="ecer_program">
                  <attribute name="statuscode" />
                  <attribute name="ecer_startdate" />
                  <attribute name="ecer_enddate" />
                  <attribute name="ecer_postsecondaryinstitution" />
                  <attribute name="ownerid" />
                  <attribute name="createdon" />
                  <order attribute="ecer_postsecondaryinstitution" descending="false" />
                  <order attribute="ecer_enddate" descending="true" />
                  <filter type="and">
                    <condition attribute="statuscode" operator="eq" value="621870002" />
                  </filter>
                  <attribute name="ecer_programtypes" />
                  <attribute name="ecer_programid" />
                  <attribute name="ecer_name" />
                </entity>
              </fetch>
            </fetchxml>
            <IntroducedVersion>1.0.0.15</IntroducedVersion>
            <LocalizedNames>
              <LocalizedName description="Approved Program Profiles" languagecode="1033" />
            </LocalizedNames>
          </savedquery>
          <savedquery>
            <IsCustomizable>1</IsCustomizable>
            <CanBeDeleted>1</CanBeDeleted>
            <isquickfindquery>0</isquickfindquery>
            <isprivate>0</isprivate>
            <isdefault>0</isdefault>
            <savedqueryid>{c68acce6-049b-ef11-8a6a-000d3a0a4c90}</savedqueryid>
            <layoutxml>
              <grid name="resultset" jump="ecer_name" select="1" icon="1" preview="1">
                <row name="result" id="ecer_programid">
                  <cell name="ecer_name" width="300" />
                  <cell name="ecer_postsecondaryinstitution" width="189" />
                  <cell name="ecer_programtypes" width="150" disableSorting="1" />
                  <cell name="ecer_startdate" width="100" />
                  <cell name="ecer_enddate" width="100" />
                  <cell name="createdon" width="100" />
                  <cell name="ownerid" width="100" />
                  <cell name="statuscode" width="119" />
                </row>
              </grid>
            </layoutxml>
            <querytype>0</querytype>
            <fetchxml>
              <fetch version="1.0" output-format="xml-platform" mapping="logical" distinct="false">
                <entity name="ecer_program">
                  <attribute name="statuscode" />
                  <attribute name="ecer_startdate" />
                  <attribute name="ecer_postsecondaryinstitution" />
                  <attribute name="ecer_enddate" />
                  <attribute name="ownerid" />
                  <attribute name="createdon" />
                  <attribute name="ecer_programtypes" />
                  <order attribute="ecer_postsecondaryinstitution" descending="false" />
                  <order attribute="ecer_enddate" descending="true" />
                  <filter type="and">
                    <filter type="or">
                      <condition attribute="ecer_enddate" operator="this-year" />
                      <condition attribute="ecer_enddate" operator="next-year" />
                    </filter>
                  </filter>
                  <attribute name="ecer_programid" />
                  <attribute name="ecer_name" />
                </entity>
              </fetch>
            </fetchxml>
            <IntroducedVersion>1.0.0.87</IntroducedVersion>
            <LocalizedNames>
              <LocalizedName description="Current Program Profiles" languagecode="1033" />
            </LocalizedNames>
          </savedquery>
          <savedquery>
            <IsCustomizable>1</IsCustomizable>
            <CanBeDeleted>1</CanBeDeleted>
            <isquickfindquery>0</isquickfindquery>
            <isprivate>0</isprivate>
            <isdefault>0</isdefault>
            <savedqueryid>{d93ce781-3103-ef11-9f89-0022486e1cec}</savedqueryid>
            <layoutxml>
              <grid name="resultset" jump="ecer_name" select="1" icon="1" preview="1">
                <row name="result" id="ecer_programid">
                  <cell name="ecer_name" width="300" />
                  <cell name="ecer_programtypes" width="143" disableSorting="1" />
                  <cell name="ecer_postsecondaryinstitution" width="189" />
                  <cell name="ecer_startdate" width="100" />
                  <cell name="ecer_enddate" width="100" />
                  <cell name="statuscode" width="119" />
                </row>
              </grid>
            </layoutxml>
            <querytype>0</querytype>
            <fetchxml>
              <fetch version="1.0" mapping="logical" distinct="true">
                <entity name="ecer_program">
                  <attribute name="statuscode" />
                  <attribute name="ecer_startdate" />
                  <order attribute="ecer_postsecondaryinstitution" descending="false" />
                  <order attribute="ecer_enddate" descending="true" />
                  <attribute name="ecer_postsecondaryinstitution" />
                  <attribute name="ecer_enddate" />
                  <filter type="and">
                    <condition attribute="statuscode" operator="eq" value="621870003" />
                  </filter>
                  <attribute name="ecer_programtypes" />
                  <attribute name="ecer_programid" />
                  <attribute name="ecer_name" />
                </entity>
              </fetch>
            </fetchxml>
            <IntroducedVersion>1.0.0.26</IntroducedVersion>
            <LocalizedNames>
              <LocalizedName description="Denied Program Profile" languagecode="1033" />
            </LocalizedNames>
          </savedquery>
          <savedquery>
            <IsCustomizable>1</IsCustomizable>
            <CanBeDeleted>1</CanBeDeleted>
            <isquickfindquery>0</isquickfindquery>
            <isprivate>0</isprivate>
            <isdefault>1</isdefault>
            <savedqueryid>{3e88ea5c-7873-ee11-8179-000d3af462e8}</savedqueryid>
            <querytype>8192</querytype>
            <fetchxml>
              <fetch version="1.0" mapping="logical" output-format="xml-platform">
                <entity name="ecer_program">
                  <attribute name="ecer_programid" />
                  <filter type="and">
                    <condition attribute="statecode" operator="eq" value="0" />
                    <condition attribute="ownerid" operator="eq-userid" />
                  </filter>
                </entity>
              </fetch>
            </fetchxml>
            <IntroducedVersion>1.0</IntroducedVersion>
            <LocalizedNames>
              <LocalizedName description="My Programs" languagecode="1033" />
            </LocalizedNames>
            <Descriptions>
              <Description description="Active Programs owned by me" languagecode="1033" />
            </Descriptions>
          </savedquery>
          <savedquery>
            <IsCustomizable>1</IsCustomizable>
            <CanBeDeleted>0</CanBeDeleted>
            <isquickfindquery>0</isquickfindquery>
            <isprivate>0</isprivate>
            <isdefault>0</isdefault>
            <savedqueryid>{fed927b9-7f54-4327-95c6-8a4d01de7c3c}</savedqueryid>
            <layoutxml>
              <grid name="resultset" jump="ecer_name" select="1" icon="1" preview="1">
                <row name="result" id="ecer_programid">
                  <cell name="ecer_name" width="300" />
                  <cell name="ecer_programtypes" width="133" disableSorting="1" />
                  <cell name="ecer_postsecondaryinstitution" width="189" />
                  <cell name="statuscode" width="119" />
                  <cell name="ecer_startdate" width="100" />
                  <cell name="ecer_enddate" width="100" />
                </row>
              </grid>
            </layoutxml>
            <querytype>0</querytype>
            <fetchxml>
              <fetch version="1.0" mapping="logical" distinct="true">
                <entity name="ecer_program">
                  <attribute name="statuscode" />
                  <attribute name="ecer_startdate" />
                  <order attribute="ecer_startdate" descending="true" />
                  <attribute name="ecer_postsecondaryinstitution" />
                  <attribute name="ecer_enddate" />
                  <filter type="and">
                    <condition attribute="statuscode" operator="eq" value="1" />
                  </filter>
                  <attribute name="ecer_programtypes" />
                  <attribute name="ecer_programid" />
                  <attribute name="ecer_name" />
                </entity>
              </fetch>
            </fetchxml>
            <IntroducedVersion>1.0</IntroducedVersion>
            <LocalizedNames>
              <LocalizedName description="New Submitted Program Profile" languagecode="1033" />
            </LocalizedNames>
          </savedquery>
          <savedquery>
            <IsCustomizable>1</IsCustomizable>
            <CanBeDeleted>1</CanBeDeleted>
            <isquickfindquery>0</isquickfindquery>
            <isprivate>0</isprivate>
            <isdefault>0</isdefault>
            <savedqueryid>{979f97fb-3003-ef11-9f89-0022486e0199}</savedqueryid>
            <layoutxml>
              <grid name="resultset" jump="ecer_name" select="1" icon="1" preview="1">
                <row name="result" id="ecer_programid">
                  <cell name="ecer_name" width="300" />
                  <cell name="ecer_programtypes" width="100" disableSorting="1" />
                  <cell name="ecer_postsecondaryinstitution" width="189" />
                  <cell name="statuscode" width="119" />
                  <cell name="ecer_startdate" width="100" />
                  <cell name="ecer_enddate" width="100" />
                </row>
              </grid>
            </layoutxml>
            <querytype>0</querytype>
            <fetchxml>
              <fetch version="1.0" mapping="logical" distinct="true">
                <entity name="ecer_program">
                  <attribute name="statuscode" />
                  <attribute name="ecer_startdate" />
                  <order attribute="ecer_postsecondaryinstitution" descending="false" />
                  <order attribute="ecer_enddate" descending="false" />
                  <attribute name="ecer_postsecondaryinstitution" />
                  <attribute name="ecer_enddate" />
                  <filter type="and">
                    <condition attribute="statuscode" operator="eq" value="621870001" />
                  </filter>
                  <attribute name="ecer_programtypes" />
                  <attribute name="ecer_programid" />
                  <attribute name="ecer_name" />
                </entity>
              </fetch>
            </fetchxml>
            <IntroducedVersion>1.0.0.26</IntroducedVersion>
            <LocalizedNames>
              <LocalizedName description="Under Review Program Profile" languagecode="1033" />
            </LocalizedNames>
          </savedquery>
        </savedqueries>
      </SavedQueries>
      <RibbonDiffXml>
        <CustomActions>
          <HideCustomAction HideActionId="ecer.Mscrm.SubGrid.ecer_program.AddExistingAssoc.Hide" Location="Mscrm.SubGrid.ecer_program.AddExistingAssoc" />
          <HideCustomAction HideActionId="ecer.Mscrm.SubGrid.ecer_program.AddExistingStandard.Hide" Location="Mscrm.SubGrid.ecer_program.AddExistingStandard" />
        </CustomActions>
        <Templates>
          <RibbonTemplates Id="Mscrm.Templates"></RibbonTemplates>
        </Templates>
        <CommandDefinitions />
        <RuleDefinitions>
          <TabDisplayRules />
          <DisplayRules />
          <EnableRules />
        </RuleDefinitions>
        <LocLabels />
      </RibbonDiffXml>
    </Entity>
    <Entity>
      <Name LocalizedName="PSP Observation" OriginalName="PSP Observation">ecer_pspobservation</Name>
      <SavedQueries>
        <savedqueries>
          <savedquery>
            <IsCustomizable>1</IsCustomizable>
            <CanBeDeleted>0</CanBeDeleted>
            <isquickfindquery>0</isquickfindquery>
            <isprivate>0</isprivate>
            <isdefault>1</isdefault>
            <savedqueryid>{8fdd652d-11a0-4b4c-bda6-1dda88ba81a2}</savedqueryid>
            <layoutxml>
              <grid name="resultset" jump="ecer_name" select="1" icon="1" preview="1">
                <row name="result" id="ecer_pspobservationid">
                  <cell name="ecer_name" width="300" />
                  <cell name="ecer_postsecondaryinstitutionid" width="189" />
                  <cell name="ecer_observationtype" width="140" />
                  <cell name="ecer_instructorname" width="132" />
                  <cell name="createdon" width="125" />
                  <cell name="ownerid" width="100" />
                </row>
              </grid>
            </layoutxml>
            <querytype>0</querytype>
            <fetchxml>
              <fetch version="1.0" mapping="logical">
                <entity name="ecer_pspobservation">
                  <attribute name="ecer_pspobservationid" />
                  <attribute name="createdon" />
                  <filter type="and">
                    <condition attribute="statecode" operator="eq" value="0" />
                  </filter>
                  <attribute name="ecer_observationtype" />
                  <attribute name="ecer_instructorname" />
                  <attribute name="ownerid" />
                  <attribute name="ecer_postsecondaryinstitutionid" />
                  <attribute name="ecer_name" />
                </entity>
              </fetch>
            </fetchxml>
            <IntroducedVersion>1.0</IntroducedVersion>
            <LocalizedNames>
              <LocalizedName description="Active PSP Observations" languagecode="1033" />
            </LocalizedNames>
          </savedquery>
        </savedqueries>
      </SavedQueries>
      <RibbonDiffXml>
        <CustomActions>
          <HideCustomAction HideActionId="ecer.Mscrm.SubGrid.ecer_pspobservation.AddExistingAssoc.Hide" Location="Mscrm.SubGrid.ecer_pspobservation.AddExistingAssoc" />
          <HideCustomAction HideActionId="ecer.Mscrm.SubGrid.ecer_pspobservation.AddExistingStandard.Hide" Location="Mscrm.SubGrid.ecer_pspobservation.AddExistingStandard" />
        </CustomActions>
        <Templates>
          <RibbonTemplates Id="Mscrm.Templates"></RibbonTemplates>
        </Templates>
        <CommandDefinitions />
        <RuleDefinitions>
          <TabDisplayRules />
          <DisplayRules />
          <EnableRules />
        </RuleDefinitions>
        <LocLabels />
      </RibbonDiffXml>
    </Entity>
  </Entities>
  <Roles></Roles>
  <Workflows>
    <Workflow WorkflowId="{0ec15899-9c61-f011-bec2-0022483c2a2e}" Name="ECER - Set Course Name">
      <JsonFileName>/Workflows/ECER-SetCourseName-0EC15899-9C61-F011-BEC2-0022483C2A2E.json</JsonFileName>
      <Type>1</Type>
      <Subprocess>0</Subprocess>
      <Category>5</Category>
      <Mode>0</Mode>
      <Scope>4</Scope>
      <OnDemand>0</OnDemand>
      <TriggerOnCreate>0</TriggerOnCreate>
      <TriggerOnDelete>0</TriggerOnDelete>
      <AsyncAutodelete>0</AsyncAutodelete>
      <SyncWorkflowLogOnFailure>0</SyncWorkflowLogOnFailure>
      <StateCode>1</StateCode>
      <StatusCode>2</StatusCode>
      <RunAs>1</RunAs>
      <IsTransacted>1</IsTransacted>
      <IntroducedVersion>1.2.3.0</IntroducedVersion>
      <IsCustomizable>1</IsCustomizable>
      <BusinessProcessType>0</BusinessProcessType>
      <IsCustomProcessingStepAllowedForOtherPublishers>1</IsCustomProcessingStepAllowedForOtherPublishers>
      <ModernFlowType>0</ModernFlowType>
      <PrimaryEntity>none</PrimaryEntity>
      <LocalizedNames>
        <LocalizedName languagecode="1033" description="ECER - Set Course Name" />
      </LocalizedNames>
    </Workflow>
    <Workflow WorkflowId="{ebaba545-2651-f011-877b-0022483caef2}" Name="ECER - WF - Populate Course Name">
      <XamlFileName>/Workflows/ECER-WF-PopulateCourseName-EBABA545-2651-F011-877B-0022483CAEF2.xaml</XamlFileName>
      <Type>1</Type>
      <Subprocess>0</Subprocess>
      <Category>0</Category>
      <Mode>1</Mode>
      <Scope>4</Scope>
      <OnDemand>1</OnDemand>
      <TriggerOnUpdateAttributeList>ecer_postsecondaryinstitutionid,ecer_coursename,ecer_code</TriggerOnUpdateAttributeList>
      <TriggerOnCreate>1</TriggerOnCreate>
      <TriggerOnDelete>0</TriggerOnDelete>
      <AsyncAutodelete>0</AsyncAutodelete>
      <SyncWorkflowLogOnFailure>1</SyncWorkflowLogOnFailure>
      <StateCode>1</StateCode>
      <StatusCode>2</StatusCode>
      <CreateStage>40</CreateStage>
      <UpdateStage>40</UpdateStage>
      <RunAs>0</RunAs>
      <IsTransacted>1</IsTransacted>
      <IntroducedVersion>1.0.0.0</IntroducedVersion>
      <IsCustomizable>1</IsCustomizable>
      <BusinessProcessType>0</BusinessProcessType>
      <IsCustomProcessingStepAllowedForOtherPublishers>1</IsCustomProcessingStepAllowedForOtherPublishers>
      <ModernFlowType>0</ModernFlowType>
      <PrimaryEntity>ecer_Course</PrimaryEntity>
      <LocalizedNames>
        <LocalizedName languagecode="1033" description="ECER - WF - Populate Course Name" />
      </LocalizedNames>
    </Workflow>
    <Workflow WorkflowId="{fbf9d989-bd61-f011-bec2-0022483caef2}" Name="ECER - PSP Interview Set Name">
      <JsonFileName>/Workflows/ECER-PSPInterviewSetName-FBF9D989-BD61-F011-BEC2-0022483CAEF2.json</JsonFileName>
      <Type>1</Type>
      <Subprocess>0</Subprocess>
      <Category>5</Category>
      <Mode>0</Mode>
      <Scope>4</Scope>
      <OnDemand>0</OnDemand>
      <TriggerOnCreate>0</TriggerOnCreate>
      <TriggerOnDelete>0</TriggerOnDelete>
      <AsyncAutodelete>0</AsyncAutodelete>
      <SyncWorkflowLogOnFailure>0</SyncWorkflowLogOnFailure>
      <StateCode>1</StateCode>
      <StatusCode>2</StatusCode>
      <RunAs>1</RunAs>
      <IsTransacted>1</IsTransacted>
      <IntroducedVersion>1.2.3.0</IntroducedVersion>
      <IsCustomizable>1</IsCustomizable>
      <BusinessProcessType>0</BusinessProcessType>
      <IsCustomProcessingStepAllowedForOtherPublishers>1</IsCustomProcessingStepAllowedForOtherPublishers>
      <ModernFlowType>0</ModernFlowType>
      <PrimaryEntity>none</PrimaryEntity>
      <LocalizedNames>
        <LocalizedName languagecode="1033" description="ECER - PSP Interview Set Name" />
      </LocalizedNames>
    </Workflow>
    <Workflow WorkflowId="{ca6b7ec7-2f51-f011-877b-002248b35783}" Name="Course - BR - ShowHide Program Application" Description="Click to add description">
      <XamlFileName>/Workflows/Course-BR-ShowHideProgramApplication-CA6B7EC7-2F51-F011-877B-002248B35783.xaml</XamlFileName>
      <Type>1</Type>
      <Subprocess>0</Subprocess>
      <Category>2</Category>
      <Mode>1</Mode>
      <Scope>4</Scope>
      <OnDemand>0</OnDemand>
      <TriggerOnCreate>0</TriggerOnCreate>
      <TriggerOnDelete>0</TriggerOnDelete>
      <AsyncAutodelete>0</AsyncAutodelete>
      <SyncWorkflowLogOnFailure>0</SyncWorkflowLogOnFailure>
      <StateCode>1</StateCode>
      <StatusCode>2</StatusCode>
      <RunAs>1</RunAs>
      <IsTransacted>1</IsTransacted>
      <IntroducedVersion>1.0.0.0</IntroducedVersion>
      <IsCustomizable>1</IsCustomizable>
      <BusinessProcessType>0</BusinessProcessType>
      <IsCustomProcessingStepAllowedForOtherPublishers>1</IsCustomProcessingStepAllowedForOtherPublishers>
      <ProcessTriggerScope>2</ProcessTriggerScope>
      <ModernFlowType>0</ModernFlowType>
      <PrimaryEntity>ecer_Course</PrimaryEntity>
      <LocalizedNames>
        <LocalizedName languagecode="1033" description="Course - BR - ShowHide Program Application" />
      </LocalizedNames>
      <Descriptions>
        <Description languagecode="1033" description="Click to add description" />
      </Descriptions>
    </Workflow>
  </Workflows>
  <FieldSecurityProfiles></FieldSecurityProfiles>
  <Templates />
  <EntityImageConfigs>
    <EntityImageConfig>
      <parententitylogicalname>ecer_postsecondaryinstituteprogramapplicaiton</parententitylogicalname>
      <primaryimageattribute>ecer_signatureimage</primaryimageattribute>
    </EntityImageConfig>
  </EntityImageConfigs>
  <EntityMaps />
  <EntityRelationships />
  <OrganizationSettings />
  <optionsets />
  <CustomControls />
  <EntityDataProviders />
  <Languages>
    <Language>1033</Language>
  </Languages>
</ImportExportXml>