<ImportExportXml version="9.2.25071.164" SolutionPackageVersion="9.2" languagecode="1033" generatedBy="CrmLive" xmlns:xsi="http://www.w3.org/2001/XMLSchema-instance" OrganizationVersion="9.2.25071.164" OrganizationSchemaType="Full" CRMServerServiceabilityVersion="9.2.25071.00164">
  <SolutionManifest>
    <UniqueName>ECER5108</UniqueName>
    <LocalizedNames>
      <LocalizedName description="ECER-5108" languagecode="1033" />
    </LocalizedNames>
    <Descriptions />
    <Version>1.3.1.0</Version>
    <Managed>1</Managed>
    <Publisher>
      <UniqueName>ecer</UniqueName>
      <LocalizedNames>
        <LocalizedName description="ECER" languagecode="1033" />
      </LocalizedNames>
      <Descriptions>
        <Description description="publisher for all customization for ECER Dynamics instance" languagecode="1033" />
      </Descriptions>
      <EMailAddress xsi:nil="true"></EMailAddress>
      <SupportingWebsiteUrl xsi:nil="true"></SupportingWebsiteUrl>
      <CustomizationPrefix>ecer</CustomizationPrefix>
      <CustomizationOptionValuePrefix>62187</CustomizationOptionValuePrefix>
      <Addresses>
        <Address>
          <AddressNumber>1</AddressNumber>
          <AddressTypeCode>1</AddressTypeCode>
          <City xsi:nil="true"></City>
          <County xsi:nil="true"></County>
          <Country xsi:nil="true"></Country>
          <Fax xsi:nil="true"></Fax>
          <FreightTermsCode xsi:nil="true"></FreightTermsCode>
          <ImportSequenceNumber xsi:nil="true"></ImportSequenceNumber>
          <Latitude xsi:nil="true"></Latitude>
          <Line1 xsi:nil="true"></Line1>
          <Line2 xsi:nil="true"></Line2>
          <Line3 xsi:nil="true"></Line3>
          <Longitude xsi:nil="true"></Longitude>
          <Name xsi:nil="true"></Name>
          <PostalCode xsi:nil="true"></PostalCode>
          <PostOfficeBox xsi:nil="true"></PostOfficeBox>
          <PrimaryContactName xsi:nil="true"></PrimaryContactName>
          <ShippingMethodCode>1</ShippingMethodCode>
          <StateOrProvince xsi:nil="true"></StateOrProvince>
          <Telephone1 xsi:nil="true"></Telephone1>
          <Telephone2 xsi:nil="true"></Telephone2>
          <Telephone3 xsi:nil="true"></Telephone3>
          <TimeZoneRuleVersionNumber xsi:nil="true"></TimeZoneRuleVersionNumber>
          <UPSZone xsi:nil="true"></UPSZone>
          <UTCOffset xsi:nil="true"></UTCOffset>
          <UTCConversionTimeZoneCode xsi:nil="true"></UTCConversionTimeZoneCode>
        </Address>
        <Address>
          <AddressNumber>2</AddressNumber>
          <AddressTypeCode>1</AddressTypeCode>
          <City xsi:nil="true"></City>
          <County xsi:nil="true"></County>
          <Country xsi:nil="true"></Country>
          <Fax xsi:nil="true"></Fax>
          <FreightTermsCode xsi:nil="true"></FreightTermsCode>
          <ImportSequenceNumber xsi:nil="true"></ImportSequenceNumber>
          <Latitude xsi:nil="true"></Latitude>
          <Line1 xsi:nil="true"></Line1>
          <Line2 xsi:nil="true"></Line2>
          <Line3 xsi:nil="true"></Line3>
          <Longitude xsi:nil="true"></Longitude>
          <Name xsi:nil="true"></Name>
          <PostalCode xsi:nil="true"></PostalCode>
          <PostOfficeBox xsi:nil="true"></PostOfficeBox>
          <PrimaryContactName xsi:nil="true"></PrimaryContactName>
          <ShippingMethodCode>1</ShippingMethodCode>
          <StateOrProvince xsi:nil="true"></StateOrProvince>
          <Telephone1 xsi:nil="true"></Telephone1>
          <Telephone2 xsi:nil="true"></Telephone2>
          <Telephone3 xsi:nil="true"></Telephone3>
          <TimeZoneRuleVersionNumber xsi:nil="true"></TimeZoneRuleVersionNumber>
          <UPSZone xsi:nil="true"></UPSZone>
          <UTCOffset xsi:nil="true"></UTCOffset>
          <UTCConversionTimeZoneCode xsi:nil="true"></UTCConversionTimeZoneCode>
        </Address>
      </Addresses>
    </Publisher>
    <RootComponents>
      <RootComponent type="1" schemaName="ecer_course" behavior="2" />
      <RootComponent type="1" schemaName="ecer_postsecondaryinstituteinterview" behavior="2" />
      <RootComponent type="1" schemaName="ecer_postsecondaryinstituteprogramapplicaiton" behavior="2" />
      <RootComponent type="1" schemaName="ecer_postsecondaryinstitutesitevisit" behavior="2" />
      <RootComponent type="1" schemaName="ecer_program" behavior="2" />
      <RootComponent type="1" schemaName="ecer_pspobservation" behavior="2" />
      <RootComponent type="29" id="{0ec15899-9c61-f011-bec2-0022483c2a2e}" behavior="0" />
      <RootComponent type="29" id="{ca6b7ec7-2f51-f011-877b-002248b35783}" behavior="0" />
      <RootComponent type="29" id="{ebaba545-2651-f011-877b-0022483caef2}" behavior="0" />
      <RootComponent type="29" id="{fbf9d989-bd61-f011-bec2-0022483caef2}" behavior="0" />
    </RootComponents>
    <MissingDependencies>
      <MissingDependency>
        <Required type="1" schemaName="ecer_course" displayName="Course" solution="Active" />
        <Dependent type="1" schemaName="ecer_course" displayName="Course" />
      </MissingDependency>
      <MissingDependency>
        <Required type="1" schemaName="ecer_postsecondaryinstitute" displayName="Post Secondary Institution" solution="Active" />
        <Dependent type="29" displayName="ECER - Set Course Name" id="{0ec15899-9c61-f011-bec2-0022483c2a2e}" />
      </MissingDependency>
      <MissingDependency>
        <Required type="1" schemaName="ecer_postsecondaryinstituteinterview" displayName="PSP Interview" solution="Active" />
        <Dependent type="1" schemaName="ecer_postsecondaryinstituteinterview" displayName="PSP Interview" />
      </MissingDependency>
      <MissingDependency>
        <Required type="1" schemaName="ecer_postsecondaryinstituteprogramapplicaiton" displayName="Program Application" solution="Active" />
        <Dependent type="1" schemaName="ecer_postsecondaryinstituteprogramapplicaiton" displayName="Program Application" />
      </MissingDependency>
      <MissingDependency>
        <Required type="1" schemaName="ecer_postsecondaryinstitutesitevisit" displayName="Site Visit" solution="Active" />
        <Dependent type="1" schemaName="ecer_postsecondaryinstitutesitevisit" displayName="Site Visit" />
      </MissingDependency>
      <MissingDependency>
        <Required type="1" schemaName="ecer_program" displayName="Program Profile" solution="Active" />
        <Dependent type="1" schemaName="ecer_program" displayName="Program Profile" />
      </MissingDependency>
      <MissingDependency>
        <Required type="1" schemaName="ecer_pspobservation" displayName="PSP Observation" solution="Active" />
        <Dependent type="1" schemaName="ecer_pspobservation" displayName="PSP Observation" />
      </MissingDependency>
      <MissingDependency>
        <Required type="2" schemaName="ecer_code" displayName="Course Number" parentSchemaName="ecer_course" parentDisplayName="Course" solution="Active" />
        <Dependent type="26" schemaName="Basic Program Curriculum" displayName="Basic Program Curriculum" parentSchemaName="ecer_course" parentDisplayName="Course" id="{2206684d-8714-ef11-9f8a-000d3af4a207}" />
      </MissingDependency>
      <MissingDependency>
        <Required type="2" schemaName="ecer_code" displayName="Course Number" parentSchemaName="ecer_course" parentDisplayName="Course" solution="Active" />
        <Dependent type="26" schemaName="Active Courses" displayName="Active Courses" parentSchemaName="ecer_course" parentDisplayName="Course" id="{7abccb79-7767-4ddb-8fd2-a60f8cb206e2}" />
      </MissingDependency>
      <MissingDependency>
        <Required type="2" schemaName="ecer_code" displayName="Course Number" parentSchemaName="ecer_course" parentDisplayName="Course" solution="Active" />
        <Dependent type="26" schemaName="ITE Program Curriculum" displayName="ITE Program Curriculum" parentSchemaName="ecer_course" parentDisplayName="Course" id="{d1772033-8a14-ef11-9f89-000d3af46033}" />
      </MissingDependency>
      <MissingDependency>
        <Required type="2" schemaName="ecer_code" displayName="Course Number" parentSchemaName="ecer_course" parentDisplayName="Course" solution="Active" />
        <Dependent type="26" schemaName="SNE Program Curriculum" displayName="SNE Program Curriculum" parentSchemaName="ecer_course" parentDisplayName="Course" id="{d25be90b-8814-ef11-9f8a-000d3af4a207}" />
      </MissingDependency>
      <MissingDependency>
        <Required type="2" schemaName="ecer_code" displayName="Course Number" parentSchemaName="ecer_course" parentDisplayName="Course" solution="Active" />
        <Dependent type="29" displayName="ECER - Set Course Name" id="{0ec15899-9c61-f011-bec2-0022483c2a2e}" />
      </MissingDependency>
      <MissingDependency>
        <Required type="2" schemaName="ecer_code" displayName="Course Number" parentSchemaName="ecer_course" parentDisplayName="Course" solution="Active" />
        <Dependent type="29" displayName="ECER - WF - Populate Course Name" id="{ebaba545-2651-f011-877b-0022483caef2}" />
      </MissingDependency>
      <MissingDependency>
        <Required type="2" schemaName="ecer_coursehourdecimal" displayName="Course Hours" parentSchemaName="ecer_course" parentDisplayName="Course" solution="Active" />
        <Dependent type="26" schemaName="Basic Program Curriculum" displayName="Basic Program Curriculum" parentSchemaName="ecer_course" parentDisplayName="Course" id="{2206684d-8714-ef11-9f8a-000d3af4a207}" />
      </MissingDependency>
      <MissingDependency>
        <Required type="2" schemaName="ecer_coursehourdecimal" displayName="Course Hours" parentSchemaName="ecer_course" parentDisplayName="Course" solution="Active" />
        <Dependent type="26" schemaName="Active Courses" displayName="Active Courses" parentSchemaName="ecer_course" parentDisplayName="Course" id="{7abccb79-7767-4ddb-8fd2-a60f8cb206e2}" />
      </MissingDependency>
      <MissingDependency>
        <Required type="2" schemaName="ecer_coursehourdecimal" displayName="Course Hours" parentSchemaName="ecer_course" parentDisplayName="Course" solution="Active" />
        <Dependent type="26" schemaName="ITE Program Curriculum" displayName="ITE Program Curriculum" parentSchemaName="ecer_course" parentDisplayName="Course" id="{d1772033-8a14-ef11-9f89-000d3af46033}" />
      </MissingDependency>
      <MissingDependency>
        <Required type="2" schemaName="ecer_coursehourdecimal" displayName="Course Hours" parentSchemaName="ecer_course" parentDisplayName="Course" solution="Active" />
        <Dependent type="26" schemaName="SNE Program Curriculum" displayName="SNE Program Curriculum" parentSchemaName="ecer_course" parentDisplayName="Course" id="{d25be90b-8814-ef11-9f8a-000d3af4a207}" />
      </MissingDependency>
      <MissingDependency>
        <Required type="2" schemaName="ecer_courseid" displayName="Course" parentSchemaName="ecer_course" parentDisplayName="Course" solution="Active" />
        <Dependent type="26" schemaName="Basic Program Curriculum" displayName="Basic Program Curriculum" parentSchemaName="ecer_course" parentDisplayName="Course" id="{2206684d-8714-ef11-9f8a-000d3af4a207}" />
      </MissingDependency>
      <MissingDependency>
        <Required type="2" schemaName="ecer_courseid" displayName="Course" parentSchemaName="ecer_course" parentDisplayName="Course" solution="Active" />
        <Dependent type="26" schemaName="Active Courses" displayName="Active Courses" parentSchemaName="ecer_course" parentDisplayName="Course" id="{7abccb79-7767-4ddb-8fd2-a60f8cb206e2}" />
      </MissingDependency>
      <MissingDependency>
        <Required type="2" schemaName="ecer_courseid" displayName="Course" parentSchemaName="ecer_course" parentDisplayName="Course" solution="Active" />
        <Dependent type="26" schemaName="ITE Program Curriculum" displayName="ITE Program Curriculum" parentSchemaName="ecer_course" parentDisplayName="Course" id="{d1772033-8a14-ef11-9f89-000d3af46033}" />
      </MissingDependency>
      <MissingDependency>
        <Required type="2" schemaName="ecer_courseid" displayName="Course" parentSchemaName="ecer_course" parentDisplayName="Course" solution="Active" />
        <Dependent type="26" schemaName="SNE Program Curriculum" displayName="SNE Program Curriculum" parentSchemaName="ecer_course" parentDisplayName="Course" id="{d25be90b-8814-ef11-9f8a-000d3af4a207}" />
      </MissingDependency>
      <MissingDependency>
        <Required type="2" schemaName="ecer_courseid" displayName="Course" parentSchemaName="ecer_course" parentDisplayName="Course" solution="Active" />
        <Dependent type="29" displayName="Course - BR - ShowHide Program Application" id="{ca6b7ec7-2f51-f011-877b-002248b35783}" />
      </MissingDependency>
      <MissingDependency>
        <Required type="2" schemaName="ecer_courseid" displayName="Course" parentSchemaName="ecer_course" parentDisplayName="Course" solution="Active" />
        <Dependent type="29" displayName="ECER - WF - Populate Course Name" id="{ebaba545-2651-f011-877b-0022483caef2}" />
      </MissingDependency>
      <MissingDependency>
        <Required type="2" schemaName="ecer_coursename" displayName="Course Title" parentSchemaName="ecer_course" parentDisplayName="Course" solution="Active" />
        <Dependent type="26" schemaName="Basic Program Curriculum" displayName="Basic Program Curriculum" parentSchemaName="ecer_course" parentDisplayName="Course" id="{2206684d-8714-ef11-9f8a-000d3af4a207}" />
      </MissingDependency>
      <MissingDependency>
        <Required type="2" schemaName="ecer_coursename" displayName="Course Title" parentSchemaName="ecer_course" parentDisplayName="Course" solution="Active" />
        <Dependent type="26" schemaName="Active Courses" displayName="Active Courses" parentSchemaName="ecer_course" parentDisplayName="Course" id="{7abccb79-7767-4ddb-8fd2-a60f8cb206e2}" />
      </MissingDependency>
      <MissingDependency>
        <Required type="2" schemaName="ecer_coursename" displayName="Course Title" parentSchemaName="ecer_course" parentDisplayName="Course" solution="Active" />
        <Dependent type="26" schemaName="ITE Program Curriculum" displayName="ITE Program Curriculum" parentSchemaName="ecer_course" parentDisplayName="Course" id="{d1772033-8a14-ef11-9f89-000d3af46033}" />
      </MissingDependency>
      <MissingDependency>
        <Required type="2" schemaName="ecer_coursename" displayName="Course Title" parentSchemaName="ecer_course" parentDisplayName="Course" solution="Active" />
        <Dependent type="26" schemaName="SNE Program Curriculum" displayName="SNE Program Curriculum" parentSchemaName="ecer_course" parentDisplayName="Course" id="{d25be90b-8814-ef11-9f8a-000d3af4a207}" />
      </MissingDependency>
      <MissingDependency>
        <Required type="2" schemaName="ecer_coursename" displayName="Course Title" parentSchemaName="ecer_course" parentDisplayName="Course" solution="Active" />
        <Dependent type="29" displayName="ECER - Set Course Name" id="{0ec15899-9c61-f011-bec2-0022483c2a2e}" />
      </MissingDependency>
      <MissingDependency>
        <Required type="2" schemaName="ecer_coursename" displayName="Course Title" parentSchemaName="ecer_course" parentDisplayName="Course" solution="Active" />
        <Dependent type="29" displayName="ECER - WF - Populate Course Name" id="{ebaba545-2651-f011-877b-0022483caef2}" />
      </MissingDependency>
      <MissingDependency>
        <Required type="2" schemaName="ecer_postsecondaryinstitutionid" displayName="Post-Secondary Institution" parentSchemaName="ecer_course" parentDisplayName="Course" solution="Active" />
        <Dependent type="29" displayName="ECER - Set Course Name" id="{0ec15899-9c61-f011-bec2-0022483c2a2e}" />
      </MissingDependency>
      <MissingDependency>
        <Required type="2" schemaName="ecer_postsecondaryinstitutionid" displayName="Post-Secondary Institution" parentSchemaName="ecer_course" parentDisplayName="Course" solution="Active" />
        <Dependent type="29" displayName="ECER - WF - Populate Course Name" id="{ebaba545-2651-f011-877b-0022483caef2}" />
      </MissingDependency>
      <MissingDependency>
        <Required type="2" schemaName="ecer_programapplication" displayName="Program Application" parentSchemaName="ecer_course" parentDisplayName="Course" solution="Active" />
        <Dependent type="29" displayName="Course - BR - ShowHide Program Application" id="{ca6b7ec7-2f51-f011-877b-002248b35783}" />
      </MissingDependency>
      <MissingDependency>
        <Required type="2" schemaName="ecer_programareas" displayName="Program Areas" parentSchemaName="ecer_course" parentDisplayName="Course" solution="Active" />
        <Dependent type="26" schemaName="Basic Program Curriculum" displayName="Basic Program Curriculum" parentSchemaName="ecer_course" parentDisplayName="Course" id="{2206684d-8714-ef11-9f8a-000d3af4a207}" />
      </MissingDependency>
      <MissingDependency>
        <Required type="2" schemaName="ecer_programareas" displayName="Program Areas" parentSchemaName="ecer_course" parentDisplayName="Course" solution="Active" />
        <Dependent type="26" schemaName="Active Courses" displayName="Active Courses" parentSchemaName="ecer_course" parentDisplayName="Course" id="{7abccb79-7767-4ddb-8fd2-a60f8cb206e2}" />
      </MissingDependency>
      <MissingDependency>
        <Required type="2" schemaName="ecer_programareas" displayName="Program Areas" parentSchemaName="ecer_course" parentDisplayName="Course" solution="Active" />
        <Dependent type="26" schemaName="ITE Program Curriculum" displayName="ITE Program Curriculum" parentSchemaName="ecer_course" parentDisplayName="Course" id="{d1772033-8a14-ef11-9f89-000d3af46033}" />
      </MissingDependency>
      <MissingDependency>
        <Required type="2" schemaName="ecer_programareas" displayName="Program Areas" parentSchemaName="ecer_course" parentDisplayName="Course" solution="Active" />
        <Dependent type="26" schemaName="SNE Program Curriculum" displayName="SNE Program Curriculum" parentSchemaName="ecer_course" parentDisplayName="Course" id="{d25be90b-8814-ef11-9f8a-000d3af4a207}" />
      </MissingDependency>
      <MissingDependency>
        <Required type="2" schemaName="ecer_programtype" displayName="Program Type" parentSchemaName="ecer_course" parentDisplayName="Course" solution="Active" />
        <Dependent type="26" schemaName="Basic Program Curriculum" displayName="Basic Program Curriculum" parentSchemaName="ecer_course" parentDisplayName="Course" id="{2206684d-8714-ef11-9f8a-000d3af4a207}" />
      </MissingDependency>
      <MissingDependency>
        <Required type="2" schemaName="ecer_programtype" displayName="Program Type" parentSchemaName="ecer_course" parentDisplayName="Course" solution="Active" />
        <Dependent type="26" schemaName="ITE Program Curriculum" displayName="ITE Program Curriculum" parentSchemaName="ecer_course" parentDisplayName="Course" id="{d1772033-8a14-ef11-9f89-000d3af46033}" />
      </MissingDependency>
      <MissingDependency>
        <Required type="2" schemaName="ecer_programtype" displayName="Program Type" parentSchemaName="ecer_course" parentDisplayName="Course" solution="Active" />
        <Dependent type="26" schemaName="SNE Program Curriculum" displayName="SNE Program Curriculum" parentSchemaName="ecer_course" parentDisplayName="Course" id="{d25be90b-8814-ef11-9f8a-000d3af4a207}" />
      </MissingDependency>
      <MissingDependency>
        <Required type="2" schemaName="statecode" displayName="Status" parentSchemaName="ecer_course" parentDisplayName="Course" solution="Active" />
        <Dependent type="26" schemaName="Basic Program Curriculum" displayName="Basic Program Curriculum" parentSchemaName="ecer_course" parentDisplayName="Course" id="{2206684d-8714-ef11-9f8a-000d3af4a207}" />
      </MissingDependency>
      <MissingDependency>
        <Required type="2" schemaName="statecode" displayName="Status" parentSchemaName="ecer_course" parentDisplayName="Course" solution="Active" />
        <Dependent type="26" schemaName="Active Courses" displayName="Active Courses" parentSchemaName="ecer_course" parentDisplayName="Course" id="{7abccb79-7767-4ddb-8fd2-a60f8cb206e2}" />
      </MissingDependency>
      <MissingDependency>
        <Required type="2" schemaName="statecode" displayName="Status" parentSchemaName="ecer_course" parentDisplayName="Course" solution="Active" />
        <Dependent type="26" schemaName="ITE Program Curriculum" displayName="ITE Program Curriculum" parentSchemaName="ecer_course" parentDisplayName="Course" id="{d1772033-8a14-ef11-9f89-000d3af46033}" />
      </MissingDependency>
      <MissingDependency>
        <Required type="2" schemaName="statecode" displayName="Status" parentSchemaName="ecer_course" parentDisplayName="Course" solution="Active" />
        <Dependent type="26" schemaName="SNE Program Curriculum" displayName="SNE Program Curriculum" parentSchemaName="ecer_course" parentDisplayName="Course" id="{d25be90b-8814-ef11-9f8a-000d3af4a207}" />
      </MissingDependency>
      <MissingDependency>
        <Required type="2" schemaName="ecer_emailaddress" displayName="Email Address" parentSchemaName="ecer_postsecondaryinstituteinterview" parentDisplayName="PSP Interview" solution="Active" />
        <Dependent type="26" schemaName="Active Post Secondary Institute Interviews" displayName="Active Post Secondary Institute Interviews" parentSchemaName="ecer_postsecondaryinstituteinterview" parentDisplayName="PSP Interview" id="{f3814979-48a0-46d4-b09a-669e21ca1b36}" />
      </MissingDependency>
      <MissingDependency>
        <Required type="2" schemaName="ecer_firstname" displayName="First Name" parentSchemaName="ecer_postsecondaryinstituteinterview" parentDisplayName="PSP Interview" solution="Active" />
        <Dependent type="26" schemaName="Active Post Secondary Institute Interviews" displayName="Active Post Secondary Institute Interviews" parentSchemaName="ecer_postsecondaryinstituteinterview" parentDisplayName="PSP Interview" id="{f3814979-48a0-46d4-b09a-669e21ca1b36}" />
      </MissingDependency>
      <MissingDependency>
        <Required type="2" schemaName="ecer_firstname" displayName="First Name" parentSchemaName="ecer_postsecondaryinstituteinterview" parentDisplayName="PSP Interview" solution="Active" />
        <Dependent type="29" displayName="ECER - PSP Interview Set Name" id="{fbf9d989-bd61-f011-bec2-0022483caef2}" />
      </MissingDependency>
      <MissingDependency>
        <Required type="2" schemaName="ecer_interviewdatetime" displayName="Interview Date &amp; Time" parentSchemaName="ecer_postsecondaryinstituteinterview" parentDisplayName="PSP Interview" solution="Active" />
        <Dependent type="26" schemaName="Active Post Secondary Institute Interviews" displayName="Active Post Secondary Institute Interviews" parentSchemaName="ecer_postsecondaryinstituteinterview" parentDisplayName="PSP Interview" id="{f3814979-48a0-46d4-b09a-669e21ca1b36}" />
      </MissingDependency>
      <MissingDependency>
        <Required type="2" schemaName="ecer_interviewdatetime" displayName="Interview Date &amp; Time" parentSchemaName="ecer_postsecondaryinstituteinterview" parentDisplayName="PSP Interview" solution="Active" />
        <Dependent type="29" displayName="ECER - PSP Interview Set Name" id="{fbf9d989-bd61-f011-bec2-0022483caef2}" />
      </MissingDependency>
      <MissingDependency>
        <Required type="2" schemaName="ecer_intervieweetype" displayName="Interviewee Type" parentSchemaName="ecer_postsecondaryinstituteinterview" parentDisplayName="PSP Interview" solution="Active" />
        <Dependent type="26" schemaName="Active Post Secondary Institute Interviews" displayName="Active Post Secondary Institute Interviews" parentSchemaName="ecer_postsecondaryinstituteinterview" parentDisplayName="PSP Interview" id="{f3814979-48a0-46d4-b09a-669e21ca1b36}" />
      </MissingDependency>
      <MissingDependency>
        <Required type="2" schemaName="ecer_intervieweetype" displayName="Interviewee Type" parentSchemaName="ecer_postsecondaryinstituteinterview" parentDisplayName="PSP Interview" solution="Active" />
        <Dependent type="29" displayName="ECER - PSP Interview Set Name" id="{fbf9d989-bd61-f011-bec2-0022483caef2}" />
      </MissingDependency>
      <MissingDependency>
        <Required type="2" schemaName="ecer_lastname" displayName="Last Name" parentSchemaName="ecer_postsecondaryinstituteinterview" parentDisplayName="PSP Interview" solution="Active" />
        <Dependent type="26" schemaName="Active Post Secondary Institute Interviews" displayName="Active Post Secondary Institute Interviews" parentSchemaName="ecer_postsecondaryinstituteinterview" parentDisplayName="PSP Interview" id="{f3814979-48a0-46d4-b09a-669e21ca1b36}" />
      </MissingDependency>
      <MissingDependency>
        <Required type="2" schemaName="ecer_lastname" displayName="Last Name" parentSchemaName="ecer_postsecondaryinstituteinterview" parentDisplayName="PSP Interview" solution="Active" />
        <Dependent type="29" displayName="ECER - PSP Interview Set Name" id="{fbf9d989-bd61-f011-bec2-0022483caef2}" />
      </MissingDependency>
      <MissingDependency>
        <Required type="2" schemaName="ecer_phonenumber" displayName="Phone Number" parentSchemaName="ecer_postsecondaryinstituteinterview" parentDisplayName="PSP Interview" solution="Active" />
        <Dependent type="26" schemaName="Active Post Secondary Institute Interviews" displayName="Active Post Secondary Institute Interviews" parentSchemaName="ecer_postsecondaryinstituteinterview" parentDisplayName="PSP Interview" id="{f3814979-48a0-46d4-b09a-669e21ca1b36}" />
      </MissingDependency>
      <MissingDependency>
        <Required type="2" schemaName="ecer_postsecondaryinstituteinterviewid" displayName="Post Secondary Institute Interview" parentSchemaName="ecer_postsecondaryinstituteinterview" parentDisplayName="PSP Interview" solution="Active" />
        <Dependent type="26" schemaName="Active Post Secondary Institute Interviews" displayName="Active Post Secondary Institute Interviews" parentSchemaName="ecer_postsecondaryinstituteinterview" parentDisplayName="PSP Interview" id="{f3814979-48a0-46d4-b09a-669e21ca1b36}" />
      </MissingDependency>
      <MissingDependency>
        <Required type="2" schemaName="statecode" displayName="Status" parentSchemaName="ecer_postsecondaryinstituteinterview" parentDisplayName="PSP Interview" solution="Active" />
        <Dependent type="26" schemaName="Active Post Secondary Institute Interviews" displayName="Active Post Secondary Institute Interviews" parentSchemaName="ecer_postsecondaryinstituteinterview" parentDisplayName="PSP Interview" id="{f3814979-48a0-46d4-b09a-669e21ca1b36}" />
      </MissingDependency>
      <MissingDependency>
        <Required type="2" schemaName="statuscode" displayName="Status Reason" parentSchemaName="ecer_postsecondaryinstituteinterview" parentDisplayName="PSP Interview" solution="Active" />
        <Dependent type="26" schemaName="Active Post Secondary Institute Interviews" displayName="Active Post Secondary Institute Interviews" parentSchemaName="ecer_postsecondaryinstituteinterview" parentDisplayName="PSP Interview" id="{f3814979-48a0-46d4-b09a-669e21ca1b36}" />
      </MissingDependency>
      <MissingDependency>
        <Required type="2" schemaName="createdon" displayName="Created On" parentSchemaName="ecer_postsecondaryinstituteprogramapplicaiton" parentDisplayName="Program Application" solution="Active" />
        <Dependent type="26" schemaName="Ready for Review Program Applications" displayName="Ready for Review Program Applications" parentSchemaName="ecer_postsecondaryinstituteprogramapplicaiton" parentDisplayName="Program Application" id="{1f7aa41e-d749-ef11-accd-6045bdcd4f9d}" />
      </MissingDependency>
      <MissingDependency>
        <Required type="2" schemaName="createdon" displayName="Created On" parentSchemaName="ecer_postsecondaryinstituteprogramapplicaiton" parentDisplayName="Program Application" solution="Active" />
        <Dependent type="26" schemaName="Active Program Applications" displayName="Active Program Applications" parentSchemaName="ecer_postsecondaryinstituteprogramapplicaiton" parentDisplayName="Program Application" id="{616776f3-fcd5-4b6f-9c1c-c6bcf393db61}" />
      </MissingDependency>
      <MissingDependency>
        <Required type="2" schemaName="createdon" displayName="Created On" parentSchemaName="ecer_postsecondaryinstituteprogramapplicaiton" parentDisplayName="Program Application" solution="Active" />
        <Dependent type="26" schemaName="New Submitted Program Applications" displayName="New Submitted Program Applications" parentSchemaName="ecer_postsecondaryinstituteprogramapplicaiton" parentDisplayName="Program Application" id="{9ea3c256-1b49-ef11-accd-6045bdcd6cb0}" />
      </MissingDependency>
      <MissingDependency>
        <Required type="2" schemaName="createdon" displayName="Created On" parentSchemaName="ecer_postsecondaryinstituteprogramapplicaiton" parentDisplayName="Program Application" solution="Active" />
        <Dependent type="26" schemaName="My Program Applications" displayName="My Program Applications" parentSchemaName="ecer_postsecondaryinstituteprogramapplicaiton" parentDisplayName="Program Application" id="{f2f56c84-8048-ef11-acce-000d3af4a207}" />
      </MissingDependency>
      <MissingDependency>
        <Required type="2" schemaName="ecer_applicationtype" displayName="Application Type" parentSchemaName="ecer_postsecondaryinstituteprogramapplicaiton" parentDisplayName="Program Application" solution="Active" />
        <Dependent type="26" schemaName="Ready for Review Program Applications" displayName="Ready for Review Program Applications" parentSchemaName="ecer_postsecondaryinstituteprogramapplicaiton" parentDisplayName="Program Application" id="{1f7aa41e-d749-ef11-accd-6045bdcd4f9d}" />
      </MissingDependency>
      <MissingDependency>
        <Required type="2" schemaName="ecer_applicationtype" displayName="Application Type" parentSchemaName="ecer_postsecondaryinstituteprogramapplicaiton" parentDisplayName="Program Application" solution="Active" />
        <Dependent type="26" schemaName="Active Program Applications" displayName="Active Program Applications" parentSchemaName="ecer_postsecondaryinstituteprogramapplicaiton" parentDisplayName="Program Application" id="{616776f3-fcd5-4b6f-9c1c-c6bcf393db61}" />
      </MissingDependency>
      <MissingDependency>
        <Required type="2" schemaName="ecer_applicationtype" displayName="Application Type" parentSchemaName="ecer_postsecondaryinstituteprogramapplicaiton" parentDisplayName="Program Application" solution="Active" />
        <Dependent type="26" schemaName="New Submitted Program Applications" displayName="New Submitted Program Applications" parentSchemaName="ecer_postsecondaryinstituteprogramapplicaiton" parentDisplayName="Program Application" id="{9ea3c256-1b49-ef11-accd-6045bdcd6cb0}" />
      </MissingDependency>
      <MissingDependency>
        <Required type="2" schemaName="ecer_applicationtype" displayName="Application Type" parentSchemaName="ecer_postsecondaryinstituteprogramapplicaiton" parentDisplayName="Program Application" solution="Active" />
        <Dependent type="26" schemaName="Program Application for Program Profile View" displayName="Program Application for Program Profile View" parentSchemaName="ecer_postsecondaryinstituteprogramapplicaiton" parentDisplayName="Program Application" id="{b992c349-0a13-ef11-9f89-6045bdf9ed54}" />
      </MissingDependency>
      <MissingDependency>
        <Required type="2" schemaName="ecer_applicationtype" displayName="Application Type" parentSchemaName="ecer_postsecondaryinstituteprogramapplicaiton" parentDisplayName="Program Application" solution="Active" />
        <Dependent type="26" schemaName="My Program Applications" displayName="My Program Applications" parentSchemaName="ecer_postsecondaryinstituteprogramapplicaiton" parentDisplayName="Program Application" id="{f2f56c84-8048-ef11-acce-000d3af4a207}" />
      </MissingDependency>
      <MissingDependency>
        <Required type="2" schemaName="ecer_campusid" displayName="Campus" parentSchemaName="ecer_postsecondaryinstituteprogramapplicaiton" parentDisplayName="Program Application" solution="Active" />
        <Dependent type="26" schemaName="Ready for Review Program Applications" displayName="Ready for Review Program Applications" parentSchemaName="ecer_postsecondaryinstituteprogramapplicaiton" parentDisplayName="Program Application" id="{1f7aa41e-d749-ef11-accd-6045bdcd4f9d}" />
      </MissingDependency>
      <MissingDependency>
        <Required type="2" schemaName="ecer_campusid" displayName="Campus" parentSchemaName="ecer_postsecondaryinstituteprogramapplicaiton" parentDisplayName="Program Application" solution="Active" />
        <Dependent type="26" schemaName="Active Program Applications" displayName="Active Program Applications" parentSchemaName="ecer_postsecondaryinstituteprogramapplicaiton" parentDisplayName="Program Application" id="{616776f3-fcd5-4b6f-9c1c-c6bcf393db61}" />
      </MissingDependency>
      <MissingDependency>
        <Required type="2" schemaName="ecer_campusid" displayName="Campus" parentSchemaName="ecer_postsecondaryinstituteprogramapplicaiton" parentDisplayName="Program Application" solution="Active" />
        <Dependent type="26" schemaName="New Submitted Program Applications" displayName="New Submitted Program Applications" parentSchemaName="ecer_postsecondaryinstituteprogramapplicaiton" parentDisplayName="Program Application" id="{9ea3c256-1b49-ef11-accd-6045bdcd6cb0}" />
      </MissingDependency>
      <MissingDependency>
        <Required type="2" schemaName="ecer_campusid" displayName="Campus" parentSchemaName="ecer_postsecondaryinstituteprogramapplicaiton" parentDisplayName="Program Application" solution="Active" />
        <Dependent type="26" schemaName="Program Application for Program Profile View" displayName="Program Application for Program Profile View" parentSchemaName="ecer_postsecondaryinstituteprogramapplicaiton" parentDisplayName="Program Application" id="{b992c349-0a13-ef11-9f89-6045bdf9ed54}" />
      </MissingDependency>
      <MissingDependency>
        <Required type="2" schemaName="ecer_campusid" displayName="Campus" parentSchemaName="ecer_postsecondaryinstituteprogramapplicaiton" parentDisplayName="Program Application" solution="Active" />
        <Dependent type="26" schemaName="My Program Applications" displayName="My Program Applications" parentSchemaName="ecer_postsecondaryinstituteprogramapplicaiton" parentDisplayName="Program Application" id="{f2f56c84-8048-ef11-acce-000d3af4a207}" />
      </MissingDependency>
      <MissingDependency>
        <Required type="2" schemaName="ecer_dateofapplication" displayName="Date of Application" parentSchemaName="ecer_postsecondaryinstituteprogramapplicaiton" parentDisplayName="Program Application" solution="Active" />
        <Dependent type="26" schemaName="Ready for Review Program Applications" displayName="Ready for Review Program Applications" parentSchemaName="ecer_postsecondaryinstituteprogramapplicaiton" parentDisplayName="Program Application" id="{1f7aa41e-d749-ef11-accd-6045bdcd4f9d}" />
      </MissingDependency>
      <MissingDependency>
        <Required type="2" schemaName="ecer_dateofapplication" displayName="Date of Application" parentSchemaName="ecer_postsecondaryinstituteprogramapplicaiton" parentDisplayName="Program Application" solution="Active" />
        <Dependent type="26" schemaName="Active Program Applications" displayName="Active Program Applications" parentSchemaName="ecer_postsecondaryinstituteprogramapplicaiton" parentDisplayName="Program Application" id="{616776f3-fcd5-4b6f-9c1c-c6bcf393db61}" />
      </MissingDependency>
      <MissingDependency>
        <Required type="2" schemaName="ecer_dateofapplication" displayName="Date of Application" parentSchemaName="ecer_postsecondaryinstituteprogramapplicaiton" parentDisplayName="Program Application" solution="Active" />
        <Dependent type="26" schemaName="New Submitted Program Applications" displayName="New Submitted Program Applications" parentSchemaName="ecer_postsecondaryinstituteprogramapplicaiton" parentDisplayName="Program Application" id="{9ea3c256-1b49-ef11-accd-6045bdcd6cb0}" />
      </MissingDependency>
      <MissingDependency>
        <Required type="2" schemaName="ecer_dateofapplication" displayName="Date of Application" parentSchemaName="ecer_postsecondaryinstituteprogramapplicaiton" parentDisplayName="Program Application" solution="Active" />
        <Dependent type="26" schemaName="Program Application for Program Profile View" displayName="Program Application for Program Profile View" parentSchemaName="ecer_postsecondaryinstituteprogramapplicaiton" parentDisplayName="Program Application" id="{b992c349-0a13-ef11-9f89-6045bdf9ed54}" />
      </MissingDependency>
      <MissingDependency>
        <Required type="2" schemaName="ecer_dateofapplication" displayName="Date of Application" parentSchemaName="ecer_postsecondaryinstituteprogramapplicaiton" parentDisplayName="Program Application" solution="Active" />
        <Dependent type="26" schemaName="My Program Applications" displayName="My Program Applications" parentSchemaName="ecer_postsecondaryinstituteprogramapplicaiton" parentDisplayName="Program Application" id="{f2f56c84-8048-ef11-acce-000d3af4a207}" />
      </MissingDependency>
      <MissingDependency>
        <Required type="2" schemaName="ecer_deliverytype" displayName="Delivery Method" parentSchemaName="ecer_postsecondaryinstituteprogramapplicaiton" parentDisplayName="Program Application" solution="Active" />
        <Dependent type="26" schemaName="Ready for Review Program Applications" displayName="Ready for Review Program Applications" parentSchemaName="ecer_postsecondaryinstituteprogramapplicaiton" parentDisplayName="Program Application" id="{1f7aa41e-d749-ef11-accd-6045bdcd4f9d}" />
      </MissingDependency>
      <MissingDependency>
        <Required type="2" schemaName="ecer_deliverytype" displayName="Delivery Method" parentSchemaName="ecer_postsecondaryinstituteprogramapplicaiton" parentDisplayName="Program Application" solution="Active" />
        <Dependent type="26" schemaName="Active Program Applications" displayName="Active Program Applications" parentSchemaName="ecer_postsecondaryinstituteprogramapplicaiton" parentDisplayName="Program Application" id="{616776f3-fcd5-4b6f-9c1c-c6bcf393db61}" />
      </MissingDependency>
      <MissingDependency>
        <Required type="2" schemaName="ecer_deliverytype" displayName="Delivery Method" parentSchemaName="ecer_postsecondaryinstituteprogramapplicaiton" parentDisplayName="Program Application" solution="Active" />
        <Dependent type="26" schemaName="New Submitted Program Applications" displayName="New Submitted Program Applications" parentSchemaName="ecer_postsecondaryinstituteprogramapplicaiton" parentDisplayName="Program Application" id="{9ea3c256-1b49-ef11-accd-6045bdcd6cb0}" />
      </MissingDependency>
      <MissingDependency>
        <Required type="2" schemaName="ecer_deliverytype" displayName="Delivery Method" parentSchemaName="ecer_postsecondaryinstituteprogramapplicaiton" parentDisplayName="Program Application" solution="Active" />
        <Dependent type="26" schemaName="Program Application for Program Profile View" displayName="Program Application for Program Profile View" parentSchemaName="ecer_postsecondaryinstituteprogramapplicaiton" parentDisplayName="Program Application" id="{b992c349-0a13-ef11-9f89-6045bdf9ed54}" />
      </MissingDependency>
      <MissingDependency>
        <Required type="2" schemaName="ecer_deliverytype" displayName="Delivery Method" parentSchemaName="ecer_postsecondaryinstituteprogramapplicaiton" parentDisplayName="Program Application" solution="Active" />
        <Dependent type="26" schemaName="My Program Applications" displayName="My Program Applications" parentSchemaName="ecer_postsecondaryinstituteprogramapplicaiton" parentDisplayName="Program Application" id="{f2f56c84-8048-ef11-acce-000d3af4a207}" />
      </MissingDependency>
      <MissingDependency>
        <Required type="2" schemaName="ecer_interimrecognitiondate" displayName="Interim Recognition Date" parentSchemaName="ecer_postsecondaryinstituteprogramapplicaiton" parentDisplayName="Program Application" solution="Active" />
        <Dependent type="26" schemaName="Program Application for Program Profile View" displayName="Program Application for Program Profile View" parentSchemaName="ecer_postsecondaryinstituteprogramapplicaiton" parentDisplayName="Program Application" id="{b992c349-0a13-ef11-9f89-6045bdf9ed54}" />
      </MissingDependency>
      <MissingDependency>
        <Required type="2" schemaName="ecer_name" displayName="Name" parentSchemaName="ecer_postsecondaryinstituteprogramapplicaiton" parentDisplayName="Program Application" solution="Active" />
        <Dependent type="26" schemaName="Ready for Review Program Applications" displayName="Ready for Review Program Applications" parentSchemaName="ecer_postsecondaryinstituteprogramapplicaiton" parentDisplayName="Program Application" id="{1f7aa41e-d749-ef11-accd-6045bdcd4f9d}" />
      </MissingDependency>
      <MissingDependency>
        <Required type="2" schemaName="ecer_name" displayName="Name" parentSchemaName="ecer_postsecondaryinstituteprogramapplicaiton" parentDisplayName="Program Application" solution="Active" />
        <Dependent type="26" schemaName="Active Program Applications" displayName="Active Program Applications" parentSchemaName="ecer_postsecondaryinstituteprogramapplicaiton" parentDisplayName="Program Application" id="{616776f3-fcd5-4b6f-9c1c-c6bcf393db61}" />
      </MissingDependency>
      <MissingDependency>
        <Required type="2" schemaName="ecer_name" displayName="Name" parentSchemaName="ecer_postsecondaryinstituteprogramapplicaiton" parentDisplayName="Program Application" solution="Active" />
        <Dependent type="26" schemaName="New Submitted Program Applications" displayName="New Submitted Program Applications" parentSchemaName="ecer_postsecondaryinstituteprogramapplicaiton" parentDisplayName="Program Application" id="{9ea3c256-1b49-ef11-accd-6045bdcd6cb0}" />
      </MissingDependency>
      <MissingDependency>
        <Required type="2" schemaName="ecer_name" displayName="Name" parentSchemaName="ecer_postsecondaryinstituteprogramapplicaiton" parentDisplayName="Program Application" solution="Active" />
        <Dependent type="26" schemaName="Program Application for Program Profile View" displayName="Program Application for Program Profile View" parentSchemaName="ecer_postsecondaryinstituteprogramapplicaiton" parentDisplayName="Program Application" id="{b992c349-0a13-ef11-9f89-6045bdf9ed54}" />
      </MissingDependency>
      <MissingDependency>
        <Required type="2" schemaName="ecer_name" displayName="Name" parentSchemaName="ecer_postsecondaryinstituteprogramapplicaiton" parentDisplayName="Program Application" solution="Active" />
        <Dependent type="26" schemaName="My Program Applications" displayName="My Program Applications" parentSchemaName="ecer_postsecondaryinstituteprogramapplicaiton" parentDisplayName="Program Application" id="{f2f56c84-8048-ef11-acce-000d3af4a207}" />
      </MissingDependency>
      <MissingDependency>
        <Required type="2" schemaName="ecer_ongoingrecognitiondate" displayName="On-going Recognition Date" parentSchemaName="ecer_postsecondaryinstituteprogramapplicaiton" parentDisplayName="Program Application" solution="Active" />
        <Dependent type="26" schemaName="Program Application for Program Profile View" displayName="Program Application for Program Profile View" parentSchemaName="ecer_postsecondaryinstituteprogramapplicaiton" parentDisplayName="Program Application" id="{b992c349-0a13-ef11-9f89-6045bdf9ed54}" />
      </MissingDependency>
      <MissingDependency>
        <Required type="2" schemaName="ecer_postsecondaryinstitute" displayName="Post-Secondary Institution" parentSchemaName="ecer_postsecondaryinstituteprogramapplicaiton" parentDisplayName="Program Application" solution="Active" />
        <Dependent type="26" schemaName="Ready for Review Program Applications" displayName="Ready for Review Program Applications" parentSchemaName="ecer_postsecondaryinstituteprogramapplicaiton" parentDisplayName="Program Application" id="{1f7aa41e-d749-ef11-accd-6045bdcd4f9d}" />
      </MissingDependency>
      <MissingDependency>
        <Required type="2" schemaName="ecer_postsecondaryinstitute" displayName="Post-Secondary Institution" parentSchemaName="ecer_postsecondaryinstituteprogramapplicaiton" parentDisplayName="Program Application" solution="Active" />
        <Dependent type="26" schemaName="Active Program Applications" displayName="Active Program Applications" parentSchemaName="ecer_postsecondaryinstituteprogramapplicaiton" parentDisplayName="Program Application" id="{616776f3-fcd5-4b6f-9c1c-c6bcf393db61}" />
      </MissingDependency>
      <MissingDependency>
        <Required type="2" schemaName="ecer_postsecondaryinstitute" displayName="Post-Secondary Institution" parentSchemaName="ecer_postsecondaryinstituteprogramapplicaiton" parentDisplayName="Program Application" solution="Active" />
        <Dependent type="26" schemaName="New Submitted Program Applications" displayName="New Submitted Program Applications" parentSchemaName="ecer_postsecondaryinstituteprogramapplicaiton" parentDisplayName="Program Application" id="{9ea3c256-1b49-ef11-accd-6045bdcd6cb0}" />
      </MissingDependency>
      <MissingDependency>
        <Required type="2" schemaName="ecer_postsecondaryinstitute" displayName="Post-Secondary Institution" parentSchemaName="ecer_postsecondaryinstituteprogramapplicaiton" parentDisplayName="Program Application" solution="Active" />
        <Dependent type="26" schemaName="My Program Applications" displayName="My Program Applications" parentSchemaName="ecer_postsecondaryinstituteprogramapplicaiton" parentDisplayName="Program Application" id="{f2f56c84-8048-ef11-acce-000d3af4a207}" />
      </MissingDependency>
      <MissingDependency>
        <Required type="2" schemaName="ecer_postsecondaryinstituteprogramapplicaitonid" displayName="Post Secondary Institute Program Applicaiton" parentSchemaName="ecer_postsecondaryinstituteprogramapplicaiton" parentDisplayName="Program Application" solution="Active" />
        <Dependent type="26" schemaName="Ready for Review Program Applications" displayName="Ready for Review Program Applications" parentSchemaName="ecer_postsecondaryinstituteprogramapplicaiton" parentDisplayName="Program Application" id="{1f7aa41e-d749-ef11-accd-6045bdcd4f9d}" />
      </MissingDependency>
      <MissingDependency>
        <Required type="2" schemaName="ecer_postsecondaryinstituteprogramapplicaitonid" displayName="Post Secondary Institute Program Applicaiton" parentSchemaName="ecer_postsecondaryinstituteprogramapplicaiton" parentDisplayName="Program Application" solution="Active" />
        <Dependent type="26" schemaName="Active Program Applications" displayName="Active Program Applications" parentSchemaName="ecer_postsecondaryinstituteprogramapplicaiton" parentDisplayName="Program Application" id="{616776f3-fcd5-4b6f-9c1c-c6bcf393db61}" />
      </MissingDependency>
      <MissingDependency>
        <Required type="2" schemaName="ecer_postsecondaryinstituteprogramapplicaitonid" displayName="Post Secondary Institute Program Applicaiton" parentSchemaName="ecer_postsecondaryinstituteprogramapplicaiton" parentDisplayName="Program Application" solution="Active" />
        <Dependent type="26" schemaName="My Post Secondary Institute Program Applicaitons" displayName="My Post Secondary Institute Program Applicaitons" parentSchemaName="ecer_postsecondaryinstituteprogramapplicaiton" parentDisplayName="Program Application" id="{87691d91-85e8-ee11-a203-000d3af4645f}" />
      </MissingDependency>
      <MissingDependency>
        <Required type="2" schemaName="ecer_postsecondaryinstituteprogramapplicaitonid" displayName="Post Secondary Institute Program Applicaiton" parentSchemaName="ecer_postsecondaryinstituteprogramapplicaiton" parentDisplayName="Program Application" solution="Active" />
        <Dependent type="26" schemaName="New Submitted Program Applications" displayName="New Submitted Program Applications" parentSchemaName="ecer_postsecondaryinstituteprogramapplicaiton" parentDisplayName="Program Application" id="{9ea3c256-1b49-ef11-accd-6045bdcd6cb0}" />
      </MissingDependency>
      <MissingDependency>
        <Required type="2" schemaName="ecer_postsecondaryinstituteprogramapplicaitonid" displayName="Post Secondary Institute Program Applicaiton" parentSchemaName="ecer_postsecondaryinstituteprogramapplicaiton" parentDisplayName="Program Application" solution="Active" />
        <Dependent type="26" schemaName="Program Application for Program Profile View" displayName="Program Application for Program Profile View" parentSchemaName="ecer_postsecondaryinstituteprogramapplicaiton" parentDisplayName="Program Application" id="{b992c349-0a13-ef11-9f89-6045bdf9ed54}" />
      </MissingDependency>
      <MissingDependency>
        <Required type="2" schemaName="ecer_postsecondaryinstituteprogramapplicaitonid" displayName="Post Secondary Institute Program Applicaiton" parentSchemaName="ecer_postsecondaryinstituteprogramapplicaiton" parentDisplayName="Program Application" solution="Active" />
        <Dependent type="26" schemaName="My Program Applications" displayName="My Program Applications" parentSchemaName="ecer_postsecondaryinstituteprogramapplicaiton" parentDisplayName="Program Application" id="{f2f56c84-8048-ef11-acce-000d3af4a207}" />
      </MissingDependency>
      <MissingDependency>
        <Required type="2" schemaName="ecer_provincialcertificationtypeoffered" displayName="Program Type" parentSchemaName="ecer_postsecondaryinstituteprogramapplicaiton" parentDisplayName="Program Application" solution="Active" />
        <Dependent type="26" schemaName="Ready for Review Program Applications" displayName="Ready for Review Program Applications" parentSchemaName="ecer_postsecondaryinstituteprogramapplicaiton" parentDisplayName="Program Application" id="{1f7aa41e-d749-ef11-accd-6045bdcd4f9d}" />
      </MissingDependency>
      <MissingDependency>
        <Required type="2" schemaName="ecer_provincialcertificationtypeoffered" displayName="Program Type" parentSchemaName="ecer_postsecondaryinstituteprogramapplicaiton" parentDisplayName="Program Application" solution="Active" />
        <Dependent type="26" schemaName="Active Program Applications" displayName="Active Program Applications" parentSchemaName="ecer_postsecondaryinstituteprogramapplicaiton" parentDisplayName="Program Application" id="{616776f3-fcd5-4b6f-9c1c-c6bcf393db61}" />
      </MissingDependency>
      <MissingDependency>
        <Required type="2" schemaName="ecer_provincialcertificationtypeoffered" displayName="Program Type" parentSchemaName="ecer_postsecondaryinstituteprogramapplicaiton" parentDisplayName="Program Application" solution="Active" />
        <Dependent type="26" schemaName="New Submitted Program Applications" displayName="New Submitted Program Applications" parentSchemaName="ecer_postsecondaryinstituteprogramapplicaiton" parentDisplayName="Program Application" id="{9ea3c256-1b49-ef11-accd-6045bdcd6cb0}" />
      </MissingDependency>
      <MissingDependency>
        <Required type="2" schemaName="ecer_provincialcertificationtypeoffered" displayName="Program Type" parentSchemaName="ecer_postsecondaryinstituteprogramapplicaiton" parentDisplayName="Program Application" solution="Active" />
        <Dependent type="26" schemaName="Program Application for Program Profile View" displayName="Program Application for Program Profile View" parentSchemaName="ecer_postsecondaryinstituteprogramapplicaiton" parentDisplayName="Program Application" id="{b992c349-0a13-ef11-9f89-6045bdf9ed54}" />
      </MissingDependency>
      <MissingDependency>
        <Required type="2" schemaName="ecer_provincialcertificationtypeoffered" displayName="Program Type" parentSchemaName="ecer_postsecondaryinstituteprogramapplicaiton" parentDisplayName="Program Application" solution="Active" />
        <Dependent type="26" schemaName="My Program Applications" displayName="My Program Applications" parentSchemaName="ecer_postsecondaryinstituteprogramapplicaiton" parentDisplayName="Program Application" id="{f2f56c84-8048-ef11-acce-000d3af4a207}" />
      </MissingDependency>
      <MissingDependency>
        <Required type="2" schemaName="ownerid" displayName="Owner" parentSchemaName="ecer_postsecondaryinstituteprogramapplicaiton" parentDisplayName="Program Application" solution="Active" />
        <Dependent type="26" schemaName="Ready for Review Program Applications" displayName="Ready for Review Program Applications" parentSchemaName="ecer_postsecondaryinstituteprogramapplicaiton" parentDisplayName="Program Application" id="{1f7aa41e-d749-ef11-accd-6045bdcd4f9d}" />
      </MissingDependency>
      <MissingDependency>
        <Required type="2" schemaName="ownerid" displayName="Owner" parentSchemaName="ecer_postsecondaryinstituteprogramapplicaiton" parentDisplayName="Program Application" solution="Active" />
        <Dependent type="26" schemaName="Active Program Applications" displayName="Active Program Applications" parentSchemaName="ecer_postsecondaryinstituteprogramapplicaiton" parentDisplayName="Program Application" id="{616776f3-fcd5-4b6f-9c1c-c6bcf393db61}" />
      </MissingDependency>
      <MissingDependency>
        <Required type="2" schemaName="ownerid" displayName="Owner" parentSchemaName="ecer_postsecondaryinstituteprogramapplicaiton" parentDisplayName="Program Application" solution="Active" />
        <Dependent type="26" schemaName="My Post Secondary Institute Program Applicaitons" displayName="My Post Secondary Institute Program Applicaitons" parentSchemaName="ecer_postsecondaryinstituteprogramapplicaiton" parentDisplayName="Program Application" id="{87691d91-85e8-ee11-a203-000d3af4645f}" />
      </MissingDependency>
      <MissingDependency>
        <Required type="2" schemaName="ownerid" displayName="Owner" parentSchemaName="ecer_postsecondaryinstituteprogramapplicaiton" parentDisplayName="Program Application" solution="Active" />
        <Dependent type="26" schemaName="New Submitted Program Applications" displayName="New Submitted Program Applications" parentSchemaName="ecer_postsecondaryinstituteprogramapplicaiton" parentDisplayName="Program Application" id="{9ea3c256-1b49-ef11-accd-6045bdcd6cb0}" />
      </MissingDependency>
      <MissingDependency>
        <Required type="2" schemaName="ownerid" displayName="Owner" parentSchemaName="ecer_postsecondaryinstituteprogramapplicaiton" parentDisplayName="Program Application" solution="Active" />
        <Dependent type="26" schemaName="My Program Applications" displayName="My Program Applications" parentSchemaName="ecer_postsecondaryinstituteprogramapplicaiton" parentDisplayName="Program Application" id="{f2f56c84-8048-ef11-acce-000d3af4a207}" />
      </MissingDependency>
      <MissingDependency>
        <Required type="2" schemaName="statecode" displayName="Status" parentSchemaName="ecer_postsecondaryinstituteprogramapplicaiton" parentDisplayName="Program Application" solution="Active" />
        <Dependent type="26" schemaName="Active Program Applications" displayName="Active Program Applications" parentSchemaName="ecer_postsecondaryinstituteprogramapplicaiton" parentDisplayName="Program Application" id="{616776f3-fcd5-4b6f-9c1c-c6bcf393db61}" />
      </MissingDependency>
      <MissingDependency>
        <Required type="2" schemaName="statecode" displayName="Status" parentSchemaName="ecer_postsecondaryinstituteprogramapplicaiton" parentDisplayName="Program Application" solution="Active" />
        <Dependent type="26" schemaName="My Post Secondary Institute Program Applicaitons" displayName="My Post Secondary Institute Program Applicaitons" parentSchemaName="ecer_postsecondaryinstituteprogramapplicaiton" parentDisplayName="Program Application" id="{87691d91-85e8-ee11-a203-000d3af4645f}" />
      </MissingDependency>
      <MissingDependency>
        <Required type="2" schemaName="statecode" displayName="Status" parentSchemaName="ecer_postsecondaryinstituteprogramapplicaiton" parentDisplayName="Program Application" solution="Active" />
        <Dependent type="26" schemaName="My Program Applications" displayName="My Program Applications" parentSchemaName="ecer_postsecondaryinstituteprogramapplicaiton" parentDisplayName="Program Application" id="{f2f56c84-8048-ef11-acce-000d3af4a207}" />
      </MissingDependency>
      <MissingDependency>
        <Required type="2" schemaName="statuscode" displayName="Status Reason" parentSchemaName="ecer_postsecondaryinstituteprogramapplicaiton" parentDisplayName="Program Application" solution="Active" />
        <Dependent type="26" schemaName="Ready for Review Program Applications" displayName="Ready for Review Program Applications" parentSchemaName="ecer_postsecondaryinstituteprogramapplicaiton" parentDisplayName="Program Application" id="{1f7aa41e-d749-ef11-accd-6045bdcd4f9d}" />
      </MissingDependency>
      <MissingDependency>
        <Required type="2" schemaName="statuscode" displayName="Status Reason" parentSchemaName="ecer_postsecondaryinstituteprogramapplicaiton" parentDisplayName="Program Application" solution="Active" />
        <Dependent type="26" schemaName="Active Program Applications" displayName="Active Program Applications" parentSchemaName="ecer_postsecondaryinstituteprogramapplicaiton" parentDisplayName="Program Application" id="{616776f3-fcd5-4b6f-9c1c-c6bcf393db61}" />
      </MissingDependency>
      <MissingDependency>
        <Required type="2" schemaName="statuscode" displayName="Status Reason" parentSchemaName="ecer_postsecondaryinstituteprogramapplicaiton" parentDisplayName="Program Application" solution="Active" />
        <Dependent type="26" schemaName="New Submitted Program Applications" displayName="New Submitted Program Applications" parentSchemaName="ecer_postsecondaryinstituteprogramapplicaiton" parentDisplayName="Program Application" id="{9ea3c256-1b49-ef11-accd-6045bdcd6cb0}" />
      </MissingDependency>
      <MissingDependency>
        <Required type="2" schemaName="statuscode" displayName="Status Reason" parentSchemaName="ecer_postsecondaryinstituteprogramapplicaiton" parentDisplayName="Program Application" solution="Active" />
        <Dependent type="26" schemaName="Program Application for Program Profile View" displayName="Program Application for Program Profile View" parentSchemaName="ecer_postsecondaryinstituteprogramapplicaiton" parentDisplayName="Program Application" id="{b992c349-0a13-ef11-9f89-6045bdf9ed54}" />
      </MissingDependency>
      <MissingDependency>
        <Required type="2" schemaName="statuscode" displayName="Status Reason" parentSchemaName="ecer_postsecondaryinstituteprogramapplicaiton" parentDisplayName="Program Application" solution="Active" />
        <Dependent type="26" schemaName="My Program Applications" displayName="My Program Applications" parentSchemaName="ecer_postsecondaryinstituteprogramapplicaiton" parentDisplayName="Program Application" id="{f2f56c84-8048-ef11-acce-000d3af4a207}" />
      </MissingDependency>
      <MissingDependency>
        <Required type="2" schemaName="createdon" displayName="Created On" parentSchemaName="ecer_postsecondaryinstitutesitevisit" parentDisplayName="Site Visit" solution="Active" />
        <Dependent type="26" schemaName="Active Site Visits" displayName="Active Site Visits" parentSchemaName="ecer_postsecondaryinstitutesitevisit" parentDisplayName="Site Visit" id="{2d600275-d01b-4966-b1dd-509bb7b350f0}" />
      </MissingDependency>
      <MissingDependency>
        <Required type="2" schemaName="ecer_postsecondaryinstitutesitevisitid" displayName="Post Secondary Institute Site Visit" parentSchemaName="ecer_postsecondaryinstitutesitevisit" parentDisplayName="Site Visit" solution="Active" />
        <Dependent type="26" schemaName="Active Site Visits" displayName="Active Site Visits" parentSchemaName="ecer_postsecondaryinstitutesitevisit" parentDisplayName="Site Visit" id="{2d600275-d01b-4966-b1dd-509bb7b350f0}" />
      </MissingDependency>
      <MissingDependency>
        <Required type="2" schemaName="ecer_postsecondaryinstitution" displayName="Post-Secondary Institution" parentSchemaName="ecer_postsecondaryinstitutesitevisit" parentDisplayName="Site Visit" solution="Active" />
        <Dependent type="26" schemaName="Active Site Visits" displayName="Active Site Visits" parentSchemaName="ecer_postsecondaryinstitutesitevisit" parentDisplayName="Site Visit" id="{2d600275-d01b-4966-b1dd-509bb7b350f0}" />
      </MissingDependency>
      <MissingDependency>
        <Required type="2" schemaName="ecer_programapplication" displayName="Program Application" parentSchemaName="ecer_postsecondaryinstitutesitevisit" parentDisplayName="Site Visit" solution="Active" />
        <Dependent type="26" schemaName="Active Site Visits" displayName="Active Site Visits" parentSchemaName="ecer_postsecondaryinstitutesitevisit" parentDisplayName="Site Visit" id="{2d600275-d01b-4966-b1dd-509bb7b350f0}" />
      </MissingDependency>
      <MissingDependency>
        <Required type="2" schemaName="ecer_sitevisitdate" displayName="Site Visit Date" parentSchemaName="ecer_postsecondaryinstitutesitevisit" parentDisplayName="Site Visit" solution="Active" />
        <Dependent type="26" schemaName="Active Site Visits" displayName="Active Site Visits" parentSchemaName="ecer_postsecondaryinstitutesitevisit" parentDisplayName="Site Visit" id="{2d600275-d01b-4966-b1dd-509bb7b350f0}" />
      </MissingDependency>
      <MissingDependency>
        <Required type="2" schemaName="ecer_type" displayName="Site Visit Type" parentSchemaName="ecer_postsecondaryinstitutesitevisit" parentDisplayName="Site Visit" solution="Active" />
        <Dependent type="26" schemaName="Active Site Visits" displayName="Active Site Visits" parentSchemaName="ecer_postsecondaryinstitutesitevisit" parentDisplayName="Site Visit" id="{2d600275-d01b-4966-b1dd-509bb7b350f0}" />
      </MissingDependency>
      <MissingDependency>
        <Required type="2" schemaName="statecode" displayName="Status" parentSchemaName="ecer_postsecondaryinstitutesitevisit" parentDisplayName="Site Visit" solution="Active" />
        <Dependent type="26" schemaName="Active Site Visits" displayName="Active Site Visits" parentSchemaName="ecer_postsecondaryinstitutesitevisit" parentDisplayName="Site Visit" id="{2d600275-d01b-4966-b1dd-509bb7b350f0}" />
      </MissingDependency>
      <MissingDependency>
        <Required type="2" schemaName="createdon" displayName="Created On" parentSchemaName="ecer_program" parentDisplayName="Program Profile" solution="Active" />
        <Dependent type="26" schemaName="All Program Profiles" displayName="All Program Profiles" parentSchemaName="ecer_program" parentDisplayName="Program Profile" id="{185fc853-3303-ef11-9f8a-000d3af4a207}" />
      </MissingDependency>
      <MissingDependency>
        <Required type="2" schemaName="createdon" displayName="Created On" parentSchemaName="ecer_program" parentDisplayName="Program Profile" solution="Active" />
        <Dependent type="26" schemaName="Approved Program Profiles" displayName="Approved Program Profiles" parentSchemaName="ecer_program" parentDisplayName="Program Profile" id="{8422865f-79ec-ee11-a1fd-0022486e1cec}" />
      </MissingDependency>
      <MissingDependency>
        <Required type="2" schemaName="createdon" displayName="Created On" parentSchemaName="ecer_program" parentDisplayName="Program Profile" solution="Active" />
        <Dependent type="26" schemaName="Current Program Profiles" displayName="Current Program Profiles" parentSchemaName="ecer_program" parentDisplayName="Program Profile" id="{c68acce6-049b-ef11-8a6a-000d3a0a4c90}" />
      </MissingDependency>
      <MissingDependency>
        <Required type="2" schemaName="ecer_enddate" displayName="End Date" parentSchemaName="ecer_program" parentDisplayName="Program Profile" solution="Active" />
        <Dependent type="26" schemaName="All Program Profiles" displayName="All Program Profiles" parentSchemaName="ecer_program" parentDisplayName="Program Profile" id="{185fc853-3303-ef11-9f8a-000d3af4a207}" />
      </MissingDependency>
      <MissingDependency>
        <Required type="2" schemaName="ecer_enddate" displayName="End Date" parentSchemaName="ecer_program" parentDisplayName="Program Profile" solution="Active" />
        <Dependent type="26" schemaName="Approved Program Profiles" displayName="Approved Program Profiles" parentSchemaName="ecer_program" parentDisplayName="Program Profile" id="{8422865f-79ec-ee11-a1fd-0022486e1cec}" />
      </MissingDependency>
      <MissingDependency>
        <Required type="2" schemaName="ecer_enddate" displayName="End Date" parentSchemaName="ecer_program" parentDisplayName="Program Profile" solution="Active" />
        <Dependent type="26" schemaName="Under Review Program Profile" displayName="Under Review Program Profile" parentSchemaName="ecer_program" parentDisplayName="Program Profile" id="{979f97fb-3003-ef11-9f89-0022486e0199}" />
      </MissingDependency>
      <MissingDependency>
        <Required type="2" schemaName="ecer_enddate" displayName="End Date" parentSchemaName="ecer_program" parentDisplayName="Program Profile" solution="Active" />
        <Dependent type="26" schemaName="Current Program Profiles" displayName="Current Program Profiles" parentSchemaName="ecer_program" parentDisplayName="Program Profile" id="{c68acce6-049b-ef11-8a6a-000d3a0a4c90}" />
      </MissingDependency>
      <MissingDependency>
        <Required type="2" schemaName="ecer_enddate" displayName="End Date" parentSchemaName="ecer_program" parentDisplayName="Program Profile" solution="Active" />
        <Dependent type="26" schemaName="Denied Program Profile" displayName="Denied Program Profile" parentSchemaName="ecer_program" parentDisplayName="Program Profile" id="{d93ce781-3103-ef11-9f89-0022486e1cec}" />
      </MissingDependency>
      <MissingDependency>
        <Required type="2" schemaName="ecer_enddate" displayName="End Date" parentSchemaName="ecer_program" parentDisplayName="Program Profile" solution="Active" />
        <Dependent type="26" schemaName="New Submitted Program Profile" displayName="New Submitted Program Profile" parentSchemaName="ecer_program" parentDisplayName="Program Profile" id="{fed927b9-7f54-4327-95c6-8a4d01de7c3c}" />
      </MissingDependency>
      <MissingDependency>
        <Required type="2" schemaName="ecer_name" displayName="Program Name" parentSchemaName="ecer_program" parentDisplayName="Program Profile" solution="Active" />
        <Dependent type="26" schemaName="All Program Profiles" displayName="All Program Profiles" parentSchemaName="ecer_program" parentDisplayName="Program Profile" id="{185fc853-3303-ef11-9f8a-000d3af4a207}" />
      </MissingDependency>
      <MissingDependency>
        <Required type="2" schemaName="ecer_name" displayName="Program Name" parentSchemaName="ecer_program" parentDisplayName="Program Profile" solution="Active" />
        <Dependent type="26" schemaName="Approved Program Profiles" displayName="Approved Program Profiles" parentSchemaName="ecer_program" parentDisplayName="Program Profile" id="{8422865f-79ec-ee11-a1fd-0022486e1cec}" />
      </MissingDependency>
      <MissingDependency>
        <Required type="2" schemaName="ecer_name" displayName="Program Name" parentSchemaName="ecer_program" parentDisplayName="Program Profile" solution="Active" />
        <Dependent type="26" schemaName="Under Review Program Profile" displayName="Under Review Program Profile" parentSchemaName="ecer_program" parentDisplayName="Program Profile" id="{979f97fb-3003-ef11-9f89-0022486e0199}" />
      </MissingDependency>
      <MissingDependency>
        <Required type="2" schemaName="ecer_name" displayName="Program Name" parentSchemaName="ecer_program" parentDisplayName="Program Profile" solution="Active" />
        <Dependent type="26" schemaName="Current Program Profiles" displayName="Current Program Profiles" parentSchemaName="ecer_program" parentDisplayName="Program Profile" id="{c68acce6-049b-ef11-8a6a-000d3a0a4c90}" />
      </MissingDependency>
      <MissingDependency>
        <Required type="2" schemaName="ecer_name" displayName="Program Name" parentSchemaName="ecer_program" parentDisplayName="Program Profile" solution="Active" />
        <Dependent type="26" schemaName="Denied Program Profile" displayName="Denied Program Profile" parentSchemaName="ecer_program" parentDisplayName="Program Profile" id="{d93ce781-3103-ef11-9f89-0022486e1cec}" />
      </MissingDependency>
      <MissingDependency>
        <Required type="2" schemaName="ecer_name" displayName="Program Name" parentSchemaName="ecer_program" parentDisplayName="Program Profile" solution="Active" />
        <Dependent type="26" schemaName="New Submitted Program Profile" displayName="New Submitted Program Profile" parentSchemaName="ecer_program" parentDisplayName="Program Profile" id="{fed927b9-7f54-4327-95c6-8a4d01de7c3c}" />
      </MissingDependency>
      <MissingDependency>
        <Required type="2" schemaName="ecer_postsecondaryinstitution" displayName="Post-Secondary Institution" parentSchemaName="ecer_program" parentDisplayName="Program Profile" solution="Active" />
        <Dependent type="26" schemaName="All Program Profiles" displayName="All Program Profiles" parentSchemaName="ecer_program" parentDisplayName="Program Profile" id="{185fc853-3303-ef11-9f8a-000d3af4a207}" />
      </MissingDependency>
      <MissingDependency>
        <Required type="2" schemaName="ecer_postsecondaryinstitution" displayName="Post-Secondary Institution" parentSchemaName="ecer_program" parentDisplayName="Program Profile" solution="Active" />
        <Dependent type="26" schemaName="Approved Program Profiles" displayName="Approved Program Profiles" parentSchemaName="ecer_program" parentDisplayName="Program Profile" id="{8422865f-79ec-ee11-a1fd-0022486e1cec}" />
      </MissingDependency>
      <MissingDependency>
        <Required type="2" schemaName="ecer_postsecondaryinstitution" displayName="Post-Secondary Institution" parentSchemaName="ecer_program" parentDisplayName="Program Profile" solution="Active" />
        <Dependent type="26" schemaName="Under Review Program Profile" displayName="Under Review Program Profile" parentSchemaName="ecer_program" parentDisplayName="Program Profile" id="{979f97fb-3003-ef11-9f89-0022486e0199}" />
      </MissingDependency>
      <MissingDependency>
        <Required type="2" schemaName="ecer_postsecondaryinstitution" displayName="Post-Secondary Institution" parentSchemaName="ecer_program" parentDisplayName="Program Profile" solution="Active" />
        <Dependent type="26" schemaName="Current Program Profiles" displayName="Current Program Profiles" parentSchemaName="ecer_program" parentDisplayName="Program Profile" id="{c68acce6-049b-ef11-8a6a-000d3a0a4c90}" />
      </MissingDependency>
      <MissingDependency>
        <Required type="2" schemaName="ecer_postsecondaryinstitution" displayName="Post-Secondary Institution" parentSchemaName="ecer_program" parentDisplayName="Program Profile" solution="Active" />
        <Dependent type="26" schemaName="Denied Program Profile" displayName="Denied Program Profile" parentSchemaName="ecer_program" parentDisplayName="Program Profile" id="{d93ce781-3103-ef11-9f89-0022486e1cec}" />
      </MissingDependency>
      <MissingDependency>
        <Required type="2" schemaName="ecer_postsecondaryinstitution" displayName="Post-Secondary Institution" parentSchemaName="ecer_program" parentDisplayName="Program Profile" solution="Active" />
        <Dependent type="26" schemaName="New Submitted Program Profile" displayName="New Submitted Program Profile" parentSchemaName="ecer_program" parentDisplayName="Program Profile" id="{fed927b9-7f54-4327-95c6-8a4d01de7c3c}" />
      </MissingDependency>
      <MissingDependency>
        <Required type="2" schemaName="ecer_programid" displayName="Program" parentSchemaName="ecer_program" parentDisplayName="Program Profile" solution="Active" />
        <Dependent type="26" schemaName="All Program Profiles" displayName="All Program Profiles" parentSchemaName="ecer_program" parentDisplayName="Program Profile" id="{185fc853-3303-ef11-9f8a-000d3af4a207}" />
      </MissingDependency>
      <MissingDependency>
        <Required type="2" schemaName="ecer_programid" displayName="Program" parentSchemaName="ecer_program" parentDisplayName="Program Profile" solution="Active" />
        <Dependent type="26" schemaName="My Programs" displayName="My Programs" parentSchemaName="ecer_program" parentDisplayName="Program Profile" id="{3e88ea5c-7873-ee11-8179-000d3af462e8}" />
      </MissingDependency>
      <MissingDependency>
        <Required type="2" schemaName="ecer_programid" displayName="Program" parentSchemaName="ecer_program" parentDisplayName="Program Profile" solution="Active" />
        <Dependent type="26" schemaName="Approved Program Profiles" displayName="Approved Program Profiles" parentSchemaName="ecer_program" parentDisplayName="Program Profile" id="{8422865f-79ec-ee11-a1fd-0022486e1cec}" />
      </MissingDependency>
      <MissingDependency>
        <Required type="2" schemaName="ecer_programid" displayName="Program" parentSchemaName="ecer_program" parentDisplayName="Program Profile" solution="Active" />
        <Dependent type="26" schemaName="Under Review Program Profile" displayName="Under Review Program Profile" parentSchemaName="ecer_program" parentDisplayName="Program Profile" id="{979f97fb-3003-ef11-9f89-0022486e0199}" />
      </MissingDependency>
      <MissingDependency>
        <Required type="2" schemaName="ecer_programid" displayName="Program" parentSchemaName="ecer_program" parentDisplayName="Program Profile" solution="Active" />
        <Dependent type="26" schemaName="Current Program Profiles" displayName="Current Program Profiles" parentSchemaName="ecer_program" parentDisplayName="Program Profile" id="{c68acce6-049b-ef11-8a6a-000d3a0a4c90}" />
      </MissingDependency>
      <MissingDependency>
        <Required type="2" schemaName="ecer_programid" displayName="Program" parentSchemaName="ecer_program" parentDisplayName="Program Profile" solution="Active" />
        <Dependent type="26" schemaName="Denied Program Profile" displayName="Denied Program Profile" parentSchemaName="ecer_program" parentDisplayName="Program Profile" id="{d93ce781-3103-ef11-9f89-0022486e1cec}" />
      </MissingDependency>
      <MissingDependency>
        <Required type="2" schemaName="ecer_programid" displayName="Program" parentSchemaName="ecer_program" parentDisplayName="Program Profile" solution="Active" />
        <Dependent type="26" schemaName="New Submitted Program Profile" displayName="New Submitted Program Profile" parentSchemaName="ecer_program" parentDisplayName="Program Profile" id="{fed927b9-7f54-4327-95c6-8a4d01de7c3c}" />
      </MissingDependency>
      <MissingDependency>
        <Required type="2" schemaName="ecer_programtypes" displayName="Program Type(s)" parentSchemaName="ecer_program" parentDisplayName="Program Profile" solution="Active" />
        <Dependent type="26" schemaName="All Program Profiles" displayName="All Program Profiles" parentSchemaName="ecer_program" parentDisplayName="Program Profile" id="{185fc853-3303-ef11-9f8a-000d3af4a207}" />
      </MissingDependency>
      <MissingDependency>
        <Required type="2" schemaName="ecer_programtypes" displayName="Program Type(s)" parentSchemaName="ecer_program" parentDisplayName="Program Profile" solution="Active" />
        <Dependent type="26" schemaName="Approved Program Profiles" displayName="Approved Program Profiles" parentSchemaName="ecer_program" parentDisplayName="Program Profile" id="{8422865f-79ec-ee11-a1fd-0022486e1cec}" />
      </MissingDependency>
      <MissingDependency>
        <Required type="2" schemaName="ecer_programtypes" displayName="Program Type(s)" parentSchemaName="ecer_program" parentDisplayName="Program Profile" solution="Active" />
        <Dependent type="26" schemaName="Under Review Program Profile" displayName="Under Review Program Profile" parentSchemaName="ecer_program" parentDisplayName="Program Profile" id="{979f97fb-3003-ef11-9f89-0022486e0199}" />
      </MissingDependency>
      <MissingDependency>
        <Required type="2" schemaName="ecer_programtypes" displayName="Program Type(s)" parentSchemaName="ecer_program" parentDisplayName="Program Profile" solution="Active" />
        <Dependent type="26" schemaName="Current Program Profiles" displayName="Current Program Profiles" parentSchemaName="ecer_program" parentDisplayName="Program Profile" id="{c68acce6-049b-ef11-8a6a-000d3a0a4c90}" />
      </MissingDependency>
      <MissingDependency>
        <Required type="2" schemaName="ecer_programtypes" displayName="Program Type(s)" parentSchemaName="ecer_program" parentDisplayName="Program Profile" solution="Active" />
        <Dependent type="26" schemaName="Denied Program Profile" displayName="Denied Program Profile" parentSchemaName="ecer_program" parentDisplayName="Program Profile" id="{d93ce781-3103-ef11-9f89-0022486e1cec}" />
      </MissingDependency>
      <MissingDependency>
        <Required type="2" schemaName="ecer_programtypes" displayName="Program Type(s)" parentSchemaName="ecer_program" parentDisplayName="Program Profile" solution="Active" />
        <Dependent type="26" schemaName="New Submitted Program Profile" displayName="New Submitted Program Profile" parentSchemaName="ecer_program" parentDisplayName="Program Profile" id="{fed927b9-7f54-4327-95c6-8a4d01de7c3c}" />
      </MissingDependency>
      <MissingDependency>
        <Required type="2" schemaName="ecer_startdate" displayName="Start Date" parentSchemaName="ecer_program" parentDisplayName="Program Profile" solution="Active" />
        <Dependent type="26" schemaName="All Program Profiles" displayName="All Program Profiles" parentSchemaName="ecer_program" parentDisplayName="Program Profile" id="{185fc853-3303-ef11-9f8a-000d3af4a207}" />
      </MissingDependency>
      <MissingDependency>
        <Required type="2" schemaName="ecer_startdate" displayName="Start Date" parentSchemaName="ecer_program" parentDisplayName="Program Profile" solution="Active" />
        <Dependent type="26" schemaName="Approved Program Profiles" displayName="Approved Program Profiles" parentSchemaName="ecer_program" parentDisplayName="Program Profile" id="{8422865f-79ec-ee11-a1fd-0022486e1cec}" />
      </MissingDependency>
      <MissingDependency>
        <Required type="2" schemaName="ecer_startdate" displayName="Start Date" parentSchemaName="ecer_program" parentDisplayName="Program Profile" solution="Active" />
        <Dependent type="26" schemaName="Under Review Program Profile" displayName="Under Review Program Profile" parentSchemaName="ecer_program" parentDisplayName="Program Profile" id="{979f97fb-3003-ef11-9f89-0022486e0199}" />
      </MissingDependency>
      <MissingDependency>
        <Required type="2" schemaName="ecer_startdate" displayName="Start Date" parentSchemaName="ecer_program" parentDisplayName="Program Profile" solution="Active" />
        <Dependent type="26" schemaName="Current Program Profiles" displayName="Current Program Profiles" parentSchemaName="ecer_program" parentDisplayName="Program Profile" id="{c68acce6-049b-ef11-8a6a-000d3a0a4c90}" />
      </MissingDependency>
      <MissingDependency>
        <Required type="2" schemaName="ecer_startdate" displayName="Start Date" parentSchemaName="ecer_program" parentDisplayName="Program Profile" solution="Active" />
        <Dependent type="26" schemaName="Denied Program Profile" displayName="Denied Program Profile" parentSchemaName="ecer_program" parentDisplayName="Program Profile" id="{d93ce781-3103-ef11-9f89-0022486e1cec}" />
      </MissingDependency>
      <MissingDependency>
        <Required type="2" schemaName="ecer_startdate" displayName="Start Date" parentSchemaName="ecer_program" parentDisplayName="Program Profile" solution="Active" />
        <Dependent type="26" schemaName="New Submitted Program Profile" displayName="New Submitted Program Profile" parentSchemaName="ecer_program" parentDisplayName="Program Profile" id="{fed927b9-7f54-4327-95c6-8a4d01de7c3c}" />
      </MissingDependency>
      <MissingDependency>
        <Required type="2" schemaName="ownerid" displayName="Owner" parentSchemaName="ecer_program" parentDisplayName="Program Profile" solution="Active" />
        <Dependent type="26" schemaName="All Program Profiles" displayName="All Program Profiles" parentSchemaName="ecer_program" parentDisplayName="Program Profile" id="{185fc853-3303-ef11-9f8a-000d3af4a207}" />
      </MissingDependency>
      <MissingDependency>
        <Required type="2" schemaName="ownerid" displayName="Owner" parentSchemaName="ecer_program" parentDisplayName="Program Profile" solution="Active" />
        <Dependent type="26" schemaName="My Programs" displayName="My Programs" parentSchemaName="ecer_program" parentDisplayName="Program Profile" id="{3e88ea5c-7873-ee11-8179-000d3af462e8}" />
      </MissingDependency>
      <MissingDependency>
        <Required type="2" schemaName="ownerid" displayName="Owner" parentSchemaName="ecer_program" parentDisplayName="Program Profile" solution="Active" />
        <Dependent type="26" schemaName="Approved Program Profiles" displayName="Approved Program Profiles" parentSchemaName="ecer_program" parentDisplayName="Program Profile" id="{8422865f-79ec-ee11-a1fd-0022486e1cec}" />
      </MissingDependency>
      <MissingDependency>
        <Required type="2" schemaName="ownerid" displayName="Owner" parentSchemaName="ecer_program" parentDisplayName="Program Profile" solution="Active" />
        <Dependent type="26" schemaName="Current Program Profiles" displayName="Current Program Profiles" parentSchemaName="ecer_program" parentDisplayName="Program Profile" id="{c68acce6-049b-ef11-8a6a-000d3a0a4c90}" />
      </MissingDependency>
      <MissingDependency>
        <Required type="2" schemaName="statecode" displayName="Status" parentSchemaName="ecer_program" parentDisplayName="Program Profile" solution="Active" />
        <Dependent type="26" schemaName="My Programs" displayName="My Programs" parentSchemaName="ecer_program" parentDisplayName="Program Profile" id="{3e88ea5c-7873-ee11-8179-000d3af462e8}" />
      </MissingDependency>
      <MissingDependency>
        <Required type="2" schemaName="statuscode" displayName="Status Reason" parentSchemaName="ecer_program" parentDisplayName="Program Profile" solution="Active" />
        <Dependent type="26" schemaName="All Program Profiles" displayName="All Program Profiles" parentSchemaName="ecer_program" parentDisplayName="Program Profile" id="{185fc853-3303-ef11-9f8a-000d3af4a207}" />
      </MissingDependency>
      <MissingDependency>
        <Required type="2" schemaName="statuscode" displayName="Status Reason" parentSchemaName="ecer_program" parentDisplayName="Program Profile" solution="Active" />
        <Dependent type="26" schemaName="Approved Program Profiles" displayName="Approved Program Profiles" parentSchemaName="ecer_program" parentDisplayName="Program Profile" id="{8422865f-79ec-ee11-a1fd-0022486e1cec}" />
      </MissingDependency>
      <MissingDependency>
        <Required type="2" schemaName="statuscode" displayName="Status Reason" parentSchemaName="ecer_program" parentDisplayName="Program Profile" solution="Active" />
        <Dependent type="26" schemaName="Under Review Program Profile" displayName="Under Review Program Profile" parentSchemaName="ecer_program" parentDisplayName="Program Profile" id="{979f97fb-3003-ef11-9f89-0022486e0199}" />
      </MissingDependency>
      <MissingDependency>
        <Required type="2" schemaName="statuscode" displayName="Status Reason" parentSchemaName="ecer_program" parentDisplayName="Program Profile" solution="Active" />
        <Dependent type="26" schemaName="Current Program Profiles" displayName="Current Program Profiles" parentSchemaName="ecer_program" parentDisplayName="Program Profile" id="{c68acce6-049b-ef11-8a6a-000d3a0a4c90}" />
      </MissingDependency>
      <MissingDependency>
        <Required type="2" schemaName="statuscode" displayName="Status Reason" parentSchemaName="ecer_program" parentDisplayName="Program Profile" solution="Active" />
        <Dependent type="26" schemaName="Denied Program Profile" displayName="Denied Program Profile" parentSchemaName="ecer_program" parentDisplayName="Program Profile" id="{d93ce781-3103-ef11-9f89-0022486e1cec}" />
      </MissingDependency>
      <MissingDependency>
        <Required type="2" schemaName="statuscode" displayName="Status Reason" parentSchemaName="ecer_program" parentDisplayName="Program Profile" solution="Active" />
        <Dependent type="26" schemaName="New Submitted Program Profile" displayName="New Submitted Program Profile" parentSchemaName="ecer_program" parentDisplayName="Program Profile" id="{fed927b9-7f54-4327-95c6-8a4d01de7c3c}" />
      </MissingDependency>
      <MissingDependency>
        <Required type="2" schemaName="createdon" displayName="Created On" parentSchemaName="ecer_pspobservation" parentDisplayName="PSP Observation" solution="Active" />
        <Dependent type="26" schemaName="Active PSP Observations" displayName="Active PSP Observations" parentSchemaName="ecer_pspobservation" parentDisplayName="PSP Observation" id="{8fdd652d-11a0-4b4c-bda6-1dda88ba81a2}" />
      </MissingDependency>
      <MissingDependency>
        <Required type="2" schemaName="ecer_instructorname" displayName="Instructor Name" parentSchemaName="ecer_pspobservation" parentDisplayName="PSP Observation" solution="Active" />
        <Dependent type="26" schemaName="Active PSP Observations" displayName="Active PSP Observations" parentSchemaName="ecer_pspobservation" parentDisplayName="PSP Observation" id="{8fdd652d-11a0-4b4c-bda6-1dda88ba81a2}" />
      </MissingDependency>
      <MissingDependency>
        <Required type="2" schemaName="ecer_name" displayName="Name" parentSchemaName="ecer_pspobservation" parentDisplayName="PSP Observation" solution="Active" />
        <Dependent type="26" schemaName="Active PSP Observations" displayName="Active PSP Observations" parentSchemaName="ecer_pspobservation" parentDisplayName="PSP Observation" id="{8fdd652d-11a0-4b4c-bda6-1dda88ba81a2}" />
      </MissingDependency>
      <MissingDependency>
        <Required type="2" schemaName="ecer_observationtype" displayName="Observation Type" parentSchemaName="ecer_pspobservation" parentDisplayName="PSP Observation" solution="Active" />
        <Dependent type="26" schemaName="Active PSP Observations" displayName="Active PSP Observations" parentSchemaName="ecer_pspobservation" parentDisplayName="PSP Observation" id="{8fdd652d-11a0-4b4c-bda6-1dda88ba81a2}" />
      </MissingDependency>
      <MissingDependency>
        <Required type="2" schemaName="ecer_postsecondaryinstitutionid" displayName="Post-Secondary Institution" parentSchemaName="ecer_pspobservation" parentDisplayName="PSP Observation" solution="Active" />
        <Dependent type="26" schemaName="Active PSP Observations" displayName="Active PSP Observations" parentSchemaName="ecer_pspobservation" parentDisplayName="PSP Observation" id="{8fdd652d-11a0-4b4c-bda6-1dda88ba81a2}" />
      </MissingDependency>
      <MissingDependency>
        <Required type="2" schemaName="ecer_pspobservationid" displayName="PSP Observation" parentSchemaName="ecer_pspobservation" parentDisplayName="PSP Observation" solution="Active" />
        <Dependent type="26" schemaName="Active PSP Observations" displayName="Active PSP Observations" parentSchemaName="ecer_pspobservation" parentDisplayName="PSP Observation" id="{8fdd652d-11a0-4b4c-bda6-1dda88ba81a2}" />
      </MissingDependency>
      <MissingDependency>
        <Required type="2" schemaName="ownerid" displayName="Owner" parentSchemaName="ecer_pspobservation" parentDisplayName="PSP Observation" solution="Active" />
        <Dependent type="26" schemaName="Active PSP Observations" displayName="Active PSP Observations" parentSchemaName="ecer_pspobservation" parentDisplayName="PSP Observation" id="{8fdd652d-11a0-4b4c-bda6-1dda88ba81a2}" />
      </MissingDependency>
      <MissingDependency>
        <Required type="2" schemaName="statecode" displayName="Status" parentSchemaName="ecer_pspobservation" parentDisplayName="PSP Observation" solution="Active" />
        <Dependent type="26" schemaName="Active PSP Observations" displayName="Active PSP Observations" parentSchemaName="ecer_pspobservation" parentDisplayName="PSP Observation" id="{8fdd652d-11a0-4b4c-bda6-1dda88ba81a2}" />
      </MissingDependency>
      <MissingDependency>
        <Required type="61" schemaName="ecer_programapplications" displayName="ecer_programapplications" solution="Active" />
        <Dependent type="1" schemaName="ecer_postsecondaryinstituteprogramapplicaiton" displayName="Program Application" />
      </MissingDependency>
      <MissingDependency>
        <Required type="61" schemaName="ecer_programprofiles" displayName="ecer_programprofiles" solution="Active" />
        <Dependent type="1" schemaName="ecer_program" displayName="Program Profile" />
      </MissingDependency>
      <MissingDependency>
        <Required type="61" schemaName="ecer_sitevisits" displayName="ecer_sitevisits" solution="Active" />
        <Dependent type="1" schemaName="ecer_postsecondaryinstitutesitevisit" displayName="Site Visit" />
      </MissingDependency>
      <MissingDependency>
        <Required type="connectionreference" displayName="ecer_sharedcommondataserviceforapps_8f58e" solution="Active" id.connectionreferencelogicalname="ecer_sharedcommondataserviceforapps_8f58e" />
        <Dependent type="29" displayName="ECER - Set Course Name" id="{0ec15899-9c61-f011-bec2-0022483c2a2e}" />
      </MissingDependency>
      <MissingDependency>
        <Required type="connectionreference" displayName="ecer_sharedcommondataserviceforapps_8f58e" solution="Active" id.connectionreferencelogicalname="ecer_sharedcommondataserviceforapps_8f58e" />
        <Dependent type="29" displayName="ECER - PSP Interview Set Name" id="{fbf9d989-bd61-f011-bec2-0022483caef2}" />
      </MissingDependency>
    </MissingDependencies>
  </SolutionManifest>
</ImportExportXml>