<ImportExportXml version="9.2.25042.190" SolutionPackageVersion="9.2" languagecode="1033" generatedBy="CrmLive" xmlns:xsi="http://www.w3.org/2001/XMLSchema-instance" OrganizationVersion="9.2.25042.190" OrganizationSchemaType="Full" CRMServerServiceabilityVersion="9.2.25043.00194">
  <SolutionManifest>
    <UniqueName>ECER4770</UniqueName>
    <LocalizedNames>
      <LocalizedName description="ECER-4770" languagecode="1033" />
    </LocalizedNames>
    <Descriptions />
    <Version>1.1.2.0</Version>
    <Managed>1</Managed>
    <Publisher>
      <UniqueName>ecer</UniqueName>
      <LocalizedNames>
        <LocalizedName description="ECER" languagecode="1033" />
      </LocalizedNames>
      <Descriptions>
        <Description description="publisher for all customization for ECER Dynamics instance" languagecode="1033" />
      </Descriptions>
      <EMailAddress xsi:nil="true"></EMailAddress>
      <SupportingWebsiteUrl xsi:nil="true"></SupportingWebsiteUrl>
      <CustomizationPrefix>ecer</CustomizationPrefix>
      <CustomizationOptionValuePrefix>62187</CustomizationOptionValuePrefix>
      <Addresses>
        <Address>
          <AddressNumber>1</AddressNumber>
          <AddressTypeCode>1</AddressTypeCode>
          <City xsi:nil="true"></City>
          <County xsi:nil="true"></County>
          <Country xsi:nil="true"></Country>
          <Fax xsi:nil="true"></Fax>
          <FreightTermsCode xsi:nil="true"></FreightTermsCode>
          <ImportSequenceNumber xsi:nil="true"></ImportSequenceNumber>
          <Latitude xsi:nil="true"></Latitude>
          <Line1 xsi:nil="true"></Line1>
          <Line2 xsi:nil="true"></Line2>
          <Line3 xsi:nil="true"></Line3>
          <Longitude xsi:nil="true"></Longitude>
          <Name xsi:nil="true"></Name>
          <PostalCode xsi:nil="true"></PostalCode>
          <PostOfficeBox xsi:nil="true"></PostOfficeBox>
          <PrimaryContactName xsi:nil="true"></PrimaryContactName>
          <ShippingMethodCode>1</ShippingMethodCode>
          <StateOrProvince xsi:nil="true"></StateOrProvince>
          <Telephone1 xsi:nil="true"></Telephone1>
          <Telephone2 xsi:nil="true"></Telephone2>
          <Telephone3 xsi:nil="true"></Telephone3>
          <TimeZoneRuleVersionNumber xsi:nil="true"></TimeZoneRuleVersionNumber>
          <UPSZone xsi:nil="true"></UPSZone>
          <UTCOffset xsi:nil="true"></UTCOffset>
          <UTCConversionTimeZoneCode xsi:nil="true"></UTCConversionTimeZoneCode>
        </Address>
        <Address>
          <AddressNumber>2</AddressNumber>
          <AddressTypeCode>1</AddressTypeCode>
          <City xsi:nil="true"></City>
          <County xsi:nil="true"></County>
          <Country xsi:nil="true"></Country>
          <Fax xsi:nil="true"></Fax>
          <FreightTermsCode xsi:nil="true"></FreightTermsCode>
          <ImportSequenceNumber xsi:nil="true"></ImportSequenceNumber>
          <Latitude xsi:nil="true"></Latitude>
          <Line1 xsi:nil="true"></Line1>
          <Line2 xsi:nil="true"></Line2>
          <Line3 xsi:nil="true"></Line3>
          <Longitude xsi:nil="true"></Longitude>
          <Name xsi:nil="true"></Name>
          <PostalCode xsi:nil="true"></PostalCode>
          <PostOfficeBox xsi:nil="true"></PostOfficeBox>
          <PrimaryContactName xsi:nil="true"></PrimaryContactName>
          <ShippingMethodCode>1</ShippingMethodCode>
          <StateOrProvince xsi:nil="true"></StateOrProvince>
          <Telephone1 xsi:nil="true"></Telephone1>
          <Telephone2 xsi:nil="true"></Telephone2>
          <Telephone3 xsi:nil="true"></Telephone3>
          <TimeZoneRuleVersionNumber xsi:nil="true"></TimeZoneRuleVersionNumber>
          <UPSZone xsi:nil="true"></UPSZone>
          <UTCOffset xsi:nil="true"></UTCOffset>
          <UTCConversionTimeZoneCode xsi:nil="true"></UTCConversionTimeZoneCode>
        </Address>
      </Addresses>
    </Publisher>
    <RootComponents>
      <RootComponent type="91" id="{45c39455-ffa2-4bc9-9f9b-54a0bcd7cc2c}" schemaName="CRM.Plugins, Version=1.0.0.0, Culture=neutral, PublicKeyToken=ea29c873d2242f82" behavior="0" />
      <RootComponent type="92" id="{4c124dbf-4425-f011-8c4d-002248b35783}" behavior="0" />
      <RootComponent type="92" id="{95001b4b-4525-f011-8c4e-000d3ae89366}" behavior="0" />
    </RootComponents>
    <MissingDependencies>
      <MissingDependency>
        <Required type="1" schemaName="ecer_authentication" displayName="Authentication" solution="Active" />
        <Dependent type="92" id="{4c124dbf-4425-f011-8c4d-002248b35783}" />
      </MissingDependency>
      <MissingDependency>
        <Required type="1" schemaName="ecer_authentication" displayName="Authentication" solution="Active" />
        <Dependent type="92" id="{95001b4b-4525-f011-8c4e-000d3ae89366}" />
      </MissingDependency>
      <MissingDependency>
        <Required type="1" schemaName="ecer_authentication" displayName="Authentication" solution="Active" />
        <Dependent type="93" id="{be1bcd64-4525-f011-8c4e-000d3ae89366}" />
      </MissingDependency>
      <MissingDependency>
        <Required type="2" schemaName="createdon" displayName="Created On" parentSchemaName="ecer_authentication" parentDisplayName="Authentication" solution="Active" />
        <Dependent type="93" id="{be1bcd64-4525-f011-8c4e-000d3ae89366}" />
      </MissingDependency>
      <MissingDependency>
        <Required type="2" schemaName="ecer_authenticationid" displayName="Authentication" parentSchemaName="ecer_authentication" parentDisplayName="Authentication" solution="Active" />
        <Dependent type="93" id="{be1bcd64-4525-f011-8c4e-000d3ae89366}" />
      </MissingDependency>
      <MissingDependency>
        <Required type="2" schemaName="ecer_customerid" displayName="Customer" parentSchemaName="ecer_authentication" parentDisplayName="Authentication" solution="Active" />
        <Dependent type="92" id="{95001b4b-4525-f011-8c4e-000d3ae89366}" />
      </MissingDependency>
      <MissingDependency>
        <Required type="2" schemaName="ecer_customerid" displayName="Customer" parentSchemaName="ecer_authentication" parentDisplayName="Authentication" solution="Active" />
        <Dependent type="93" id="{be1bcd64-4525-f011-8c4e-000d3ae89366}" />
      </MissingDependency>
      <MissingDependency>
        <Required type="2" schemaName="ecer_identityprovider" displayName="Identity Provider" parentSchemaName="ecer_authentication" parentDisplayName="Authentication" solution="Active" />
        <Dependent type="92" id="{95001b4b-4525-f011-8c4e-000d3ae89366}" />
      </MissingDependency>
    </MissingDependencies>
  </SolutionManifest>
</ImportExportXml>