<ImportExportXml version="9.2.25074.190" SolutionPackageVersion="9.2" languagecode="1033" generatedBy="CrmLive" xmlns:xsi="http://www.w3.org/2001/XMLSchema-instance" OrganizationVersion="9.2.25074.190" OrganizationSchemaType="Full" CRMServerServiceabilityVersion="9.2.25081.00188">
  <SolutionManifest>
    <UniqueName>ECER5220</UniqueName>
    <LocalizedNames>
      <LocalizedName description="ECER-5220" languagecode="1033" />
    </LocalizedNames>
    <Descriptions />
    <Version>1.3.3.0</Version>
    <Managed>1</Managed>
    <Publisher>
      <UniqueName>ecer</UniqueName>
      <LocalizedNames>
        <LocalizedName description="ECER" languagecode="1033" />
      </LocalizedNames>
      <Descriptions>
        <Description description="publisher for all customization for ECER Dynamics instance" languagecode="1033" />
      </Descriptions>
      <EMailAddress xsi:nil="true"></EMailAddress>
      <SupportingWebsiteUrl xsi:nil="true"></SupportingWebsiteUrl>
      <CustomizationPrefix>ecer</CustomizationPrefix>
      <CustomizationOptionValuePrefix>62187</CustomizationOptionValuePrefix>
      <Addresses>
        <Address>
          <AddressNumber>1</AddressNumber>
          <AddressTypeCode>1</AddressTypeCode>
          <City xsi:nil="true"></City>
          <County xsi:nil="true"></County>
          <Country xsi:nil="true"></Country>
          <Fax xsi:nil="true"></Fax>
          <FreightTermsCode xsi:nil="true"></FreightTermsCode>
          <ImportSequenceNumber xsi:nil="true"></ImportSequenceNumber>
          <Latitude xsi:nil="true"></Latitude>
          <Line1 xsi:nil="true"></Line1>
          <Line2 xsi:nil="true"></Line2>
          <Line3 xsi:nil="true"></Line3>
          <Longitude xsi:nil="true"></Longitude>
          <Name xsi:nil="true"></Name>
          <PostalCode xsi:nil="true"></PostalCode>
          <PostOfficeBox xsi:nil="true"></PostOfficeBox>
          <PrimaryContactName xsi:nil="true"></PrimaryContactName>
          <ShippingMethodCode>1</ShippingMethodCode>
          <StateOrProvince xsi:nil="true"></StateOrProvince>
          <Telephone1 xsi:nil="true"></Telephone1>
          <Telephone2 xsi:nil="true"></Telephone2>
          <Telephone3 xsi:nil="true"></Telephone3>
          <TimeZoneRuleVersionNumber xsi:nil="true"></TimeZoneRuleVersionNumber>
          <UPSZone xsi:nil="true"></UPSZone>
          <UTCOffset xsi:nil="true"></UTCOffset>
          <UTCConversionTimeZoneCode xsi:nil="true"></UTCConversionTimeZoneCode>
        </Address>
        <Address>
          <AddressNumber>2</AddressNumber>
          <AddressTypeCode>1</AddressTypeCode>
          <City xsi:nil="true"></City>
          <County xsi:nil="true"></County>
          <Country xsi:nil="true"></Country>
          <Fax xsi:nil="true"></Fax>
          <FreightTermsCode xsi:nil="true"></FreightTermsCode>
          <ImportSequenceNumber xsi:nil="true"></ImportSequenceNumber>
          <Latitude xsi:nil="true"></Latitude>
          <Line1 xsi:nil="true"></Line1>
          <Line2 xsi:nil="true"></Line2>
          <Line3 xsi:nil="true"></Line3>
          <Longitude xsi:nil="true"></Longitude>
          <Name xsi:nil="true"></Name>
          <PostalCode xsi:nil="true"></PostalCode>
          <PostOfficeBox xsi:nil="true"></PostOfficeBox>
          <PrimaryContactName xsi:nil="true"></PrimaryContactName>
          <ShippingMethodCode>1</ShippingMethodCode>
          <StateOrProvince xsi:nil="true"></StateOrProvince>
          <Telephone1 xsi:nil="true"></Telephone1>
          <Telephone2 xsi:nil="true"></Telephone2>
          <Telephone3 xsi:nil="true"></Telephone3>
          <TimeZoneRuleVersionNumber xsi:nil="true"></TimeZoneRuleVersionNumber>
          <UPSZone xsi:nil="true"></UPSZone>
          <UTCOffset xsi:nil="true"></UTCOffset>
          <UTCConversionTimeZoneCode xsi:nil="true"></UTCConversionTimeZoneCode>
        </Address>
      </Addresses>
    </Publisher>
    <RootComponents>
      <RootComponent type="1" schemaName="ecer_licensing_officers" behavior="2" />
      <RootComponent type="29" id="{05184f52-8c78-f011-b4cc-0022483caef2}" behavior="0" />
      <RootComponent type="29" id="{bd24f1a3-8d78-f011-b4cc-002248b35783}" behavior="0" />
    </RootComponents>
    <MissingDependencies>
      <MissingDependency>
        <Required type="1" schemaName="ecer_licensing_officers" displayName="Agent" solution="Active" />
        <Dependent type="1" schemaName="ecer_licensing_officers" displayName="Agent" />
      </MissingDependency>
      <MissingDependency>
        <Required type="10" schemaName="ecer_health_authority_licensing_officers" displayName="ecer_health_authority_licensing_officers" parentSchemaName="ecer_health_authorities" parentDisplayName="External Agencies" solution="Active" />
        <Dependent type="60" displayName="ECER - Agents Main Form" parentDisplayName="Agent" id="{77b3598a-7a2e-426d-bc28-7999ba5fc814}" />
      </MissingDependency>
      <MissingDependency>
        <Required type="2" schemaName="ecer_firstname" displayName="First Name" parentSchemaName="ecer_licensing_officers" parentDisplayName="Agent" solution="Active" />
        <Dependent type="29" displayName="ECER - WF - Populate Agent Name" id="{bd24f1a3-8d78-f011-b4cc-002248b35783}" />
      </MissingDependency>
      <MissingDependency>
        <Required type="2" schemaName="ecer_firstname" displayName="First Name" parentSchemaName="ecer_licensing_officers" parentDisplayName="Agent" solution="Active" />
        <Dependent type="60" displayName="ECER - Agents Main Form" parentDisplayName="Agent" id="{77b3598a-7a2e-426d-bc28-7999ba5fc814}" />
      </MissingDependency>
      <MissingDependency>
        <Required type="2" schemaName="ecer_health_authority" displayName="External Agency" parentSchemaName="ecer_licensing_officers" parentDisplayName="Agent" solution="Active" />
        <Dependent type="29" displayName="Set External Agency to required" id="{05184f52-8c78-f011-b4cc-0022483caef2}" />
      </MissingDependency>
      <MissingDependency>
        <Required type="2" schemaName="ecer_health_authority" displayName="External Agency" parentSchemaName="ecer_licensing_officers" parentDisplayName="Agent" solution="Active" />
        <Dependent type="29" displayName="ECER - WF - Populate Agent Name" id="{bd24f1a3-8d78-f011-b4cc-002248b35783}" />
      </MissingDependency>
      <MissingDependency>
        <Required type="2" schemaName="ecer_health_authority" displayName="External Agency" parentSchemaName="ecer_licensing_officers" parentDisplayName="Agent" solution="Active" />
        <Dependent type="60" displayName="ECER - Agents Main Form" parentDisplayName="Agent" id="{77b3598a-7a2e-426d-bc28-7999ba5fc814}" />
      </MissingDependency>
      <MissingDependency>
        <Required type="2" schemaName="ecer_lastname" displayName="Last Name" parentSchemaName="ecer_licensing_officers" parentDisplayName="Agent" solution="Active" />
        <Dependent type="29" displayName="ECER - WF - Populate Agent Name" id="{bd24f1a3-8d78-f011-b4cc-002248b35783}" />
      </MissingDependency>
      <MissingDependency>
        <Required type="2" schemaName="ecer_lastname" displayName="Last Name" parentSchemaName="ecer_licensing_officers" parentDisplayName="Agent" solution="Active" />
        <Dependent type="60" displayName="ECER - Agents Main Form" parentDisplayName="Agent" id="{77b3598a-7a2e-426d-bc28-7999ba5fc814}" />
      </MissingDependency>
      <MissingDependency>
        <Required type="2" schemaName="ecer_licensing_officersid" displayName="Agents" parentSchemaName="ecer_licensing_officers" parentDisplayName="Agent" solution="Active" />
        <Dependent type="29" displayName="Set External Agency to required" id="{05184f52-8c78-f011-b4cc-0022483caef2}" />
      </MissingDependency>
      <MissingDependency>
        <Required type="2" schemaName="ecer_licensing_officersid" displayName="Agents" parentSchemaName="ecer_licensing_officers" parentDisplayName="Agent" solution="Active" />
        <Dependent type="29" displayName="ECER - WF - Populate Agent Name" id="{bd24f1a3-8d78-f011-b4cc-002248b35783}" />
      </MissingDependency>
      <MissingDependency>
        <Required type="2" schemaName="ecer_phonenumber" displayName="Phone Number" parentSchemaName="ecer_licensing_officers" parentDisplayName="Agent" solution="Active" />
        <Dependent type="60" displayName="ECER - Agents Main Form" parentDisplayName="Agent" id="{77b3598a-7a2e-426d-bc28-7999ba5fc814}" />
      </MissingDependency>
      <MissingDependency>
        <Required type="2" schemaName="ecer_preferredmethodofcontact" displayName="Preferred Method of Contact" parentSchemaName="ecer_licensing_officers" parentDisplayName="Agent" solution="Active" />
        <Dependent type="60" displayName="ECER - Agents Main Form" parentDisplayName="Agent" id="{77b3598a-7a2e-426d-bc28-7999ba5fc814}" />
      </MissingDependency>
      <MissingDependency>
        <Required type="2" schemaName="ecer_title" displayName="Title" parentSchemaName="ecer_licensing_officers" parentDisplayName="Agent" solution="Active" />
        <Dependent type="60" displayName="ECER - Agents Main Form" parentDisplayName="Agent" id="{77b3598a-7a2e-426d-bc28-7999ba5fc814}" />
      </MissingDependency>
      <MissingDependency>
        <Required type="2" schemaName="ownerid" displayName="Owner" parentSchemaName="ecer_licensing_officers" parentDisplayName="Agent" solution="Active" />
        <Dependent type="60" displayName="ECER - Agents Main Form" parentDisplayName="Agent" id="{77b3598a-7a2e-426d-bc28-7999ba5fc814}" />
      </MissingDependency>
      <MissingDependency>
        <Required type="2" schemaName="statecode" displayName="Status" parentSchemaName="ecer_licensing_officers" parentDisplayName="Agent" solution="Active" />
        <Dependent type="29" displayName="Set External Agency to required" id="{05184f52-8c78-f011-b4cc-0022483caef2}" />
      </MissingDependency>
      <MissingDependency>
        <Required type="61" schemaName="ecer_agents" displayName="ecer_agents" solution="Active" />
        <Dependent type="1" schemaName="ecer_licensing_officers" displayName="Agent" />
      </MissingDependency>
    </MissingDependencies>
  </SolutionManifest>
</ImportExportXml>