{
  "properties": {
    "connectionReferences": {
      "shared_commondataserviceforapps": {
        "runtimeSource": "embedded",
        "connection": {
          "connectionReferenceLogicalName": "ecer_sharedcommondataserviceforapps_8f58e"
        },
        "api": {
          "name": "shared_commondataserviceforapps"
        }
      }
    },
    "definition": {
      "$schema": "https://schema.management.azure.com/providers/Microsoft.Logic/schemas/2016-06-01/workflowdefinition.json#",
      "contentVersion": "1.0.0.0",
      "parameters": {
        "$connections": {
          "defaultValue": {},
          "type": "Object"
        },
        "$authentication": {
          "defaultValue": {},
          "type": "SecureObject"
        }
      },
      "triggers": {
        "When_a_row_is_added,_modified_or_deleted": {
          "metadata": {
            "operationMetadataId": "18e2e70f-3f43-4be8-9b55-09e39706d11d"
          },
          "type": "OpenApiConnectionWebhook",
          "inputs": {
            "host": {
              "connectionName": "shared_commondataserviceforapps",
              "operationId": "SubscribeWebhookTrigger",
              "apiId": "/providers/Microsoft.PowerApps/apis/shared_commondataserviceforapps"
            },
            "parameters": {
              "subscriptionRequest/message": 3,
              "subscriptionRequest/entityname": "ecer_portalinvitation",
              "subscriptionRequest/scope": 4,
              "subscriptionRequest/filteringattributes": "ecer_invitationlink",
              "subscriptionRequest/filterexpression": "statuscode eq 1",
              "subscriptionRequest/runas": 3
            },
            "authentication": "@parameters('$authentication')"
          }
        }
      },
      "actions": {
        "IF_Invitation_Link_does_not_contain_data": {
          "actions": {
            "Terminate_-_Exit_as_no_link_generated": {
              "runAfter": {},
              "metadata": {
                "operationMetadataId": "8d44d238-5d53-47e5-9758-cd5f66eb218d"
              },
              "type": "Terminate",
              "inputs": {
                "runStatus": "Succeeded"
              }
            }
          },
          "runAfter": {
            "IF_Status_Reason_is_NOT_Draft": [
              "Succeeded"
            ]
          },
          "expression": {
            "equals": [
              "@triggerOutputs()?['body/ecer_invitationlink']",
              "@null"
            ]
          },
          "metadata": {
            "operationMetadataId": "158ab89d-908d-4f2a-9b96-8dd4e50e1352"
          },
          "type": "If"
        },
        "Initialize_variable_-_Reference_Type_-_Character_Reference": {
          "runAfter": {
            "Due_Date_in_Long_Date_String": [
              "Succeeded"
            ]
          },
          "metadata": {
            "operationMetadataId": "296c041c-3fff-4774-bcb4-450f9777b2ac"
          },
          "type": "InitializeVariable",
          "inputs": {
            "variables": [
              {
                "name": "Reference Type",
                "type": "string",
                "value": "Character"
              }
            ]
          }
        },
        "Due_Date_in_Long_Date_String": {
          "runAfter": {
            "IF_All_Reference_Links_equal_NULL": [
              "Succeeded"
            ]
          },
          "metadata": {
            "operationMetadataId": "27b0890d-2ab0-4545-bb26-342731bf97f3"
          },
          "type": "Expression",
          "kind": "ConvertTimeZone",
          "inputs": {
            "baseTime": "@{addDays(parseDateTime(triggerOutputs()?['body/createdon']),triggerOutputs()?['body/ecer_validdays'])}",
            "formatString": "MMMM d, yyyy",
            "sourceTimeZone": "UTC",
            "destinationTimeZone": "Pacific Standard Time"
          }
        },
        "Initialize_variable_-_Reference_First_Name": {
          "runAfter": {
            "Initialize_variable_-_Reference_Type_-_Character_Reference": [
              "Succeeded"
            ]
          },
          "metadata": {
            "operationMetadataId": "e42dc058-e6ab-45ce-b264-9289e1ae9003"
          },
          "type": "InitializeVariable",
          "inputs": {
            "variables": [
              {
                "name": "Reference First Name",
                "type": "string"
              }
            ]
          }
        },
        "Initialize_variable_-_No-Reply_Queue_PK": {
          "runAfter": {
            "Initialize_variable_-_Reference_First_Name": [
              "Succeeded"
            ]
          },
          "metadata": {
            "operationMetadataId": "3233fa18-ac87-4b22-86ef-4b073cb33905"
          },
          "type": "InitializeVariable",
          "inputs": {
            "variables": [
              {
                "name": "No-Reply Queue",
                "type": "string"
              }
            ]
          }
        },
        "Get_Queues_-_No-Reply": {
          "runAfter": {
            "IF_Applicant_contains_data": [
              "Succeeded"
            ]
          },
          "metadata": {
            "operationMetadataId": "7ef4606f-ca17-4ed3-acb7-fa0be6a43dfb"
          },
          "type": "OpenApiConnection",
          "inputs": {
            "host": {
              "connectionName": "shared_commondataserviceforapps",
              "operationId": "ListRecords",
              "apiId": "/providers/Microsoft.PowerApps/apis/shared_commondataserviceforapps"
            },
            "parameters": {
              "entityName": "queues",
              "$filter": "name eq 'No-Reply'",
              "$top": 1
            },
            "authentication": "@parameters('$authentication')"
          }
        },
        "Loop_from_Queues_found_result_set": {
          "foreach": "@outputs('Get_Queues_-_No-Reply')?['body/value']",
          "actions": {
            "Set_variable_-_No-Reply_Queue_PK": {
              "runAfter": {},
              "metadata": {
                "operationMetadataId": "c99bb4eb-79ea-488d-ac96-e930bb0bcd68"
              },
              "type": "SetVariable",
              "inputs": {
                "name": "No-Reply Queue",
                "value": "@items('Loop_from_Queues_found_result_set')?['queueid']"
              }
            }
          },
          "runAfter": {
            "Get_Queues_-_No-Reply": [
              "Succeeded"
            ]
          },
          "metadata": {
            "operationMetadataId": "de0286f0-8f15-4b49-8913-67960abec966"
          },
          "type": "Foreach"
        },
        "IF_Work_Experience_Reference_Contains_data": {
          "actions": {
            "Get_Work_Experience_Full_record": {
              "runAfter": {},
              "metadata": {
                "operationMetadataId": "946db90d-5680-4b9f-8919-7fadac2e079d"
              },
              "type": "OpenApiConnection",
              "inputs": {
                "host": {
                  "connectionName": "shared_commondataserviceforapps",
                  "operationId": "GetItem",
                  "apiId": "/providers/Microsoft.PowerApps/apis/shared_commondataserviceforapps"
                },
                "parameters": {
                  "entityName": "ecer_workexperiencerefs",
                  "recordId": "@triggerOutputs()?['body/_ecer_workexperiencereferenceid_value']"
                },
                "authentication": "@parameters('$authentication')"
              }
            },
            "Set_variable_-_Work_Experience_Reference_First_Name": {
              "runAfter": {
                "Set_variable_-_Reference_Type_-_Work_Experience_Reference": [
                  "Succeeded"
                ]
              },
              "metadata": {
                "operationMetadataId": "1d8026ad-5202-483b-99a7-55cc6cf41c04"
              },
              "type": "SetVariable",
              "inputs": {
                "name": "Reference First Name",
                "value": "@{trim(\r\n  concat(\r\n    if(\r\n      empty(outputs('Get_Work_Experience_Full_record')?['body/ecer_firstname']),\r\n      '',\r\n      outputs('Get_Work_Experience_Full_record')?['body/ecer_firstname']\r\n    ),\r\n    ' ',\r\n    if(\r\n      empty(outputs('Get_Work_Experience_Full_record')?['body/ecer_lastname']),\r\n      '',\r\n      outputs('Get_Work_Experience_Full_record')?['body/ecer_lastname']\r\n    )\r\n  )\r\n)}"
              }
            },
            "Set_variable_-_Reference_Type_-_Work_Experience_Reference": {
              "runAfter": {
                "IF_Work_Experience_Reference_Email_Address_is_NOT_valid": [
                  "Succeeded"
                ]
              },
              "metadata": {
                "operationMetadataId": "e79d2cd6-12c3-4c14-8df2-cb1ecb209e23"
              },
              "type": "SetVariable",
              "inputs": {
                "name": "Reference Type",
                "value": "Work experience"
              }
            },
            "IF_Work_Experience_Reference_Email_Address_is_NOT_valid": {
              "actions": {
                "Terminate_-_Work_Experience_Email_Address_is_not_valid": {
                  "runAfter": {},
                  "metadata": {
                    "operationMetadataId": "893827a2-9d84-4c0f-a16b-d31aa16bb6e4"
                  },
                  "type": "Terminate",
                  "inputs": {
                    "runStatus": "Succeeded"
                  }
                }
              },
              "runAfter": {
                "Get_Work_Experience_Full_record": [
                  "Succeeded"
                ]
              },
              "expression": {
                "or": [
                  {
                    "equals": [
                      "@contains(outputs('Get_Work_Experience_Full_record')?['body/ecer_emailaddress'],'@')",
                      "@false"
                    ]
                  },
                  {
                    "equals": [
                      "@contains(last(split(outputs('Get_Work_Experience_Full_record')?['body/ecer_emailaddress'],'@')),'.')",
                      "@false"
                    ]
                  },
                  {
                    "equals": [
                      "@not(contains(outputs('Get_Work_Experience_Full_record')?['body/ecer_emailaddress'],' '))",
                      "@false"
                    ]
                  },
                  {
                    "equals": [
                      "@outputs('Get_Work_Experience_Full_record')?['body/ecer_emailaddress']",
                      "@null"
                    ]
                  },
                  {
                    "not": {
                      "equals": [
                        "@outputs('Get_Work_Experience_Full_record')?['body/ecer_origin']",
                        621870001
                      ]
                    }
                  }
                ]
              },
              "metadata": {
                "operationMetadataId": "3a0a31cb-a704-462d-a7ac-f251ea2d0bd9"
              },
              "type": "If"
            },
            "IF_ICRA": {
              "actions": {
                "Create_Email_Message_to_verify_Work_Reference_Eligibility_Assessment_Stage": {
                  "runAfter": {},
                  "metadata": {
                    "operationMetadataId": "6008cbda-b250-48c8-88b1-a2da247bad6c"
                  },
                  "type": "OpenApiConnection",
                  "inputs": {
                    "host": {
                      "connectionName": "shared_commondataserviceforapps",
                      "operationId": "CreateRecord",
                      "apiId": "/providers/Microsoft.PowerApps/apis/shared_commondataserviceforapps"
                    },
                    "parameters": {
                      "entityName": "emails",
                      "item/activitypointer_activity_parties": [
                        {
                          "participationtypemask": 1,
                          "partyid@odata.bind": "queues(@{variables('No-Reply Queue')})"
                        },
                        {
                          "participationtypemask": 2,
                          "partyid@odata.bind": "ecer_workexperiencerefs(@{triggerOutputs()?['body/_ecer_workexperiencereferenceid_value']})"
                        }
                      ],
                      "item/description": "<p>Hello @{variables('Reference First Name')},</p>\n<p>@{variables('Applicant Full Name')} is applying for certification from the Early Childhood Educator (ECE) Registry.  This individual is requesting you verify their employment experience.</p>\n<p>Please respond to this request <b>by @{variables('Due Date in Long Date')}</b>.</p>\n<p>What you need to do:<br />\n<ul>\n<li>Go to the form on the My ECE Registry website using the button below</li>\n<li>Choose if you are eligible and able to provide a reference</li>\n<li>Answer a few questions</li>\n</ul>\n<p><strong><a href='https://@{triggerOutputs()?['body/ecer_invitationlink']}' target='_blank'>Respond to request</a></strong></p>\n<p>If you have any questions, <a href='https://www2.gov.bc.ca/gov/content?id=9376DE7539D44C64B3E667DB53320E71' target='_blank'>contact us</a>.</p>\n<p>Thank you,</p>\n<p>ECE Registry</p>",
                      "item/regardingobjectid_ecer_workexperienceref_email@odata.bind": "ecer_workexperiencerefs(@{outputs('Get_Work_Experience_Full_record')?['body/ecer_workexperiencerefid']})",
                      "item/subject": "Employment verification requested by @{outputs('Get_Applicant_FULL_record')?['body/fullname']}"
                    },
                    "authentication": "@parameters('$authentication')"
                  }
                },
                "Condition": {
                  "actions": {
                    "Update_a_row": {
                      "runAfter": {},
                      "metadata": {
                        "operationMetadataId": "d63172ff-1561-4c9e-80e7-0b0c10d254c7"
                      },
                      "type": "OpenApiConnection",
                      "inputs": {
                        "host": {
                          "connectionName": "shared_commondataserviceforapps",
                          "operationId": "UpdateRecord",
                          "apiId": "/providers/Microsoft.PowerApps/apis/shared_commondataserviceforapps"
                        },
                        "parameters": {
                          "entityName": "emails",
                          "recordId": "@outputs('Create_Email_Message_to_verify_Work_Reference_Eligibility_Assessment_Stage')?['body/activityid']",
                          "item/activitypointer_activity_parties": [
                            {
                              "participationtypemask": 2,
                              "partyid@odata.bind": "ecer_workexperiencerefs(@{triggerOutputs()?['body/_ecer_workexperiencereferenceid_value']})"
                            },
                            {
                              "participationtypemask": 1,
                              "partyid@odata.bind": "queues(@{variables('No-Reply Queue')})"
                            }
                          ]
                        },
                        "authentication": "@parameters('$authentication')"
                      }
                    }
                  },
                  "runAfter": {
                    "IF_ECE_Application_Stage": [
                      "Succeeded"
                    ]
                  },
                  "expression": {
                    "equals": [
                      "",
                      "@null"
                    ]
                  },
                  "metadata": {
                    "operationMetadataId": "311f6562-6d50-45b3-ac25-223fc6d3b40f"
                  },
                  "type": "If"
                },
                "Send_Email_Message_to_Verify_Work_Experience_Reference": {
                  "runAfter": {
                    "Condition": [
                      "Succeeded"
                    ]
                  },
                  "metadata": {
                    "operationMetadataId": "954ac2ef-3f1a-4dca-8856-6f37770f6a6e"
                  },
                  "type": "OpenApiConnection",
                  "inputs": {
                    "host": {
                      "connectionName": "shared_commondataserviceforapps",
                      "operationId": "PerformBoundAction",
                      "apiId": "/providers/Microsoft.PowerApps/apis/shared_commondataserviceforapps"
                    },
                    "parameters": {
                      "entityName": "emails",
                      "actionName": "Microsoft.Dynamics.CRM.SendEmail",
                      "recordId": "@outputs('Create_Email_Message_to_verify_Work_Reference_Eligibility_Assessment_Stage')?['body/activityid']",
                      "item/IssueSend": true
                    },
                    "authentication": "@parameters('$authentication')"
                  }
                },
                "Set_Last_Invitation_Email_Sent_Date_WER_Verification": {
                  "runAfter": {
                    "Send_Email_Message_to_Verify_Work_Experience_Reference": [
                      "Succeeded"
                    ]
                  },
                  "metadata": {
                    "operationMetadataId": "bc2c0242-9ab4-4b93-a490-dc4ddf2de319"
                  },
                  "type": "OpenApiConnection",
                  "inputs": {
                    "host": {
                      "connectionName": "shared_commondataserviceforapps",
                      "operationId": "UpdateRecord",
                      "apiId": "/providers/Microsoft.PowerApps/apis/shared_commondataserviceforapps"
                    },
                    "parameters": {
                      "entityName": "ecer_workexperiencerefs",
                      "recordId": "@outputs('Get_Work_Experience_Full_record')?['body/ecer_workexperiencerefid']",
                      "item/ecer_lastinvitationemailsent": "@utcNow()"
                    },
                    "authentication": "@parameters('$authentication')"
                  }
                },
                "IF_ECE_Application_Stage": {
                  "actions": {
                    "Set_Email_Contents_for_ICRA_ECE_Application_Stage_Wk_Exp_Portal_Invite": {
                      "runAfter": {},
                      "metadata": {
                        "operationMetadataId": "fcef0b94-e0ad-4b56-a7b2-3bb2bdab046f"
                      },
                      "type": "OpenApiConnection",
                      "inputs": {
                        "host": {
                          "connectionName": "shared_commondataserviceforapps",
                          "operationId": "UpdateOnlyRecord",
                          "apiId": "/providers/Microsoft.PowerApps/apis/shared_commondataserviceforapps"
                        },
                        "parameters": {
                          "entityName": "emails",
                          "recordId": "@outputs('Create_Email_Message_to_verify_Work_Reference_Eligibility_Assessment_Stage')?['body/activityid']",
                          "item/ecer_Applicationid_Email@odata.bind": "ecer_applications(@{triggerOutputs()?['body/_ecer_applicationid_value']})",
                          "item/description": "<p>Hello @{variables('Reference First Name')},</p>\n<p>@{variables('Applicant Full Name')} is applying for certification from the Early Childhood Educator (ECE) Registry. This individual is requesting you provide a competencies assessment to work as an ECE in B.C.</p>\n<p>Please respond to this request <b>by @{variables('Due Date in Long Date')}</b>.</p>\n<p>What you need to do:<br />\n<ul>\n<li>Go to the form on the My ECE Registry website using the button below</li>\n<li>Choose if you are eligible and able to provide a reference</li>\n<li>Answer a few questions</li>\n</ul>\n<p><strong><a href='https://@{triggerOutputs()?['body/ecer_invitationlink']}' target='_blank'>Respond to request</a></strong></p>\n<p>If you have any questions, <a href='https://www2.gov.bc.ca/gov/content?id=9376DE7539D44C64B3E667DB53320E71' target='_blank'>contact us</a>.</p>\n<p>Thank you,</p>\n<p>ECE Registry</p>",
                          "item/subject": "Competencies assessment requested by @{outputs('Get_Applicant_FULL_record')?['body/fullname']}"
                        },
                        "authentication": "@parameters('$authentication')"
                      }
                    }
                  },
                  "runAfter": {
                    "Create_Email_Message_to_verify_Work_Reference_Eligibility_Assessment_Stage": [
                      "Succeeded"
                    ]
                  },
                  "expression": {
                    "not": {
                      "equals": [
                        "@triggerOutputs()?['body/_ecer_applicationid_value']",
                        "@null"
                      ]
                    }
                  },
                  "metadata": {
                    "operationMetadataId": "1e725452-757c-4d54-82d8-a337df93699e"
                  },
                  "type": "If"
                }
              },
              "runAfter": {
                "Set_variable_-_Work_Experience_Reference_First_Name": [
                  "Succeeded"
                ]
              },
              "else": {
                "actions": {
                  "Create_Email_Message_to_Work_Reference": {
                    "runAfter": {},
                    "metadata": {
                      "operationMetadataId": "6008cbda-b250-48c8-88b1-a2da247bad6c"
                    },
                    "type": "OpenApiConnection",
                    "inputs": {
                      "host": {
                        "connectionName": "shared_commondataserviceforapps",
                        "operationId": "CreateRecord",
                        "apiId": "/providers/Microsoft.PowerApps/apis/shared_commondataserviceforapps"
                      },
                      "parameters": {
                        "entityName": "emails",
                        "item/activitypointer_activity_parties": [
                          {
                            "participationtypemask": 1,
                            "partyid@odata.bind": "queues(@{variables('No-Reply Queue')})"
                          },
                          {
                            "participationtypemask": 2,
                            "partyid@odata.bind": "ecer_workexperiencerefs(@{triggerOutputs()?['body/_ecer_workexperiencereferenceid_value']})"
                          }
                        ],
                        "item/ecer_Applicationid_Email@odata.bind": "ecer_applications(@{triggerOutputs()?['body/_ecer_applicationid_value']})",
                        "item/description": "<p>Hello @{variables('Reference First Name')},</p>\n<p>@{variables('Applicant Full Name')} is applying for certification from the Early Childhood Educator (ECE) Registry. This individual is requesting you provide a work experience reference.</p>\n<p>Please respond to this request <b>by @{variables('Due Date in Long Date')}</b>.</p>\n<p>What you need to do:<br />\n<ul>\n<li>Go to the form on the My ECE Registry website using the button below</li>\n<li>Indicate if you are eligible and able to provide a reference</li>\n<li>Answer a few questions</li>\n</ul>\n<p><strong><a href='https://@{triggerOutputs()?['body/ecer_invitationlink']}' target='_blank'>Respond to request</a></strong></p>\n<p>If you have any questions, <a href='https://www2.gov.bc.ca/gov/content?id=9376DE7539D44C64B3E667DB53320E71' target='_blank'>contact us</a>.</p>\n<p>Thank you,</p>\n<p>ECE Registry</p>",
                        "item/regardingobjectid_ecer_workexperienceref_email@odata.bind": "ecer_workexperiencerefs(@{outputs('Get_Work_Experience_Full_record')?['body/ecer_workexperiencerefid']})",
                        "item/subject": "@{variables('Reference Type')} reference requested by @{outputs('Get_Applicant_FULL_record')?['body/fullname']}"
                      },
                      "authentication": "@parameters('$authentication')"
                    }
                  },
                  "Condition_Check_To": {
                    "actions": {
                      "Update_a_row_2": {
                        "runAfter": {},
                        "metadata": {
                          "operationMetadataId": "d63172ff-1561-4c9e-80e7-0b0c10d254c7"
                        },
                        "type": "OpenApiConnection",
                        "inputs": {
                          "host": {
                            "connectionName": "shared_commondataserviceforapps",
                            "operationId": "UpdateRecord",
                            "apiId": "/providers/Microsoft.PowerApps/apis/shared_commondataserviceforapps"
                          },
                          "parameters": {
                            "entityName": "emails",
                            "recordId": "@outputs('Create_Email_Message_to_Work_Reference')?['body/activityid']",
                            "item/activitypointer_activity_parties": [
                              {
                                "participationtypemask": 2,
                                "partyid@odata.bind": "ecer_workexperiencerefs(@{triggerOutputs()?['body/_ecer_workexperiencereferenceid_value']})"
                              },
                              {
                                "participationtypemask": 1,
                                "partyid@odata.bind": "queues(@{variables('No-Reply Queue')})"
                              }
                            ]
                          },
                          "authentication": "@parameters('$authentication')"
                        }
                      }
                    },
                    "runAfter": {
                      "Create_Email_Message_to_Work_Reference": [
                        "Succeeded"
                      ]
                    },
                    "expression": {
                      "equals": [
                        "@outputs('Create_Email_Message_to_Work_Reference')?['body/torecipients']",
                        "@null"
                      ]
                    },
                    "metadata": {
                      "operationMetadataId": "378eabe0-5425-45e8-aace-4ddea38813aa"
                    },
                    "type": "If"
                  },
                  "Send_Email_Message_to_Work_Experience_Reference": {
                    "runAfter": {
                      "Condition_Check_To": [
                        "Succeeded"
                      ]
                    },
                    "metadata": {
                      "operationMetadataId": "954ac2ef-3f1a-4dca-8856-6f37770f6a6e"
                    },
                    "type": "OpenApiConnection",
                    "inputs": {
                      "host": {
                        "connectionName": "shared_commondataserviceforapps",
                        "operationId": "PerformBoundAction",
                        "apiId": "/providers/Microsoft.PowerApps/apis/shared_commondataserviceforapps"
                      },
                      "parameters": {
                        "entityName": "emails",
                        "actionName": "Microsoft.Dynamics.CRM.SendEmail",
                        "recordId": "@outputs('Create_Email_Message_to_Work_Reference')?['body/activityid']",
                        "item/IssueSend": true
                      },
                      "authentication": "@parameters('$authentication')"
                    }
                  },
                  "Set_Last_Invitation_Email_Sent_Date_WER": {
                    "runAfter": {
                      "Send_Email_Message_to_Work_Experience_Reference": [
                        "Succeeded"
                      ]
                    },
                    "metadata": {
                      "operationMetadataId": "bc2c0242-9ab4-4b93-a490-dc4ddf2de319"
                    },
                    "type": "OpenApiConnection",
                    "inputs": {
                      "host": {
                        "connectionName": "shared_commondataserviceforapps",
                        "operationId": "UpdateRecord",
                        "apiId": "/providers/Microsoft.PowerApps/apis/shared_commondataserviceforapps"
                      },
                      "parameters": {
                        "entityName": "ecer_workexperiencerefs",
                        "recordId": "@outputs('Get_Work_Experience_Full_record')?['body/ecer_workexperiencerefid']",
                        "item/ecer_lastinvitationemailsent": "@utcNow()"
                      },
                      "authentication": "@parameters('$authentication')"
                    }
                  }
                }
              },
              "expression": {
                "not": {
                  "equals": [
                    "@outputs('Get_Work_Experience_Full_record')?['body/_ecer_icraeligibilityassessment_value']",
                    "@null"
                  ]
                }
              },
              "metadata": {
                "operationMetadataId": "c2b52f70-a447-4e0e-9a4f-a884cec9930f"
              },
              "type": "If"
            }
          },
          "runAfter": {
            "Loop_from_Queues_found_result_set": [
              "Succeeded"
            ]
          },
          "else": {
            "actions": {
              "IF_PSI_Program_Rep_contains_data": {
                "actions": {
                  "Get_PSI_Program_Representative_Full_Record": {
                    "runAfter": {},
                    "metadata": {
                      "operationMetadataId": "7f9efc0c-a0ab-428b-9b34-35917931ef0e"
                    },
                    "type": "OpenApiConnection",
                    "inputs": {
                      "host": {
                        "connectionName": "shared_commondataserviceforapps",
                        "operationId": "GetItem",
                        "apiId": "/providers/Microsoft.PowerApps/apis/shared_commondataserviceforapps"
                      },
                      "parameters": {
                        "entityName": "ecer_eceprogramrepresentatives",
                        "recordId": "@triggerOutputs()?['body/_ecer_psiprogramrepresentativeid_value']"
                      },
                      "authentication": "@parameters('$authentication')"
                    }
                  },
                  "Verify_PSI_Program_Representative_Email_Address": {
                    "actions": {
                      "Terminate_-_PSI_Program_Rep_Email_Address_not_valid": {
                        "runAfter": {},
                        "metadata": {
                          "operationMetadataId": "8481acb2-edef-4e16-b3f2-fdabe5b3320a"
                        },
                        "type": "Terminate",
                        "inputs": {
                          "runStatus": "Succeeded"
                        }
                      }
                    },
                    "runAfter": {
                      "Get_PSI_Program_Representative_Full_Record": [
                        "Succeeded"
                      ]
                    },
                    "expression": {
                      "or": [
                        {
                          "equals": [
                            "@outputs('Get_PSI_Program_Representative_Full_Record')?['body/ecer_emailaddress']",
                            "@null"
                          ]
                        },
                        {
                          "equals": [
                            "@contains(outputs('Get_PSI_Program_Representative_Full_Record')?['body/ecer_emailaddress'],'@')",
                            "@false"
                          ]
                        },
                        {
                          "equals": [
                            "@contains(last(split(outputs('Get_PSI_Program_Representative_Full_Record')?['body/ecer_emailaddress'],'@')),'.')",
                            "@false"
                          ]
                        },
                        {
                          "equals": [
                            "@not(contains(outputs('Get_PSI_Program_Representative_Full_Record')?['body/ecer_emailaddress'], ' '))",
                            "@false"
                          ]
                        },
                        {
                          "equals": [
                            "@not(contains(outputs('Get_PSI_Program_Representative_Full_Record')?['body/ecer_emailaddress'],'-'))",
                            "@false"
                          ]
                        }
                      ]
                    },
                    "metadata": {
                      "operationMetadataId": "47fb5dc9-a515-45f3-a31f-0f39d5002a09"
                    },
                    "type": "If"
                  },
                  "Get_PSI_Name": {
                    "runAfter": {
                      "Verify_PSI_Program_Representative_Email_Address": [
                        "Succeeded"
                      ]
                    },
                    "metadata": {
                      "operationMetadataId": "e1d52ad5-078c-4e39-8ba6-160cf500a80d"
                    },
                    "type": "OpenApiConnection",
                    "inputs": {
                      "host": {
                        "connectionName": "shared_commondataserviceforapps",
                        "operationId": "GetItem",
                        "apiId": "/providers/Microsoft.PowerApps/apis/shared_commondataserviceforapps"
                      },
                      "parameters": {
                        "entityName": "ecer_postsecondaryinstitutes",
                        "recordId": "@outputs('Get_PSI_Program_Representative_Full_Record')?['body/_ecer_postsecondaryinstitute_value']",
                        "$select": "ecer_name"
                      },
                      "authentication": "@parameters('$authentication')"
                    }
                  },
                  "Create_Email_Message_to_PSI_Program_Representative": {
                    "runAfter": {
                      "Get_PSI_Name": [
                        "Succeeded"
                      ]
                    },
                    "metadata": {
                      "operationMetadataId": "1f61fd47-f28d-4ce8-96de-905a00866a94"
                    },
                    "type": "OpenApiConnection",
                    "inputs": {
                      "host": {
                        "connectionName": "shared_commondataserviceforapps",
                        "operationId": "CreateRecord",
                        "apiId": "/providers/Microsoft.PowerApps/apis/shared_commondataserviceforapps"
                      },
                      "parameters": {
                        "entityName": "emails",
                        "item/activitypointer_activity_parties": [
                          {
                            "participationtypemask": 1,
                            "partyid@odata.bind": "queues(@{variables('No-Reply Queue')})"
                          },
                          {
                            "participationtypemask": 2,
                            "partyid@odata.bind": "ecer_eceprogramrepresentatives(@{triggerOutputs()?['body/_ecer_psiprogramrepresentativeid_value']})"
                          }
                        ],
                        "item/description": "<p>Hello @{outputs('Get_PSI_Program_Representative_Full_Record')?['body/ecer_firstname']} @{outputs('Get_PSI_Program_Representative_Full_Record')?['body/ecer_lastname']},</p>\n<p>You are invited to access the My ECE Registry Post-Secondary Programs portal as a program representative for @{outputs('Get_PSI_Name')?['body/ecer_name']}.</p>\n<p>What you need to do:</p>\n<p>·       Go to the My ECE Registry Post-Secondary Programs portal using the one-time registration link below</p>\n<p>·       Log in with your Business BCeID account associated to the educational institution: @{outputs('Get_PSI_Name')?['body/ecer_name']}</p>\n<p>·       Review and complete your contact information</p>\n<p><strong><a href='https://@{outputs('Get_Portal_Invitation_FULL_record')?['body/ecer_invitationlink']}' target='_blank'>Register for the ECE Post-Secondary Programs portal</a></strong></p>\n<p>This is an automated email message. Please do not reply. <a href='https://www2.gov.bc.ca/gov/content?id=9376DE7539D44C64B3E667DB53320E71' target='_blank'>Contact us</a> If you have any questions.</p>\n<p>Sincerely,</p>\n<p>&nbsp;</p>\n<p>ECE Registry Post-Secondary Programs Team</p>",
                        "item/regardingobjectid_ecer_eceprogramrepresentative_email@odata.bind": "ecer_eceprogramrepresentatives(@{triggerOutputs()?['body/_ecer_psiprogramrepresentativeid_value']})",
                        "item/subject": "ECE Registry Post-Secondary Programs account"
                      },
                      "authentication": "@parameters('$authentication')"
                    }
                  },
                  "Check_Recipient_for_PSP_Invite_Email": {
                    "actions": {
                      "Confirm_Recipient_for_PSI_Program_Representative": {
                        "runAfter": {},
                        "metadata": {
                          "operationMetadataId": "80549d3e-ea2a-4c28-a131-c50e8ef391f2"
                        },
                        "type": "OpenApiConnection",
                        "inputs": {
                          "host": {
                            "connectionName": "shared_commondataserviceforapps",
                            "operationId": "UpdateOnlyRecord",
                            "apiId": "/providers/Microsoft.PowerApps/apis/shared_commondataserviceforapps"
                          },
                          "parameters": {
                            "entityName": "emails",
                            "recordId": "@outputs('Create_Email_Message_to_PSI_Program_Representative')?['body/activityid']",
                            "item/activitypointer_activity_parties": [
                              {
                                "participationtypemask": 1,
                                "partyid@odata.bind": "queues(@{variables('No-Reply Queue')})"
                              },
                              {
                                "participationtypemask": 2,
                                "partyid@odata.bind": "ecer_eceprogramrepresentatives(@{triggerOutputs()?['body/_ecer_psiprogramrepresentativeid_value']})"
                              }
                            ]
                          },
                          "authentication": "@parameters('$authentication')"
                        }
                      }
                    },
                    "runAfter": {
                      "Create_Email_Message_to_PSI_Program_Representative": [
                        "Succeeded"
                      ]
                    },
                    "expression": {
                      "equals": [
                        "@outputs('Create_Email_Message_to_PSI_Program_Representative')?['body/torecipients']",
                        "@null"
                      ]
                    },
                    "metadata": {
                      "operationMetadataId": "08ed3216-d884-4ca5-9da5-fb188563c6dd"
                    },
                    "type": "If"
                  },
                  "Send_Email_Message_to_PSI_Program_Representative": {
                    "runAfter": {
                      "Check_Recipient_for_PSP_Invite_Email": [
                        "Succeeded"
                      ]
                    },
                    "metadata": {
                      "operationMetadataId": "b5d8bedc-b6e7-459b-8b21-985a5f9c8432"
                    },
                    "type": "OpenApiConnection",
                    "inputs": {
                      "host": {
                        "connectionName": "shared_commondataserviceforapps",
                        "operationId": "PerformBoundAction",
                        "apiId": "/providers/Microsoft.PowerApps/apis/shared_commondataserviceforapps"
                      },
                      "parameters": {
                        "entityName": "emails",
                        "actionName": "Microsoft.Dynamics.CRM.SendEmail",
                        "recordId": "@outputs('Create_Email_Message_to_PSI_Program_Representative')?['body/activityid']",
                        "item/IssueSend": true
                      },
                      "authentication": "@parameters('$authentication')"
                    }
                  },
                  "Set_Last_Invitation_Email_Sent_Date_at_Program_Rep": {
                    "runAfter": {
                      "Send_Email_Message_to_PSI_Program_Representative": [
                        "Succeeded"
                      ]
                    },
                    "metadata": {
                      "operationMetadataId": "14a0ce73-81bc-44f0-a1e8-834cc8971540"
                    },
                    "type": "OpenApiConnection",
                    "inputs": {
                      "host": {
                        "connectionName": "shared_commondataserviceforapps",
                        "operationId": "UpdateOnlyRecord",
                        "apiId": "/providers/Microsoft.PowerApps/apis/shared_commondataserviceforapps"
                      },
                      "parameters": {
                        "entityName": "ecer_eceprogramrepresentatives",
                        "recordId": "@triggerOutputs()?['body/_ecer_psiprogramrepresentativeid_value']",
                        "item/ecer_lastinvitesentdate": "@utcNow()"
                      },
                      "authentication": "@parameters('$authentication')"
                    }
                  }
                },
                "runAfter": {},
                "else": {
                  "actions": {
                    "Get_Character_Reference_Full_record": {
                      "runAfter": {},
                      "metadata": {
                        "operationMetadataId": "a4bec960-9e67-44de-8201-e70a17b0f3bb"
                      },
                      "type": "OpenApiConnection",
                      "inputs": {
                        "host": {
                          "connectionName": "shared_commondataserviceforapps",
                          "operationId": "GetItem",
                          "apiId": "/providers/Microsoft.PowerApps/apis/shared_commondataserviceforapps"
                        },
                        "parameters": {
                          "entityName": "ecer_characterreferences",
                          "recordId": "@triggerOutputs()?['body/_ecer_characterreferenceid_value']"
                        },
                        "authentication": "@parameters('$authentication')"
                      }
                    },
                    "IF_Character_Reference_Email_Address_is_NOT_valid": {
                      "actions": {
                        "Terminate_-_Character_Reference_Email_Address_is_NOT_valid": {
                          "runAfter": {},
                          "metadata": {
                            "operationMetadataId": "2fec911e-05e9-4163-af37-ae20cb82d97d"
                          },
                          "type": "Terminate",
                          "inputs": {
                            "runStatus": "Succeeded"
                          }
                        }
                      },
                      "runAfter": {
                        "Get_Character_Reference_Full_record": [
                          "Succeeded"
                        ]
                      },
                      "expression": {
                        "or": [
                          {
                            "equals": [
                              "@outputs('Get_Character_Reference_Full_record')?['body/ecer_emailaddress']",
                              "@null"
                            ]
                          },
                          {
                            "equals": [
                              "@contains(outputs('Get_Character_Reference_Full_record')?['body/ecer_emailaddress'],'@')",
                              "@false"
                            ]
                          },
                          {
                            "equals": [
                              "@contains(last(split(outputs('Get_Character_Reference_Full_record')?['body/ecer_emailaddress'],'@')),'.')",
                              "@false"
                            ]
                          },
                          {
                            "equals": [
                              "@contains(outputs('Get_Character_Reference_Full_record')?['body/ecer_emailaddress'],' ')",
                              "@true"
                            ]
                          },
                          {
                            "not": {
                              "equals": [
                                "@outputs('Get_Character_Reference_Full_record')?['body/ecer_origin']",
                                621870001
                              ]
                            }
                          }
                        ]
                      },
                      "metadata": {
                        "operationMetadataId": "1b9b9ee6-1a3c-4683-9100-917bd298298f"
                      },
                      "type": "If"
                    },
                    "Set_variable_-_Reference_Type_-_Character_Reference": {
                      "runAfter": {
                        "IF_Character_Reference_Email_Address_is_NOT_valid": [
                          "Succeeded"
                        ]
                      },
                      "metadata": {
                        "operationMetadataId": "508153ae-f9e0-4577-b911-b43073a33b38"
                      },
                      "type": "SetVariable",
                      "inputs": {
                        "name": "Reference Type",
                        "value": "Character"
                      }
                    },
                    "Set_variable_-_Character_Reference_First_Name": {
                      "runAfter": {
                        "Set_variable_-_Reference_Type_-_Character_Reference": [
                          "Succeeded"
                        ]
                      },
                      "metadata": {
                        "operationMetadataId": "dd15c0f7-8634-4db2-87e3-14b590d174b8"
                      },
                      "type": "SetVariable",
                      "inputs": {
                        "name": "Reference First Name",
                        "value": "@outputs('Get_Character_Reference_Full_record')?['body/ecer_firstname']"
                      }
                    },
                    "Create_Email_Message_to_Character_Reference": {
                      "runAfter": {
                        "Set_variable_-_Character_Reference_First_Name": [
                          "Succeeded"
                        ]
                      },
                      "metadata": {
                        "operationMetadataId": "e517420d-d7fd-4ea7-ba4f-a655e3f94ad2"
                      },
                      "type": "OpenApiConnection",
                      "inputs": {
                        "host": {
                          "connectionName": "shared_commondataserviceforapps",
                          "operationId": "CreateRecord",
                          "apiId": "/providers/Microsoft.PowerApps/apis/shared_commondataserviceforapps"
                        },
                        "parameters": {
                          "entityName": "emails",
                          "item/activitypointer_activity_parties": [
                            {
                              "participationtypemask": 1,
                              "partyid@odata.bind": "queues(@{variables('No-Reply Queue')})"
                            },
                            {
                              "participationtypemask": 2,
                              "partyid@odata.bind": "ecer_characterreferences(@{triggerOutputs()?['body/_ecer_characterreferenceid_value']})"
                            }
                          ],
                          "item/ecer_Applicationid_Email@odata.bind": "ecer_applications(@{triggerOutputs()?['body/_ecer_applicationid_value']})",
                          "item/description": "<p>Hello @{outputs('Get_Character_Reference_Full_record')?['body/ecer_referencefullname']},</p>\n<p>@{variables('Applicant Full Name')} is applying for certification from the Early Childhood Educator (ECE) Registry. This individual is requesting you provide a character reference.</p>\n<p>Please respond to this request <b>by @{variables('Due Date in Long Date')}</b>.</p>\n<p>What you need to do:<br />\n<ul>\n<li>Go to the form on the My ECE Registry website using the link below</li>\n<li>Indicate if you are eligible and able to provide a reference</li>\n<li>Answer a few questions</li>\n</ul>\n<p><strong><a href='https://@{triggerOutputs()?['body/ecer_invitationlink']}' target='_blank'>Respond to request</a></strong></p>\n<p>If you have any questions, <a href='https://www2.gov.bc.ca/gov/content?id=9376DE7539D44C64B3E667DB53320E71' target='_blank'>contact us</a>.</p>\n<p>Thank you,</p>\n<p>ECE Registry</p>",
                          "item/regardingobjectid_ecer_characterreference_email@odata.bind": "ecer_characterreferences(@{outputs('Get_Character_Reference_Full_record')?['body/ecer_characterreferenceid']})",
                          "item/subject": "@{variables('Reference Type')} reference requested by @{outputs('Get_Applicant_FULL_record')?['body/fullname']}"
                        },
                        "authentication": "@parameters('$authentication')"
                      }
                    },
                    "Check_Recipient": {
                      "actions": {
                        "Confirm_Recipient_for_Character_Reference": {
                          "runAfter": {},
                          "metadata": {
                            "operationMetadataId": "e806b866-7b45-4258-aa87-4c6eb5849fdc"
                          },
                          "type": "OpenApiConnection",
                          "inputs": {
                            "host": {
                              "connectionName": "shared_commondataserviceforapps",
                              "operationId": "UpdateRecord",
                              "apiId": "/providers/Microsoft.PowerApps/apis/shared_commondataserviceforapps"
                            },
                            "parameters": {
                              "entityName": "emails",
                              "recordId": "@outputs('Create_Email_Message_to_Character_Reference')?['body/activityid']",
                              "item/activitypointer_activity_parties": [
                                {
                                  "participationtypemask": 2,
                                  "partyid@odata.bind": "ecer_characterreferences(@{triggerOutputs()?['body/_ecer_characterreferenceid_value']})"
                                },
                                {
                                  "participationtypemask": 1,
                                  "partyid@odata.bind": "queues(@{variables('No-Reply Queue')})"
                                }
                              ]
                            },
                            "authentication": "@parameters('$authentication')"
                          }
                        }
                      },
                      "runAfter": {
                        "Create_Email_Message_to_Character_Reference": [
                          "Succeeded"
                        ]
                      },
                      "expression": {
                        "equals": [
                          "@outputs('Create_Email_Message_to_Character_Reference')?['body/torecipients']",
                          "@null"
                        ]
                      },
                      "metadata": {
                        "operationMetadataId": "ff48e3cc-15fe-432c-be44-a80ed3bc6a09"
                      },
                      "type": "If"
                    },
                    "Send_Email_Message_to_Character_Reference": {
                      "runAfter": {
                        "Check_Recipient": [
                          "Succeeded"
                        ]
                      },
                      "metadata": {
                        "operationMetadataId": "034975e5-2123-4356-af1b-2b04520a5665"
                      },
                      "type": "OpenApiConnection",
                      "inputs": {
                        "host": {
                          "connectionName": "shared_commondataserviceforapps",
                          "operationId": "PerformBoundAction",
                          "apiId": "/providers/Microsoft.PowerApps/apis/shared_commondataserviceforapps"
                        },
                        "parameters": {
                          "entityName": "emails",
                          "actionName": "Microsoft.Dynamics.CRM.SendEmail",
                          "recordId": "@outputs('Create_Email_Message_to_Character_Reference')?['body/activityid']",
                          "item/IssueSend": true
                        },
                        "authentication": "@parameters('$authentication')"
                      }
                    },
                    "Set_Last_Invitation_Email_Sent_Date": {
                      "runAfter": {
                        "Send_Email_Message_to_Character_Reference": [
                          "Succeeded"
                        ]
                      },
                      "metadata": {
                        "operationMetadataId": "d2d7548c-1aee-43b7-b35c-0c7564aa5bbb"
                      },
                      "type": "OpenApiConnection",
                      "inputs": {
                        "host": {
                          "connectionName": "shared_commondataserviceforapps",
                          "operationId": "UpdateRecord",
                          "apiId": "/providers/Microsoft.PowerApps/apis/shared_commondataserviceforapps"
                        },
                        "parameters": {
                          "entityName": "ecer_characterreferences",
                          "recordId": "@outputs('Get_Character_Reference_Full_record')?['body/ecer_characterreferenceid']",
                          "item/ecer_lastinvitationemailsent": "@utcNow()"
                        },
                        "authentication": "@parameters('$authentication')"
                      }
                    }
                  }
                },
                "expression": {
                  "not": {
                    "equals": [
                      "@triggerOutputs()?['body/_ecer_psiprogramrepresentativeid_value']",
                      "@null"
                    ]
                  }
                },
                "metadata": {
                  "operationMetadataId": "6e65d3cf-468d-4033-b28d-33631ab87d30"
                },
                "type": "If"
              }
            }
          },
          "expression": {
            "not": {
              "equals": [
                "@triggerOutputs()?['body/_ecer_workexperiencereferenceid_value']",
                "@null"
              ]
            }
          },
          "metadata": {
            "operationMetadataId": "7fb8477d-99e6-4f6d-8d9f-219a7c540ee3"
          },
          "type": "If"
        },
        "IF_All_Reference_Links_equal_NULL": {
          "actions": {
            "Terminate_-_Exit_as_No_Reference_is_available": {
              "runAfter": {},
              "metadata": {
                "operationMetadataId": "7c6b7a57-d707-4be3-a5f8-3eae0ba6cc05"
              },
              "type": "Terminate",
              "inputs": {
                "runStatus": "Succeeded"
              }
            }
          },
          "runAfter": {
            "IF_Invitation_Link_does_not_contain_data": [
              "Succeeded"
            ]
          },
          "expression": {
            "and": [
              {
                "equals": [
                  "@triggerOutputs()?['body/_ecer_characterreferenceid_value']",
                  "@null"
                ]
              },
              {
                "equals": [
                  "@triggerOutputs()?['body/_ecer_workexperiencereferenceid_value']",
                  "@null"
                ]
              },
              {
                "equals": [
                  "@triggerOutputs()?['body/_ecer_psiprogramrepresentativeid_value']",
                  "@null"
                ]
              }
            ]
          },
          "metadata": {
            "operationMetadataId": "24f74373-135f-4987-ac23-2eb8696f8453"
          },
          "type": "If"
        },
        "Initialize_variable_-_Due_Date": {
          "runAfter": {
            "Initialize_variable_-_Applicant_Full_Name": [
              "Succeeded"
            ]
          },
          "metadata": {
            "operationMetadataId": "3233e478-4550-4d52-8f96-884e77d441e7"
          },
          "type": "InitializeVariable",
          "inputs": {
            "variables": [
              {
                "name": "Due Date in Long Date",
                "type": "string",
                "value": "@body('Due_Date_in_Long_Date_String')"
              }
            ]
          }
        },
        "Get_Portal_Invitation_FULL_record": {
          "runAfter": {},
          "metadata": {
            "operationMetadataId": "1ceb408e-3560-4f4a-b4c3-231dfc3a9c80"
          },
          "type": "OpenApiConnection",
          "inputs": {
            "host": {
              "connectionName": "shared_commondataserviceforapps",
              "operationId": "GetItem",
              "apiId": "/providers/Microsoft.PowerApps/apis/shared_commondataserviceforapps"
            },
            "parameters": {
              "entityName": "ecer_portalinvitations",
              "recordId": "@triggerOutputs()?['body/ecer_portalinvitationid']"
            },
            "authentication": "@parameters('$authentication')"
          }
        },
        "IF_Status_Reason_is_NOT_Draft": {
          "actions": {
            "Exit": {
              "runAfter": {},
              "metadata": {
                "operationMetadataId": "f1b888b6-1d7e-4037-8587-f81e82ff5b0f"
              },
              "type": "Terminate",
              "inputs": {
                "runStatus": "Succeeded"
              }
            }
          },
          "runAfter": {
            "Initialize_variable_2": [
              "Succeeded"
            ]
          },
          "expression": {
            "not": {
              "equals": [
                "@outputs('Get_Portal_Invitation_FULL_record')?['body/statuscode']",
                1
              ]
            }
          },
          "metadata": {
            "operationMetadataId": "fd2ace74-31ab-48db-8284-dcd5a822c5e2"
          },
          "type": "If"
        },
        "Initialize_variable": {
          "runAfter": {
            "Get_Portal_Invitation_FULL_record": [
              "Succeeded"
            ]
          },
          "metadata": {
            "operationMetadataId": "bdafd488-d0fe-4f56-b811-921b14a40313"
          },
          "type": "InitializeVariable",
          "inputs": {
            "variables": [
              {
                "name": "character reference pk",
                "type": "string",
                "value": "@triggerOutputs()?['body/_ecer_characterreferenceid_value']"
              }
            ]
          }
        },
        "Initialize_variable_2": {
          "runAfter": {
            "Initialize_variable": [
              "Succeeded"
            ]
          },
          "metadata": {
            "operationMetadataId": "fe5aa7c0-3aa0-4444-9bc5-d63bd8a31ce0"
          },
          "type": "InitializeVariable",
          "inputs": {
            "variables": [
              {
                "name": "work experience reference",
                "type": "string",
                "value": "@triggerOutputs()?['body/_ecer_workexperiencereferenceid_value']"
              }
            ]
          }
        },
        "Initialize_variable_-_Applicant_Full_Name": {
          "runAfter": {
            "Initialize_variable_-_No-Reply_Queue_PK": [
              "Succeeded"
            ]
          },
          "metadata": {
            "operationMetadataId": "d2c53a14-276a-4f3b-ab5d-de2bd19a5a6c"
          },
          "type": "InitializeVariable",
          "inputs": {
            "variables": [
              {
                "name": "Applicant Full Name",
                "type": "string"
              }
            ]
          }
        },
        "IF_Applicant_contains_data": {
          "actions": {
            "Get_Applicant_FULL_record": {
              "runAfter": {},
              "metadata": {
                "operationMetadataId": "77ed453b-bfc9-4b87-a928-c42ec6acf332"
              },
              "type": "OpenApiConnection",
              "inputs": {
                "host": {
                  "connectionName": "shared_commondataserviceforapps",
                  "operationId": "GetItem",
                  "apiId": "/providers/Microsoft.PowerApps/apis/shared_commondataserviceforapps"
                },
                "parameters": {
                  "entityName": "contacts",
                  "recordId": "@triggerOutputs()?['body/_ecer_applicantid_value']"
                },
                "authentication": "@parameters('$authentication')"
              }
            },
            "Set_variable_-_Applicant_Full_Name": {
              "runAfter": {
                "Get_Applicant_FULL_record": [
                  "Succeeded"
                ]
              },
              "metadata": {
                "operationMetadataId": "a12ab306-af26-4186-89d5-eb3ccf2939c4"
              },
              "type": "SetVariable",
              "inputs": {
                "name": "Applicant Full Name",
                "value": "@outputs('Get_Applicant_FULL_record')?['body/fullname']"
              }
            }
          },
          "runAfter": {
            "Initialize_variable_-_Due_Date": [
              "Succeeded"
            ]
          },
          "expression": {
            "not": {
              "equals": [
                "@triggerOutputs()?['body/_ecer_applicantid_value']",
                "@null"
              ]
            }
          },
          "metadata": {
            "operationMetadataId": "a88b4344-2042-4560-8596-cd111c066ed0"
          },
          "type": "If"
        },
        "Set_Portal_Invitation_Status_to_Sent": {
          "runAfter": {
            "IF_Work_Experience_Reference_Contains_data": [
              "Succeeded"
            ]
          },
          "metadata": {
            "operationMetadataId": "56776e72-a2a6-4ae4-bd6c-f7ef98a8b397"
          },
          "type": "OpenApiConnection",
          "inputs": {
            "host": {
              "connectionName": "shared_commondataserviceforapps",
              "operationId": "UpdateOnlyRecord",
              "apiId": "/providers/Microsoft.PowerApps/apis/shared_commondataserviceforapps"
            },
            "parameters": {
              "entityName": "ecer_portalinvitations",
              "recordId": "@outputs('Get_Portal_Invitation_FULL_record')?['body/ecer_portalinvitationid']",
              "item/statuscode": 621870001
            },
            "authentication": "@parameters('$authentication')"
          }
        }
      }
    },
    "templateName": ""
  },
  "schemaVersion": "1.0.0.0"
}