<ImportExportXml version="9.2.24123.208" SolutionPackageVersion="9.2" languagecode="1033" generatedBy="CrmLive" xmlns:xsi="http://www.w3.org/2001/XMLSchema-instance" OrganizationVersion="9.2.24123.208" OrganizationSchemaType="Full" CRMServerServiceabilityVersion="9.2.24123.00208">
  <SolutionManifest>
    <UniqueName>ECER4016</UniqueName>
    <LocalizedNames>
      <LocalizedName description="ECER-4016" languagecode="1033" />
    </LocalizedNames>
    <Descriptions />
    <Version>1.0.11.0</Version>
    <Managed>0</Managed>
    <Publisher>
      <UniqueName>ecer</UniqueName>
      <LocalizedNames>
        <LocalizedName description="ECER" languagecode="1033" />
      </LocalizedNames>
      <Descriptions>
        <Description description="publisher for all customization for ECER Dynamics instance" languagecode="1033" />
      </Descriptions>
      <EMailAddress xsi:nil="true"></EMailAddress>
      <SupportingWebsiteUrl xsi:nil="true"></SupportingWebsiteUrl>
      <CustomizationPrefix>ecer</CustomizationPrefix>
      <CustomizationOptionValuePrefix>62187</CustomizationOptionValuePrefix>
      <Addresses>
        <Address>
          <AddressNumber>1</AddressNumber>
          <AddressTypeCode>1</AddressTypeCode>
          <City xsi:nil="true"></City>
          <County xsi:nil="true"></County>
          <Country xsi:nil="true"></Country>
          <Fax xsi:nil="true"></Fax>
          <FreightTermsCode xsi:nil="true"></FreightTermsCode>
          <ImportSequenceNumber xsi:nil="true"></ImportSequenceNumber>
          <Latitude xsi:nil="true"></Latitude>
          <Line1 xsi:nil="true"></Line1>
          <Line2 xsi:nil="true"></Line2>
          <Line3 xsi:nil="true"></Line3>
          <Longitude xsi:nil="true"></Longitude>
          <Name xsi:nil="true"></Name>
          <PostalCode xsi:nil="true"></PostalCode>
          <PostOfficeBox xsi:nil="true"></PostOfficeBox>
          <PrimaryContactName xsi:nil="true"></PrimaryContactName>
          <ShippingMethodCode>1</ShippingMethodCode>
          <StateOrProvince xsi:nil="true"></StateOrProvince>
          <Telephone1 xsi:nil="true"></Telephone1>
          <Telephone2 xsi:nil="true"></Telephone2>
          <Telephone3 xsi:nil="true"></Telephone3>
          <TimeZoneRuleVersionNumber xsi:nil="true"></TimeZoneRuleVersionNumber>
          <UPSZone xsi:nil="true"></UPSZone>
          <UTCOffset xsi:nil="true"></UTCOffset>
          <UTCConversionTimeZoneCode xsi:nil="true"></UTCConversionTimeZoneCode>
        </Address>
        <Address>
          <AddressNumber>2</AddressNumber>
          <AddressTypeCode>1</AddressTypeCode>
          <City xsi:nil="true"></City>
          <County xsi:nil="true"></County>
          <Country xsi:nil="true"></Country>
          <Fax xsi:nil="true"></Fax>
          <FreightTermsCode xsi:nil="true"></FreightTermsCode>
          <ImportSequenceNumber xsi:nil="true"></ImportSequenceNumber>
          <Latitude xsi:nil="true"></Latitude>
          <Line1 xsi:nil="true"></Line1>
          <Line2 xsi:nil="true"></Line2>
          <Line3 xsi:nil="true"></Line3>
          <Longitude xsi:nil="true"></Longitude>
          <Name xsi:nil="true"></Name>
          <PostalCode xsi:nil="true"></PostalCode>
          <PostOfficeBox xsi:nil="true"></PostOfficeBox>
          <PrimaryContactName xsi:nil="true"></PrimaryContactName>
          <ShippingMethodCode>1</ShippingMethodCode>
          <StateOrProvince xsi:nil="true"></StateOrProvince>
          <Telephone1 xsi:nil="true"></Telephone1>
          <Telephone2 xsi:nil="true"></Telephone2>
          <Telephone3 xsi:nil="true"></Telephone3>
          <TimeZoneRuleVersionNumber xsi:nil="true"></TimeZoneRuleVersionNumber>
          <UPSZone xsi:nil="true"></UPSZone>
          <UTCOffset xsi:nil="true"></UTCOffset>
          <UTCConversionTimeZoneCode xsi:nil="true"></UTCConversionTimeZoneCode>
        </Address>
      </Addresses>
    </Publisher>
    <RootComponents>
      <RootComponent type="29" id="{17e54870-7e65-ef11-a671-6045bdcd6cb0}" behavior="0" />
      <RootComponent type="29" id="{423eec3e-f71d-ef11-840a-000d3af46033}" behavior="0" />
    </RootComponents>
    <MissingDependencies>
      <MissingDependency>
        <Required type="1" schemaName="ecer_authentication" displayName="Authentication" solution="Active" />
        <Dependent type="29" displayName="ECER - Generate Certificate Cover Letter" id="{17e54870-7e65-ef11-a671-6045bdcd6cb0}" />
      </MissingDependency>
      <MissingDependency>
        <Required type="1" schemaName="ecer_certificate" displayName="Certificate" solution="Active" />
        <Dependent type="29" displayName="ECER - Generate Certificate Cover Letter" id="{17e54870-7e65-ef11-a671-6045bdcd6cb0}" />
      </MissingDependency>
      <MissingDependency>
        <Required type="1" schemaName="ecer_certificate" displayName="Certificate" solution="Active" />
        <Dependent type="29" displayName="ECER - Generate Certificate" id="{423eec3e-f71d-ef11-840a-000d3af46033}" />
      </MissingDependency>
      <MissingDependency>
        <Required type="1" schemaName="ecer_certificateconditions" displayName="Certificate Conditions" solution="Active" />
        <Dependent type="29" displayName="ECER - Generate Certificate Cover Letter" id="{17e54870-7e65-ef11-a671-6045bdcd6cb0}" />
      </MissingDependency>
      <MissingDependency>
        <Required type="1" schemaName="ecer_certificateconditions" displayName="Certificate Conditions" solution="Active" />
        <Dependent type="29" displayName="ECER - Generate Certificate" id="{423eec3e-f71d-ef11-840a-000d3af46033}" />
      </MissingDependency>
      <MissingDependency>
        <Required type="2" schemaName="ecer_generatecertificate" displayName="Generate Certificate" parentSchemaName="ecer_certificate" parentDisplayName="Certificate" solution="Active" />
        <Dependent type="29" displayName="ECER - Generate Certificate" id="{423eec3e-f71d-ef11-840a-000d3af46033}" />
      </MissingDependency>
      <MissingDependency>
        <Required type="2" schemaName="ecer_generatecoverletter" displayName="Generate Cover Letter" parentSchemaName="ecer_certificate" parentDisplayName="Certificate" solution="Active" />
        <Dependent type="29" displayName="ECER - Generate Certificate Cover Letter" id="{17e54870-7e65-ef11-a671-6045bdcd6cb0}" />
      </MissingDependency>
      <MissingDependency>
        <Required type="29" displayName="ECER - Store File to Document Storage" solution="Active" id="{0f5f2c8c-303e-ef11-a316-000d3af45c14}" />
        <Dependent type="29" displayName="ECER - Generate Certificate Cover Letter" id="{17e54870-7e65-ef11-a671-6045bdcd6cb0}" />
      </MissingDependency>
      <MissingDependency>
        <Required type="29" displayName="ECER - Store File to Document Storage" solution="Active" id="{0f5f2c8c-303e-ef11-a316-000d3af45c14}" />
        <Dependent type="29" displayName="ECER - Generate Certificate" id="{423eec3e-f71d-ef11-840a-000d3af46033}" />
      </MissingDependency>
      <MissingDependency>
        <Required type="connectionreference" displayName="ecer_sharedcommondataserviceforapps_8f58e" solution="Active" id.connectionreferencelogicalname="ecer_sharedcommondataserviceforapps_8f58e" />
        <Dependent type="29" displayName="ECER - Generate Certificate Cover Letter" id="{17e54870-7e65-ef11-a671-6045bdcd6cb0}" />
      </MissingDependency>
      <MissingDependency>
        <Required type="connectionreference" displayName="ecer_sharedcommondataserviceforapps_8f58e" solution="Active" id.connectionreferencelogicalname="ecer_sharedcommondataserviceforapps_8f58e" />
        <Dependent type="29" displayName="ECER - Generate Certificate" id="{423eec3e-f71d-ef11-840a-000d3af46033}" />
      </MissingDependency>
      <MissingDependency>
        <Required type="connectionreference" displayName="ecer_sharedwebcontents_40deb" solution="Active" id.connectionreferencelogicalname="ecer_sharedwebcontents_40deb" />
        <Dependent type="29" displayName="ECER - Generate Certificate Cover Letter" id="{17e54870-7e65-ef11-a671-6045bdcd6cb0}" />
      </MissingDependency>
      <MissingDependency>
        <Required type="connectionreference" displayName="ecer_sharedwebcontents_40deb" solution="Active" id.connectionreferencelogicalname="ecer_sharedwebcontents_40deb" />
        <Dependent type="29" displayName="ECER - Generate Certificate" id="{423eec3e-f71d-ef11-840a-000d3af46033}" />
      </MissingDependency>
    </MissingDependencies>
  </SolutionManifest>
</ImportExportXml>