{
  "properties": {
    "connectionReferences": {
      "shared_commondataserviceforapps": {
        "runtimeSource": "embedded",
        "connection": {
          "connectionReferenceLogicalName": "ecer_sharedcommondataserviceforapps_8f58e"
        },
        "api": {
          "name": "shared_commondataserviceforapps"
        }
      }
    },
    "definition": {
      "$schema": "https://schema.management.azure.com/providers/Microsoft.Logic/schemas/2016-06-01/workflowdefinition.json#",
      "contentVersion": "1.0.0.0",
      "parameters": {
        "$connections": {
          "defaultValue": {},
          "type": "Object"
        },
        "$authentication": {
          "defaultValue": {},
          "type": "SecureObject"
        }
      },
      "triggers": {
        "When_a_row_is_added,_modified_or_deleted": {
          "metadata": {
            "operationMetadataId": "9fafb377-8bbd-4d8c-8ff1-625a03e03941"
          },
          "type": "OpenApiConnectionWebhook",
          "inputs": {
            "host": {
              "connectionName": "shared_commondataserviceforapps",
              "operationId": "SubscribeWebhookTrigger",
              "apiId": "/providers/Microsoft.PowerApps/apis/shared_commondataserviceforapps"
            },
            "parameters": {
              "subscriptionRequest/message": 4,
              "subscriptionRequest/entityname": "ecer_investigationprocess",
              "subscriptionRequest/scope": 4,
              "subscriptionRequest/filteringattributes": "activestageid"
            },
            "authentication": "@parameters('$authentication')"
          }
        }
      },
      "actions": {
        "If_Active_Stage_=_Out_of_Mandate": {
          "actions": {
            "Update_Investigation_Status_to_Out_Of_Mandate": {
              "runAfter": {},
              "metadata": {
                "operationMetadataId": "cc8675ee-1729-46bf-bae1-ee1e9991a14b"
              },
              "type": "OpenApiConnection",
              "inputs": {
                "host": {
                  "connectionName": "shared_commondataserviceforapps",
                  "operationId": "UpdateRecord",
                  "apiId": "/providers/Microsoft.PowerApps/apis/shared_commondataserviceforapps"
                },
                "parameters": {
                  "entityName": "ecer_investigations",
                  "recordId": "@triggerOutputs()?['body/_bpf_ecer_investigationid_value']",
                  "item/statecode": 1,
                  "item/statuscode": 621870015
                },
                "authentication": "@parameters('$authentication')"
              }
            }
          },
          "runAfter": {},
          "expression": {
            "equals": [
              "@triggerOutputs()?['body/_activestageid_value']",
              "1c8ab56d-f133-4eb2-8839-521b8e28e4b6"
            ]
          },
          "metadata": {
            "operationMetadataId": "dd129364-e86e-46cb-85ac-fce8a64e6614"
          },
          "type": "If"
        }
      }
    },
    "templateName": ""
  },
  "schemaVersion": "1.0.0.0"
}