<ImportExportXml version="9.2.24124.146" SolutionPackageVersion="9.2" languagecode="1033" generatedBy="CrmLive" xmlns:xsi="http://www.w3.org/2001/XMLSchema-instance" OrganizationVersion="9.2.24124.146" OrganizationSchemaType="Full" CRMServerServiceabilityVersion="9.2.24124.00146">
  <SolutionManifest>
    <UniqueName>ECER3601</UniqueName>
    <LocalizedNames>
      <LocalizedName description="ECER-3601" languagecode="1033" />
    </LocalizedNames>
    <Descriptions />
    <Version>1.0.9.1</Version>
    <Managed>0</Managed>
    <Publisher>
      <UniqueName>ecer</UniqueName>
      <LocalizedNames>
        <LocalizedName description="ECER" languagecode="1033" />
      </LocalizedNames>
      <Descriptions>
        <Description description="publisher for all customization for ECER Dynamics instance" languagecode="1033" />
      </Descriptions>
      <EMailAddress xsi:nil="true"></EMailAddress>
      <SupportingWebsiteUrl xsi:nil="true"></SupportingWebsiteUrl>
      <CustomizationPrefix>ecer</CustomizationPrefix>
      <CustomizationOptionValuePrefix>62187</CustomizationOptionValuePrefix>
      <Addresses>
        <Address>
          <AddressNumber>1</AddressNumber>
          <AddressTypeCode>1</AddressTypeCode>
          <City xsi:nil="true"></City>
          <County xsi:nil="true"></County>
          <Country xsi:nil="true"></Country>
          <Fax xsi:nil="true"></Fax>
          <FreightTermsCode xsi:nil="true"></FreightTermsCode>
          <ImportSequenceNumber xsi:nil="true"></ImportSequenceNumber>
          <Latitude xsi:nil="true"></Latitude>
          <Line1 xsi:nil="true"></Line1>
          <Line2 xsi:nil="true"></Line2>
          <Line3 xsi:nil="true"></Line3>
          <Longitude xsi:nil="true"></Longitude>
          <Name xsi:nil="true"></Name>
          <PostalCode xsi:nil="true"></PostalCode>
          <PostOfficeBox xsi:nil="true"></PostOfficeBox>
          <PrimaryContactName xsi:nil="true"></PrimaryContactName>
          <ShippingMethodCode>1</ShippingMethodCode>
          <StateOrProvince xsi:nil="true"></StateOrProvince>
          <Telephone1 xsi:nil="true"></Telephone1>
          <Telephone2 xsi:nil="true"></Telephone2>
          <Telephone3 xsi:nil="true"></Telephone3>
          <TimeZoneRuleVersionNumber xsi:nil="true"></TimeZoneRuleVersionNumber>
          <UPSZone xsi:nil="true"></UPSZone>
          <UTCOffset xsi:nil="true"></UTCOffset>
          <UTCConversionTimeZoneCode xsi:nil="true"></UTCConversionTimeZoneCode>
        </Address>
        <Address>
          <AddressNumber>2</AddressNumber>
          <AddressTypeCode>1</AddressTypeCode>
          <City xsi:nil="true"></City>
          <County xsi:nil="true"></County>
          <Country xsi:nil="true"></Country>
          <Fax xsi:nil="true"></Fax>
          <FreightTermsCode xsi:nil="true"></FreightTermsCode>
          <ImportSequenceNumber xsi:nil="true"></ImportSequenceNumber>
          <Latitude xsi:nil="true"></Latitude>
          <Line1 xsi:nil="true"></Line1>
          <Line2 xsi:nil="true"></Line2>
          <Line3 xsi:nil="true"></Line3>
          <Longitude xsi:nil="true"></Longitude>
          <Name xsi:nil="true"></Name>
          <PostalCode xsi:nil="true"></PostalCode>
          <PostOfficeBox xsi:nil="true"></PostOfficeBox>
          <PrimaryContactName xsi:nil="true"></PrimaryContactName>
          <ShippingMethodCode>1</ShippingMethodCode>
          <StateOrProvince xsi:nil="true"></StateOrProvince>
          <Telephone1 xsi:nil="true"></Telephone1>
          <Telephone2 xsi:nil="true"></Telephone2>
          <Telephone3 xsi:nil="true"></Telephone3>
          <TimeZoneRuleVersionNumber xsi:nil="true"></TimeZoneRuleVersionNumber>
          <UPSZone xsi:nil="true"></UPSZone>
          <UTCOffset xsi:nil="true"></UTCOffset>
          <UTCConversionTimeZoneCode xsi:nil="true"></UTCConversionTimeZoneCode>
        </Address>
      </Addresses>
    </Publisher>
    <RootComponents>
      <RootComponent type="29" id="{10f35d17-24e3-ee11-904c-002248d56374}" behavior="0" />
      <RootComponent type="29" id="{6033a3eb-3de6-ee11-a204-000d3af4a207}" behavior="0" />
      <RootComponent type="29" id="{6274707a-6a65-ef11-a670-7c1e520663eb}" behavior="0" />
      <RootComponent type="29" id="{72b477c2-097a-ef11-ac20-7c1e5240b0bf}" behavior="0" />
      <RootComponent type="29" id="{98d41754-fb6a-ef11-a670-7c1e5240b0bf}" behavior="0" />
      <RootComponent type="29" id="{ab532154-95b5-ee11-a569-000d3af4f18a}" behavior="0" />
      <RootComponent type="31" id="{2e37de02-7674-ef11-ac21-6045bdcd6cb0}" behavior="0" />
      <RootComponent type="31" id="{af1b6147-7674-ef11-ac21-6045bdcd6cb0}" behavior="0" />
    </RootComponents>
    <MissingDependencies>
      <MissingDependency>
        <Required type="1" schemaName="bcgov_config" displayName="System Configuration" solution="S3DocumentManagement (1.0.0.11)" />
        <Dependent type="29" displayName="ECER - Notify Account Setup complete" id="{72b477c2-097a-ef11-ac20-7c1e5240b0bf}" />
      </MissingDependency>
      <MissingDependency>
        <Required type="1" schemaName="ecer_application" displayName="Application" solution="Active" />
        <Dependent type="29" displayName="ECER - On Character Reference status change to Submitted" id="{10f35d17-24e3-ee11-904c-002248d56374}" />
      </MissingDependency>
      <MissingDependency>
        <Required type="1" schemaName="ecer_application" displayName="Application" solution="Active" />
        <Dependent type="29" displayName="ECER - On Work Experience Reference status change to Submitted" id="{6033a3eb-3de6-ee11-a204-000d3af4a207}" />
      </MissingDependency>
      <MissingDependency>
        <Required type="1" schemaName="ecer_application" displayName="Application" solution="Active" />
        <Dependent type="29" displayName="ECER - Generate Communication on Transcript Received" id="{ab532154-95b5-ee11-a569-000d3af4f18a}" />
      </MissingDependency>
      <MissingDependency>
        <Required type="1" schemaName="ecer_applicationassessment" displayName="Application Assessment" solution="Active" />
        <Dependent type="29" displayName="ECER - On Work Experience Reference status change to Submitted" id="{6033a3eb-3de6-ee11-a204-000d3af4a207}" />
      </MissingDependency>
      <MissingDependency>
        <Required type="1" schemaName="ecer_authentication" displayName="Authentication" solution="Active" />
        <Dependent type="29" displayName="ECER - Notify Account Setup complete" id="{72b477c2-097a-ef11-ac20-7c1e5240b0bf}" />
      </MissingDependency>
      <MissingDependency>
        <Required type="1" schemaName="ecer_certificate" displayName="Certificate" solution="Active" />
        <Dependent type="29" displayName="ECER - On Work Experience Reference status change to Submitted" id="{6033a3eb-3de6-ee11-a204-000d3af4a207}" />
      </MissingDependency>
      <MissingDependency>
        <Required type="1" schemaName="ecer_certificate" displayName="Certificate" solution="Active" />
        <Dependent type="31" displayName="Cover Letter For NonPortal" id="{2e37de02-7674-ef11-ac21-6045bdcd6cb0}" />
      </MissingDependency>
      <MissingDependency>
        <Required type="1" schemaName="ecer_characterreference" displayName="Character Reference" solution="Active" />
        <Dependent type="29" displayName="ECER - On Character Reference status change to Submitted" id="{10f35d17-24e3-ee11-904c-002248d56374}" />
      </MissingDependency>
      <MissingDependency>
        <Required type="1" schemaName="ecer_communication" displayName="Communication" solution="Active" />
        <Dependent type="29" displayName="ECER - On Character Reference status change to Submitted" id="{10f35d17-24e3-ee11-904c-002248d56374}" />
      </MissingDependency>
      <MissingDependency>
        <Required type="1" schemaName="ecer_communication" displayName="Communication" solution="Active" />
        <Dependent type="29" displayName="ECER - On Work Experience Reference status change to Submitted" id="{6033a3eb-3de6-ee11-a204-000d3af4a207}" />
      </MissingDependency>
      <MissingDependency>
        <Required type="1" schemaName="ecer_communication" displayName="Communication" solution="Active" />
        <Dependent type="29" displayName="ECER - Generate Communication on Previous Name Status Changed" id="{6274707a-6a65-ef11-a670-7c1e520663eb}" />
      </MissingDependency>
      <MissingDependency>
        <Required type="1" schemaName="ecer_communication" displayName="Communication" solution="Active" />
        <Dependent type="29" displayName="ECER - Generate Communication on Unverified Previous Name Scheduled" id="{98d41754-fb6a-ef11-a670-7c1e5240b0bf}" />
      </MissingDependency>
      <MissingDependency>
        <Required type="1" schemaName="ecer_communication" displayName="Communication" solution="Active" />
        <Dependent type="29" displayName="ECER - Generate Communication on Transcript Received" id="{ab532154-95b5-ee11-a569-000d3af4f18a}" />
      </MissingDependency>
      <MissingDependency>
        <Required type="1" schemaName="ecer_previousname" displayName="Previous Name" solution="Active" />
        <Dependent type="29" displayName="ECER - Generate Communication on Previous Name Status Changed" id="{6274707a-6a65-ef11-a670-7c1e520663eb}" />
      </MissingDependency>
      <MissingDependency>
        <Required type="1" schemaName="ecer_previousname" displayName="Previous Name" solution="Active" />
        <Dependent type="29" displayName="ECER - Generate Communication on Unverified Previous Name Scheduled" id="{98d41754-fb6a-ef11-a670-7c1e5240b0bf}" />
      </MissingDependency>
      <MissingDependency>
        <Required type="1" schemaName="ecer_transcript" displayName="Education Transcript" solution="Active" />
        <Dependent type="29" displayName="ECER - Generate Communication on Transcript Received" id="{ab532154-95b5-ee11-a569-000d3af4f18a}" />
      </MissingDependency>
      <MissingDependency>
        <Required type="1" schemaName="ecer_workexperienceassessment" displayName="Work Experience Assessment" solution="Active" />
        <Dependent type="29" displayName="ECER - On Work Experience Reference status change to Submitted" id="{6033a3eb-3de6-ee11-a204-000d3af4a207}" />
      </MissingDependency>
      <MissingDependency>
        <Required type="1" schemaName="ecer_workexperienceref" displayName="Work Experience Reference" solution="Active" />
        <Dependent type="29" displayName="ECER - On Work Experience Reference status change to Submitted" id="{6033a3eb-3de6-ee11-a204-000d3af4a207}" />
      </MissingDependency>
      <MissingDependency>
        <Required type="2" schemaName="ecer_clientid" displayName="Client ID" parentSchemaName="contact" parentDisplayName="Contact" solution="Active" parentId="{2e37de02-7674-ef11-ac21-6045bdcd6cb0}" />
        <Dependent type="31" displayName="Certificate Cover Letter For NonPortal" id="{af1b6147-7674-ef11-ac21-6045bdcd6cb0}" />
      </MissingDependency>
      <MissingDependency>
        <Required type="2" schemaName="ecer_hascurrentcertificateconditions" displayName="Has Current Certificate Conditions" parentSchemaName="contact" parentDisplayName="Contact" solution="Active" />
        <Dependent type="31" displayName="Cover Letter For NonPortal" id="{2e37de02-7674-ef11-ac21-6045bdcd6cb0}" />
      </MissingDependency>
      <MissingDependency>
        <Required type="2" schemaName="ecer_certificateid" displayName="Certificate" parentSchemaName="ecer_certificate" parentDisplayName="Certificate" solution="Active" />
        <Dependent type="31" displayName="Cover Letter For NonPortal" id="{2e37de02-7674-ef11-ac21-6045bdcd6cb0}" />
      </MissingDependency>
      <MissingDependency>
        <Required type="2" schemaName="ecer_certificatelevel" displayName="Certificate Level" parentSchemaName="ecer_certificate" parentDisplayName="Certificate" solution="Active" />
        <Dependent type="31" displayName="Cover Letter For NonPortal" id="{2e37de02-7674-ef11-ac21-6045bdcd6cb0}" />
      </MissingDependency>
      <MissingDependency>
        <Required type="2" schemaName="ecer_certificatenumber" displayName="Registration Number" parentSchemaName="ecer_certificate" parentDisplayName="Certificate" solution="Active" />
        <Dependent type="31" displayName="Cover Letter For NonPortal" id="{2e37de02-7674-ef11-ac21-6045bdcd6cb0}" />
      </MissingDependency>
      <MissingDependency>
        <Required type="2" schemaName="ecer_effectivedate" displayName="Effective Date" parentSchemaName="ecer_certificate" parentDisplayName="Certificate" solution="Active" />
        <Dependent type="31" displayName="Cover Letter For NonPortal" id="{2e37de02-7674-ef11-ac21-6045bdcd6cb0}" />
      </MissingDependency>
      <MissingDependency>
        <Required type="2" schemaName="ecer_expirydate" displayName="Expiry Date" parentSchemaName="ecer_certificate" parentDisplayName="Certificate" solution="Active" />
        <Dependent type="31" displayName="Cover Letter For NonPortal" id="{2e37de02-7674-ef11-ac21-6045bdcd6cb0}" />
      </MissingDependency>
      <MissingDependency>
        <Required type="2" schemaName="ecer_name" displayName="Name" parentSchemaName="ecer_certificate" parentDisplayName="Certificate" solution="Active" />
        <Dependent type="31" displayName="Cover Letter For NonPortal" id="{2e37de02-7674-ef11-ac21-6045bdcd6cb0}" />
      </MissingDependency>
      <MissingDependency>
        <Required type="2" schemaName="ecer_registrantid" displayName="Registrant" parentSchemaName="ecer_certificate" parentDisplayName="Certificate" solution="Active" />
        <Dependent type="31" displayName="Cover Letter For NonPortal" id="{2e37de02-7674-ef11-ac21-6045bdcd6cb0}" />
      </MissingDependency>
      <MissingDependency>
        <Required type="2" schemaName="statuscode" displayName="Status Reason" parentSchemaName="ecer_characterreference" parentDisplayName="Character Reference" solution="Active" />
        <Dependent type="29" displayName="ECER - On Character Reference status change to Submitted" id="{10f35d17-24e3-ee11-904c-002248d56374}" />
      </MissingDependency>
      <MissingDependency>
        <Required type="2" schemaName="statuscode" displayName="Status Reason" parentSchemaName="ecer_transcript" parentDisplayName="Education Transcript" solution="Active" />
        <Dependent type="29" displayName="ECER - Generate Communication on Transcript Received" id="{ab532154-95b5-ee11-a569-000d3af4f18a}" />
      </MissingDependency>
      <MissingDependency>
        <Required type="2" schemaName="statuscode" displayName="Status Reason" parentSchemaName="ecer_workexperienceref" parentDisplayName="Work Experience Reference" solution="Active" />
        <Dependent type="29" displayName="ECER - On Work Experience Reference status change to Submitted" id="{6033a3eb-3de6-ee11-a204-000d3af4a207}" />
      </MissingDependency>
      <MissingDependency>
        <Required type="29" displayName="ECER - CF - Has Field Value Changed" solution="Active" id="{dc6cd7ea-868d-ef11-8a69-7c1e524093cc}" />
        <Dependent type="29" displayName="ECER - Notify Account Setup complete" id="{72b477c2-097a-ef11-ac20-7c1e5240b0bf}" />
      </MissingDependency>
      <MissingDependency>
        <Required type="connectionreference" displayName="ecer_sharedcommondataserviceforapps_8f58e" solution="Active" id.connectionreferencelogicalname="ecer_sharedcommondataserviceforapps_8f58e" />
        <Dependent type="29" displayName="ECER - On Character Reference status change to Submitted" id="{10f35d17-24e3-ee11-904c-002248d56374}" />
      </MissingDependency>
      <MissingDependency>
        <Required type="connectionreference" displayName="ecer_sharedcommondataserviceforapps_8f58e" solution="Active" id.connectionreferencelogicalname="ecer_sharedcommondataserviceforapps_8f58e" />
        <Dependent type="29" displayName="ECER - On Work Experience Reference status change to Submitted" id="{6033a3eb-3de6-ee11-a204-000d3af4a207}" />
      </MissingDependency>
      <MissingDependency>
        <Required type="connectionreference" displayName="ecer_sharedcommondataserviceforapps_8f58e" solution="Active" id.connectionreferencelogicalname="ecer_sharedcommondataserviceforapps_8f58e" />
        <Dependent type="29" displayName="ECER - Generate Communication on Previous Name Status Changed" id="{6274707a-6a65-ef11-a670-7c1e520663eb}" />
      </MissingDependency>
      <MissingDependency>
        <Required type="connectionreference" displayName="ecer_sharedcommondataserviceforapps_8f58e" solution="Active" id.connectionreferencelogicalname="ecer_sharedcommondataserviceforapps_8f58e" />
        <Dependent type="29" displayName="ECER - Notify Account Setup complete" id="{72b477c2-097a-ef11-ac20-7c1e5240b0bf}" />
      </MissingDependency>
      <MissingDependency>
        <Required type="connectionreference" displayName="ecer_sharedcommondataserviceforapps_8f58e" solution="Active" id.connectionreferencelogicalname="ecer_sharedcommondataserviceforapps_8f58e" />
        <Dependent type="29" displayName="ECER - Generate Communication on Unverified Previous Name Scheduled" id="{98d41754-fb6a-ef11-a670-7c1e5240b0bf}" />
      </MissingDependency>
      <MissingDependency>
        <Required type="connectionreference" displayName="ecer_sharedcommondataserviceforapps_8f58e" solution="Active" id.connectionreferencelogicalname="ecer_sharedcommondataserviceforapps_8f58e" />
        <Dependent type="29" displayName="ECER - Generate Communication on Transcript Received" id="{ab532154-95b5-ee11-a569-000d3af4f18a}" />
      </MissingDependency>
    </MissingDependencies>
  </SolutionManifest>
</ImportExportXml>