<ImportExportXml xmlns:xsi="http://www.w3.org/2001/XMLSchema-instance" OrganizationVersion="9.2.25042.190" OrganizationSchemaType="Full" CRMServerServiceabilityVersion="9.2.25042.00190">
  <Entities>
    <Entity>
      <Name LocalizedName="Course" OriginalName="Course">ecer_Course</Name>
      <EntityInfo>
        <entity Name="ecer_Course">
          <attributes>
            <attribute PhysicalName="ecer_Programid">
              <Type>lookup</Type>
              <Name>ecer_programid</Name>
              <LogicalName>ecer_programid</LogicalName>
              <RequiredLevel>none</RequiredLevel>
              <DisplayMask>ValidForAdvancedFind|ValidForForm|ValidForGrid</DisplayMask>
              <ImeMode>auto</ImeMode>
              <ValidForUpdateApi>1</ValidForUpdateApi>
              <ValidForReadApi>1</ValidForReadApi>
              <ValidForCreateApi>1</ValidForCreateApi>
              <IsCustomField>1</IsCustomField>
              <IsAuditEnabled>0</IsAuditEnabled>
              <IsSecured>0</IsSecured>
              <IntroducedVersion>1.0.0.0</IntroducedVersion>
              <IsCustomizable>1</IsCustomizable>
              <IsRenameable>1</IsRenameable>
              <CanModifySearchSettings>1</CanModifySearchSettings>
              <CanModifyRequirementLevelSettings>1</CanModifyRequirementLevelSettings>
              <CanModifyAdditionalSettings>1</CanModifyAdditionalSettings>
              <SourceType>0</SourceType>
              <IsGlobalFilterEnabled>0</IsGlobalFilterEnabled>
              <IsSortableEnabled>0</IsSortableEnabled>
              <CanModifyGlobalFilterSettings>1</CanModifyGlobalFilterSettings>
              <CanModifyIsSortableSettings>1</CanModifyIsSortableSettings>
              <IsDataSourceSecret>0</IsDataSourceSecret>
              <AutoNumberFormat></AutoNumberFormat>
              <IsSearchable>0</IsSearchable>
              <IsFilterable>0</IsFilterable>
              <IsRetrievable>0</IsRetrievable>
              <IsLocalizable>0</IsLocalizable>
              <LookupStyle>single</LookupStyle>
              <LookupTypes />
              <displaynames>
                <displayname description="Program" languagecode="1033" />
              </displaynames>
              <Descriptions>
                <Description description="" languagecode="1033" />
              </Descriptions>
            </attribute>
          </attributes>
        </entity>
      </EntityInfo>
      <RibbonDiffXml>
        <CustomActions />
        <Templates>
          <RibbonTemplates Id="Mscrm.Templates"></RibbonTemplates>
        </Templates>
        <CommandDefinitions />
        <RuleDefinitions>
          <TabDisplayRules />
          <DisplayRules />
          <EnableRules />
        </RuleDefinitions>
        <LocLabels />
      </RibbonDiffXml>
    </Entity>
    <Entity>
      <Name LocalizedName="Program" OriginalName="Program">ecer_Program</Name>
      <EntityInfo>
        <entity Name="ecer_Program">
          <attributes>
            <attribute PhysicalName="ecer_BasicEarlyChildhoodEducatorCoursesTotalHours">
              <Type>decimal</Type>
              <Name>ecer_basicearlychildhoodeducatorcoursestotalhours</Name>
              <LogicalName>ecer_basicearlychildhoodeducatorcoursestotalhours</LogicalName>
              <RequiredLevel>none</RequiredLevel>
              <DisplayMask>ValidForAdvancedFind|ValidForForm|ValidForGrid</DisplayMask>
              <ImeMode>auto</ImeMode>
              <ValidForUpdateApi>1</ValidForUpdateApi>
              <ValidForReadApi>1</ValidForReadApi>
              <ValidForCreateApi>1</ValidForCreateApi>
              <IsCustomField>1</IsCustomField>
              <IsAuditEnabled>1</IsAuditEnabled>
              <IsSecured>0</IsSecured>
              <IntroducedVersion>1.0</IntroducedVersion>
              <IsCustomizable>1</IsCustomizable>
              <IsRenameable>1</IsRenameable>
              <CanModifySearchSettings>1</CanModifySearchSettings>
              <CanModifyRequirementLevelSettings>1</CanModifyRequirementLevelSettings>
              <CanModifyAdditionalSettings>1</CanModifyAdditionalSettings>
              <SourceType>0</SourceType>
              <IsGlobalFilterEnabled>0</IsGlobalFilterEnabled>
              <IsSortableEnabled>0</IsSortableEnabled>
              <CanModifyGlobalFilterSettings>1</CanModifyGlobalFilterSettings>
              <CanModifyIsSortableSettings>1</CanModifyIsSortableSettings>
              <IsDataSourceSecret>0</IsDataSourceSecret>
              <AutoNumberFormat></AutoNumberFormat>
              <IsSearchable>0</IsSearchable>
              <IsFilterable>0</IsFilterable>
              <IsRetrievable>0</IsRetrievable>
              <IsLocalizable>0</IsLocalizable>
              <MinValue>-100000000000</MinValue>
              <MaxValue>100000000000</MaxValue>
              <Accuracy>2</Accuracy>
              <displaynames>
                <displayname description="Basic Early Childhood Educator Courses Total Hours" languagecode="1033" />
              </displaynames>
              <Descriptions>
                <Description description="" languagecode="1033" />
              </Descriptions>
            </attribute>
            <attribute PhysicalName="ecer_ITECoursesTotalHours">
              <Type>decimal</Type>
              <Name>ecer_itecoursestotalhours</Name>
              <LogicalName>ecer_itecoursestotalhours</LogicalName>
              <RequiredLevel>none</RequiredLevel>
              <DisplayMask>ValidForAdvancedFind|ValidForForm|ValidForGrid</DisplayMask>
              <ImeMode>auto</ImeMode>
              <ValidForUpdateApi>1</ValidForUpdateApi>
              <ValidForReadApi>1</ValidForReadApi>
              <ValidForCreateApi>1</ValidForCreateApi>
              <IsCustomField>1</IsCustomField>
              <IsAuditEnabled>1</IsAuditEnabled>
              <IsSecured>0</IsSecured>
              <IntroducedVersion>1.0</IntroducedVersion>
              <IsCustomizable>1</IsCustomizable>
              <IsRenameable>1</IsRenameable>
              <CanModifySearchSettings>1</CanModifySearchSettings>
              <CanModifyRequirementLevelSettings>1</CanModifyRequirementLevelSettings>
              <CanModifyAdditionalSettings>1</CanModifyAdditionalSettings>
              <SourceType>0</SourceType>
              <IsGlobalFilterEnabled>0</IsGlobalFilterEnabled>
              <IsSortableEnabled>0</IsSortableEnabled>
              <CanModifyGlobalFilterSettings>1</CanModifyGlobalFilterSettings>
              <CanModifyIsSortableSettings>1</CanModifyIsSortableSettings>
              <IsDataSourceSecret>0</IsDataSourceSecret>
              <AutoNumberFormat></AutoNumberFormat>
              <IsSearchable>0</IsSearchable>
              <IsFilterable>0</IsFilterable>
              <IsRetrievable>0</IsRetrievable>
              <IsLocalizable>0</IsLocalizable>
              <MinValue>0</MinValue>
              <MaxValue>100000000000</MaxValue>
              <Accuracy>2</Accuracy>
              <displaynames>
                <displayname description="ITE Courses Total Hours" languagecode="1033" />
              </displaynames>
              <Descriptions>
                <Description description="" languagecode="1033" />
              </Descriptions>
            </attribute>
            <attribute PhysicalName="ecer_SNECoursesTotalHours">
              <Type>nvarchar</Type>
              <Name>ecer_snecoursestotalhours</Name>
              <LogicalName>ecer_snecoursestotalhours</LogicalName>
              <RequiredLevel>none</RequiredLevel>
              <DisplayMask>ValidForAdvancedFind|ValidForForm|ValidForGrid</DisplayMask>
              <ImeMode>auto</ImeMode>
              <ValidForUpdateApi>1</ValidForUpdateApi>
              <ValidForReadApi>1</ValidForReadApi>
              <ValidForCreateApi>1</ValidForCreateApi>
              <IsCustomField>1</IsCustomField>
              <IsAuditEnabled>1</IsAuditEnabled>
              <IsSecured>0</IsSecured>
              <IntroducedVersion>1.0</IntroducedVersion>
              <IsCustomizable>1</IsCustomizable>
              <IsRenameable>1</IsRenameable>
              <CanModifySearchSettings>1</CanModifySearchSettings>
              <CanModifyRequirementLevelSettings>1</CanModifyRequirementLevelSettings>
              <CanModifyAdditionalSettings>1</CanModifyAdditionalSettings>
              <SourceType>0</SourceType>
              <IsGlobalFilterEnabled>0</IsGlobalFilterEnabled>
              <IsSortableEnabled>0</IsSortableEnabled>
              <CanModifyGlobalFilterSettings>1</CanModifyGlobalFilterSettings>
              <CanModifyIsSortableSettings>1</CanModifyIsSortableSettings>
              <IsDataSourceSecret>0</IsDataSourceSecret>
              <AutoNumberFormat></AutoNumberFormat>
              <IsSearchable>0</IsSearchable>
              <IsFilterable>0</IsFilterable>
              <IsRetrievable>0</IsRetrievable>
              <IsLocalizable>0</IsLocalizable>
              <Format>text</Format>
              <MaxLength>100</MaxLength>
              <Length>200</Length>
              <displaynames>
                <displayname description="TBD_SNE Courses Total Hours" languagecode="1033" />
              </displaynames>
              <Descriptions>
                <Description description="" languagecode="1033" />
              </Descriptions>
            </attribute>
            <attribute PhysicalName="ecer_SNECoursesTotalHoursDecimal">
              <Type>decimal</Type>
              <Name>ecer_snecoursestotalhoursdecimal</Name>
              <LogicalName>ecer_snecoursestotalhoursdecimal</LogicalName>
              <RequiredLevel>none</RequiredLevel>
              <DisplayMask>ValidForAdvancedFind|ValidForForm|ValidForGrid</DisplayMask>
              <ImeMode>auto</ImeMode>
              <ValidForUpdateApi>1</ValidForUpdateApi>
              <ValidForReadApi>1</ValidForReadApi>
              <ValidForCreateApi>1</ValidForCreateApi>
              <IsCustomField>1</IsCustomField>
              <IsAuditEnabled>1</IsAuditEnabled>
              <IsSecured>0</IsSecured>
              <IntroducedVersion>1.0</IntroducedVersion>
              <IsCustomizable>1</IsCustomizable>
              <IsRenameable>1</IsRenameable>
              <CanModifySearchSettings>1</CanModifySearchSettings>
              <CanModifyRequirementLevelSettings>1</CanModifyRequirementLevelSettings>
              <CanModifyAdditionalSettings>1</CanModifyAdditionalSettings>
              <SourceType>0</SourceType>
              <IsGlobalFilterEnabled>0</IsGlobalFilterEnabled>
              <IsSortableEnabled>0</IsSortableEnabled>
              <CanModifyGlobalFilterSettings>1</CanModifyGlobalFilterSettings>
              <CanModifyIsSortableSettings>1</CanModifyIsSortableSettings>
              <IsDataSourceSecret>0</IsDataSourceSecret>
              <AutoNumberFormat></AutoNumberFormat>
              <IsSearchable>0</IsSearchable>
              <IsFilterable>0</IsFilterable>
              <IsRetrievable>0</IsRetrievable>
              <IsLocalizable>0</IsLocalizable>
              <MinValue>0</MinValue>
              <MaxValue>100000000000</MaxValue>
              <displaynames>
                <displayname description="SNE Courses Total Hours" languagecode="1033" />
              </displaynames>
              <Descriptions>
                <Description description="" languagecode="1033" />
              </Descriptions>
            </attribute>
          </attributes>
        </entity>
      </EntityInfo>
      <FormXml>
        <forms type="main">
          <systemform>
            <formid>{8e50e22f-61da-430b-8670-9e7226aecb1c}</formid>
            <IntroducedVersion>1.0</IntroducedVersion>
            <FormPresentation>1</FormPresentation>
            <FormActivationState>1</FormActivationState>
            <form headerdensity="HighWithControls" shownavigationbar="true" showImage="false" maxWidth="1920">
              <tabs>
                <tab verticallayout="true" id="{290e18fc-655a-4823-949c-ff086d81f489}" IsUserDefined="1" name="tab_general">
                  <labels>
                    <label description="General" languagecode="1033" />
                  </labels>
                  <columns>
                    <column width="100%">
                      <sections>
                        <section showlabel="false" showbar="false" IsUserDefined="0" id="{39126f48-1c6a-4595-a656-84c6394e389b}" visible="false" name="section_hidden">
                          <labels>
                            <label description="Hidden" languagecode="1033" />
                          </labels>
                          <rows>
                            <row>
                              <cell id="{0758d54e-b310-41a4-ab69-f8295f7e7d92}" showlabel="false">
                                <labels>
                                  <label description="" languagecode="1033" />
                                </labels>
                              </cell>
                              <cell id="{0e35b0c5-d77d-4ff3-bc8a-ea9697ad8b5f}" showlabel="false">
                                <labels>
                                  <label description="" languagecode="1033" />
                                </labels>
                              </cell>
                            </row>
                          </rows>
                        </section>
                        <section name="section_details" id="b2ccde7d-98af-4d3b-becf-405549cc60c3" IsUserDefined="0" locklevel="0" showlabel="true" showbar="false" layout="varwidth" celllabelalignment="Left" celllabelposition="Left" columns="1" labelwidth="115" height="auto">
                          <labels>
                            <label description="Details" languagecode="1033" />
                          </labels>
                          <rows>
                            <row>
                              <cell id="{87af6969-081c-47dc-a4e2-4b84a46cec55}" locklevel="0" colspan="1" rowspan="1" showlabel="true">
                                <labels>
                                  <label description="Post-Secondary Institution" languagecode="1033" />
                                </labels>
                                <control id="ecer_postsecondaryinstitution" classid="{270BD3DB-D9AF-4782-9025-509E298DEC0A}" datafieldname="ecer_postsecondaryinstitution" disabled="false" uniqueid="{49ec1e42-3d90-0dda-e47d-d6db289ae1cc}">
                                  <parameters>
                                    <AutoResolve>true</AutoResolve>
                                    <DisableMru>false</DisableMru>
                                    <DisableQuickFind>false</DisableQuickFind>
                                    <DisableViewPicker>false</DisableViewPicker>
                                    <DefaultViewId>{EAA7B903-86BE-476F-A8CF-6E3F1076D674}</DefaultViewId>
                                    <AllowFilterOff>false</AllowFilterOff>
                                  </parameters>
                                </control>
                              </cell>
                            </row>
                            <row>
                              <cell id="{78588688-8224-b04d-4362-501c0eb7d546}" showlabel="true" locklevel="0">
                                <labels>
                                  <label description="Program Type(s)" languagecode="1033" />
                                </labels>
                                <control id="ecer_programtypes" classid="{4AA28AB7-9C13-4F57-A73D-AD894D048B5F}" datafieldname="ecer_programtypes" disabled="false" />
                              </cell>
                            </row>
                            <row>
                              <cell id="{88f52844-606a-4e1c-83a5-75d715e69e90}" locklevel="0" colspan="1" rowspan="1">
                                <labels>
                                  <label description="Start Date" languagecode="1033" />
                                </labels>
                                <control id="ecer_startdate" classid="{5B773807-9FB2-42DB-97C3-7A91EFF8ADFF}" datafieldname="ecer_startdate" disabled="false" />
                              </cell>
                            </row>
                            <row>
                              <cell id="{4c261deb-3a2a-4a6d-9ed8-3650270a1a1f}" locklevel="0" colspan="1" rowspan="1">
                                <labels>
                                  <label description="End Date" languagecode="1033" />
                                </labels>
                                <control id="ecer_enddate" classid="{5B773807-9FB2-42DB-97C3-7A91EFF8ADFF}" datafieldname="ecer_enddate" disabled="false" />
                              </cell>
                            </row>
                            <row>
                              <cell id="{e02e6089-2bbf-487d-85dc-c93250fe54dc}" locklevel="0" colspan="1" rowspan="7">
                                <labels>
                                  <label description="Additional Courses" languagecode="1033" />
                                </labels>
                                <control id="ecer_additionalcourses" classid="{E0DECE4B-6FC8-4A8F-A065-082708572369}" datafieldname="ecer_additionalcourses" disabled="false" />
                              </cell>
                            </row>
                            <row />
                            <row />
                            <row />
                            <row />
                            <row />
                            <row />
                            <row>
                              <cell id="{699226fc-2e75-4249-922e-6fdc340c39ed}" locklevel="0" colspan="1" rowspan="7">
                                <labels>
                                  <label description="Assessment Notes" languagecode="1033" />
                                </labels>
                                <control id="ecer_assessmentnotes" classid="{E0DECE4B-6FC8-4A8F-A065-082708572369}" datafieldname="ecer_assessmentnotes" disabled="false" />
                              </cell>
                            </row>
                            <row />
                            <row />
                            <row />
                            <row />
                            <row />
                            <row />
                            <row>
                              <cell id="{e971e014-d086-04c9-70d5-5ddc570c8592}" showlabel="true" locklevel="0" visible="false" availableforphone="false">
                                <labels>
                                  <label description="Program Name" languagecode="1033" />
                                </labels>
                                <control id="ecer_name" classid="{4273EDBD-AC1D-40d3-9FB2-095C621B552D}" datafieldname="ecer_name" disabled="false" uniqueid="{86068112-913b-740d-edb1-cbd46c4130ee}" />
                              </cell>
                            </row>
                          </rows>
                        </section>
                        <section name="tab_general_section_4" id="a22b52d8-af46-4ccc-a89e-bca3ab6ba5cb" IsUserDefined="0" locklevel="0" showlabel="true" showbar="false" layout="varwidth" celllabelalignment="Left" celllabelposition="Left" columns="1" labelwidth="115" height="auto" visible="false">
                          <labels>
                            <label description="Program Applications" languagecode="1033" />
                          </labels>
                          <rows>
                            <row>
                              <cell locklevel="0" id="{a48a5cf1-2ede-49d4-8caf-60a0059f01d8}" rowspan="4" colspan="1" auto="true" showlabel="false">
                                <labels>
                                  <label description="New SG control 1715814248470" languagecode="1033" />
                                </labels>
                                <control indicationOfSubgrid="true" id="Subgrid_new_3" classid="{E7A81278-8635-4d9e-8D4D-59480B391C5B}" uniqueid="{d47e030d-0b32-6252-0848-6b8639ee0e5d}">
                                  <parameters>
                                    <RecordsPerPage>10</RecordsPerPage>
                                    <AutoExpand>Auto</AutoExpand>
                                    <EnableQuickFind>false</EnableQuickFind>
                                    <EnableViewPicker>false</EnableViewPicker>
                                    <EnableChartPicker>true</EnableChartPicker>
                                    <ChartGridMode>All</ChartGridMode>
                                    <TargetEntityType>ecer_postsecondaryinstituteprogramapplicaiton</TargetEntityType>
                                    <ViewId>{B992C349-0A13-EF11-9F89-6045BDF9ED54}</ViewId>
                                    <ViewIds>{616776F3-FCD5-4B6F-9C1C-C6BCF393DB61},{B992C349-0A13-EF11-9F89-6045BDF9ED54}</ViewIds>
                                    <RelationshipName>ecer_PostSecondaryInstituteProgramApplica</RelationshipName>
                                    <HeaderColorCode>#FEF7F5</HeaderColorCode>
                                    <IsUserView>false</IsUserView>
                                    <EnableJumpBar>false</EnableJumpBar>
                                    <VisualizationId />
                                    <IsUserChart>false</IsUserChart>
                                    <RelationshipRoleOrdinal>1</RelationshipRoleOrdinal>
                                  </parameters>
                                </control>
                              </cell>
                            </row>
                            <row />
                            <row />
                            <row height="auto" />
                          </rows>
                        </section>
                      </sections>
                    </column>
                  </columns>
                </tab>
                <tab name="tab_courses" id="53ea358d-7229-4def-a6b0-0b65ac7cf240" IsUserDefined="0" locklevel="0" showlabel="true">
                  <labels>
                    <label description="Courses" languagecode="1033" />
                  </labels>
                  <columns>
                    <column width="100%">
                      <sections>
                        <section name="section_course_basic" id="f5d03cf3-1243-496e-9a59-1301e069bff4" IsUserDefined="0" locklevel="0" showlabel="true" showbar="false" layout="varwidth" celllabelalignment="Left" celllabelposition="Left" columns="1" labelwidth="115" height="auto" visible="true">
                          <labels>
                            <label description="Basic Program Curriculum" languagecode="1033" />
                          </labels>
                          <rows>
                            <row>
                              <cell id="{4f07878e-12c6-400c-bb4d-dd3334d08cdb}" locklevel="0" colspan="1" rowspan="1">
                                <labels>
                                  <label description="Basic Early Childhood Educator Courses Total Hours" languagecode="1033" />
                                </labels>
                                <control id="ecer_basicearlychildhoodeducatorcoursestotalhours" classid="{C3EFE0C3-0EC6-42BE-8349-CBD9079DFD8E}" datafieldname="ecer_basicearlychildhoodeducatorcoursestotalhours" disabled="false" />
                              </cell>
                            </row>
                            <row>
                              <cell locklevel="0" id="{da5426c8-6f29-4352-aad5-14a0b7b4c31a}" rowspan="27" colspan="1" auto="false" showlabel="false">
                                <labels>
                                  <label description="Program Applications" languagecode="1033" />
                                </labels>
                                <control indicationOfSubgrid="true" id="subgrid_courses_basic" classid="{E7A81278-8635-4d9e-8D4D-59480B391C5B}" uniqueid="{e1d1eb02-1c4a-4844-790b-c553bb9c27ad}">
                                  <parameters>
                                    <RecordsPerPage>25</RecordsPerPage>
                                    <AutoExpand>Fixed</AutoExpand>
                                    <EnableQuickFind>false</EnableQuickFind>
                                    <EnableViewPicker>false</EnableViewPicker>
                                    <EnableChartPicker>true</EnableChartPicker>
                                    <ChartGridMode>All</ChartGridMode>
                                    <TargetEntityType>ecer_course</TargetEntityType>
                                    <ViewId>{2206684D-8714-EF11-9F8A-000D3AF4A207}</ViewId>
                                    <ViewIds>{7ABCCB79-7767-4DDB-8FD2-A60F8CB206E2},{2206684D-8714-EF11-9F8A-000D3AF4A207}</ViewIds>
                                    <RelationshipName>ecer_course_Programid</RelationshipName>
                                    <HeaderColorCode>#FEF7F5</HeaderColorCode>
                                    <IsUserView>false</IsUserView>
                                    <EnableJumpBar>false</EnableJumpBar>
                                    <VisualizationId />
                                    <IsUserChart>false</IsUserChart>
                                  </parameters>
                                </control>
                              </cell>
                            </row>
                            <row />
                            <row />
                            <row />
                            <row />
                            <row />
                            <row />
                            <row />
                            <row />
                            <row />
                            <row />
                            <row />
                            <row />
                            <row />
                            <row />
                            <row />
                            <row />
                            <row />
                            <row />
                            <row />
                            <row />
                            <row />
                            <row />
                            <row />
                            <row />
                            <row />
                            <row />
                          </rows>
                        </section>
                        <section name="section_course_ite" id="0d61f421-fb40-4233-b820-038d475d6ebf" IsUserDefined="0" locklevel="0" showlabel="true" showbar="false" layout="varwidth" celllabelalignment="Left" celllabelposition="Left" columns="1" labelwidth="115" visible="true">
                          <labels>
                            <label description="ITE Program Curriculum" languagecode="1033" />
                          </labels>
                          <rows>
                            <row>
                              <cell id="{a0c01f0e-655e-432d-b3c7-29af01aa58c6}" locklevel="0" colspan="1" rowspan="1">
                                <labels>
                                  <label description="ITE Courses Total Hours" languagecode="1033" />
                                </labels>
                                <control id="ecer_itecoursestotalhours" classid="{C3EFE0C3-0EC6-42BE-8349-CBD9079DFD8E}" datafieldname="ecer_itecoursestotalhours" disabled="false" />
                              </cell>
                            </row>
                            <row>
                              <cell locklevel="0" id="{adc88c62-c883-4e95-a220-b8c9ef3ec401}" rowspan="4" colspan="1" auto="false" showlabel="false">
                                <labels>
                                  <label description="New SG control 1715977081333" languagecode="1033" />
                                </labels>
                                <control indicationOfSubgrid="true" id="subgrid_courses_ite" classid="{E7A81278-8635-4D9E-8D4D-59480B391C5B}">
                                  <parameters>
                                    <RecordsPerPage>25</RecordsPerPage>
                                    <AutoExpand>Fixed</AutoExpand>
                                    <EnableQuickFind>false</EnableQuickFind>
                                    <EnableViewPicker>false</EnableViewPicker>
                                    <EnableChartPicker>true</EnableChartPicker>
                                    <ChartGridMode>All</ChartGridMode>
                                    <TargetEntityType>ecer_course</TargetEntityType>
                                    <ViewId>{D1772033-8A14-EF11-9F89-000D3AF46033}</ViewId>
                                    <ViewIds>{7ABCCB79-7767-4DDB-8FD2-A60F8CB206E2},{D1772033-8A14-EF11-9F89-000D3AF46033}</ViewIds>
                                    <RelationshipName>ecer_course_Programid</RelationshipName>
                                  </parameters>
                                </control>
                              </cell>
                            </row>
                            <row />
                            <row />
                            <row />
                          </rows>
                        </section>
                        <section name="section_course_sne" id="3ade696b-3ae0-47c6-a8f4-7bddcfe4de8d" IsUserDefined="0" locklevel="0" showlabel="true" showbar="false" layout="varwidth" celllabelalignment="Left" celllabelposition="Left" columns="1" labelwidth="115" visible="true">
                          <labels>
                            <label description="SNE Program Curriculum" languagecode="1033" />
                          </labels>
                          <rows>
                            <row>
                              <cell id="{33c5ccb5-e7b8-4e1e-bad9-9296ff048c16}" locklevel="0" colspan="1" rowspan="1">
                                <labels>
                                  <label description="" languagecode="1033" />
                                </labels>
                                <control id="ecer_snecoursestotalhoursdecimal" classid="{C3EFE0C3-0EC6-42BE-8349-CBD9079DFD8E}" datafieldname="ecer_snecoursestotalhoursdecimal" disabled="false" />
                              </cell>
                            </row>
                            <row>
                              <cell locklevel="0" id="{caa0d721-c41e-44ea-80c9-9e55998d54a0}" rowspan="4" colspan="1" auto="false" showlabel="false">
                                <labels>
                                  <label description="New SG control 1715977044588" languagecode="1033" />
                                </labels>
                                <control indicationOfSubgrid="true" id="subgrid_courses_sne" classid="{E7A81278-8635-4D9E-8D4D-59480B391C5B}">
                                  <parameters>
                                    <RecordsPerPage>25</RecordsPerPage>
                                    <AutoExpand>Fixed</AutoExpand>
                                    <EnableQuickFind>false</EnableQuickFind>
                                    <EnableViewPicker>false</EnableViewPicker>
                                    <EnableChartPicker>true</EnableChartPicker>
                                    <ChartGridMode>All</ChartGridMode>
                                    <TargetEntityType>ecer_course</TargetEntityType>
                                    <ViewId>{D25BE90B-8814-EF11-9F8A-000D3AF4A207}</ViewId>
                                    <ViewIds>{7ABCCB79-7767-4DDB-8FD2-A60F8CB206E2},{D25BE90B-8814-EF11-9F8A-000D3AF4A207}</ViewIds>
                                    <RelationshipName>ecer_course_Programid</RelationshipName>
                                  </parameters>
                                </control>
                              </cell>
                            </row>
                            <row />
                            <row />
                            <row />
                          </rows>
                        </section>
                      </sections>
                    </column>
                  </columns>
                </tab>
                <tab name="tab_3" id="a84a2052-f066-41a5-9ea6-45364afc01e6" IsUserDefined="0" locklevel="0" showlabel="true" visible="false">
                  <labels>
                    <label description="Notes &amp; Activities" languagecode="1033" />
                  </labels>
                  <columns>
                    <column width="100%">
                      <sections>
                        <section name="tab_3_section_1" id="ff1bcd7a-4ee5-4a17-acda-7c4897415667" IsUserDefined="0" locklevel="0" showlabel="false" showbar="false" layout="varwidth" celllabelalignment="Left" celllabelposition="Left" columns="1" labelwidth="115">
                          <labels>
                            <label description="New Section" languagecode="1033" />
                          </labels>
                          <rows>
                            <row>
                              <cell id="{353baf41-017d-4639-83b2-e173e1efd392}" showlabel="false">
                                <labels>
                                  <label description="" languagecode="1033" />
                                </labels>
                              </cell>
                            </row>
                            <row>
                              <cell locklevel="0" id="{b2c87949-5d58-42e7-9249-a32f7187ddcc}" rowspan="15" colspan="1">
                                <labels>
                                  <label description="Note Text" languagecode="1033" />
                                </labels>
                                <control id="notescontrol" classid="{06375649-C143-495E-A496-C962E5B4488E}" disabled="false">
                                  <parameters>
                                    <UClientActivities>email,phonecall,task</UClientActivities>
                                    <UClientDisplayActivityUsing>defaultfields</UClientDisplayActivityUsing>
                                    <UClientActivityCardMap>appointment:4201:,campaignactivity:4402:,campaignresponse:4401:,email:4202:,fax:4204:,incidentresolution:4206:,letter:4207:,opportunityclose:4208:,orderclose:4209:,phonecall:4210:,quoteclose:4211:,recurringappointmentmaster:4251:,serviceappointment:4214:,socialactivity:4216:,task:4212:,adx_inviteredemption:10246:,adx_portalcomment:10247:,chat:10099:,msdyn_ocliveworkitem:10638:,msdyn_ocsession:10655:,msfp_alert:10516:,msfp_surveyinvite:10526:,msfp_surveyresponse:10528:,</UClientActivityCardMap>
                                    <UClientActivitiesConfigurationJSON>{"appointment":{"showTopDate":true,"showStatus":true,"canCreate":true,"createUsing":"default","openUsing":"default"},"campaignactivity":{"showTopDate":true,"showStatus":true,"canCreate":false,"createUsing":"default","openUsing":"default"},"incidentresolution":{"showTopDate":true,"showStatus":false,"canCreate":false,"createUsing":"default","openUsing":"default"},"opportunityclose":{"showTopDate":true,"showStatus":false,"canCreate":false,"createUsing":"default","openUsing":"default"},"orderclose":{"showTopDate":true,"showStatus":false,"canCreate":false,"createUsing":"default","openUsing":"default"},"quoteclose":{"showTopDate":true,"showStatus":false,"canCreate":false,"createUsing":"default","openUsing":"default"},"recurringappointmentmaster":{"showTopDate":true,"showStatus":true,"canCreate":false,"createUsing":"default","openUsing":"default"},"socialactivity":{"showTopDate":true,"showStatus":true,"canCreate":false,"createUsing":"default","openUsing":"default"},"adx_inviteredemption":{"showTopDate":true,"showStatus":true,"canCreate":true,"createUsing":"default","openUsing":"default"},"adx_portalcomment":{"showTopDate":true,"showStatus":true,"canCreate":true,"createUsing":"default","openUsing":"default"},"chat":{"showTopDate":true,"showStatus":false,"canCreate":false,"createUsing":"default","openUsing":"default"},"msdyn_ocliveworkitem":{"showTopDate":true,"showStatus":true,"canCreate":false,"createUsing":"default","openUsing":"default"},"msdyn_ocsession":{"showTopDate":true,"showStatus":true,"canCreate":true,"createUsing":"default","openUsing":"default"},"msfp_alert":{"showTopDate":true,"showStatus":true,"canCreate":true,"createUsing":"default","openUsing":"default"},"msfp_surveyinvite":{"showTopDate":true,"showStatus":true,"canCreate":false,"createUsing":"default","openUsing":"default"},"msfp_surveyresponse":{"showTopDate":true,"showStatus":true,"canCreate":false,"createUsing":"default","openUsing":"default"}}</UClientActivitiesConfigurationJSON>
                                  </parameters>
                                </control>
                              </cell>
                            </row>
                            <row />
                            <row />
                            <row />
                            <row />
                            <row />
                            <row />
                            <row />
                            <row />
                            <row />
                            <row />
                            <row />
                            <row />
                            <row />
                            <row />
                          </rows>
                        </section>
                        <section name="tab_3_section_3" id="bcf91b9c-0f9b-45b2-baf0-6daeaa259057" IsUserDefined="0" locklevel="0" showlabel="false" showbar="false" layout="varwidth" celllabelalignment="Left" celllabelposition="Left" columns="1" labelwidth="115">
                          <labels>
                            <label description="New Section" languagecode="1033" />
                          </labels>
                          <rows>
                            <row>
                              <cell id="{ba3cdc9a-40c7-40f1-841d-27ed0876a730}" showlabel="false">
                                <labels>
                                  <label description="" languagecode="1033" />
                                </labels>
                              </cell>
                            </row>
                            <row>
                              <cell locklevel="0" id="{208f787c-8352-499b-9ef7-47b98ba94795}" rowspan="4" colspan="1" auto="false">
                                <labels>
                                  <label description="Related Emails" languagecode="1033" />
                                </labels>
                                <control indicationOfSubgrid="true" id="Subgrid_new_1" classid="{E7A81278-8635-4D9E-8D4D-59480B391C5B}">
                                  <parameters>
                                    <RecordsPerPage>4</RecordsPerPage>
                                    <AutoExpand>Fixed</AutoExpand>
                                    <EnableQuickFind>false</EnableQuickFind>
                                    <EnableViewPicker>false</EnableViewPicker>
                                    <EnableChartPicker>true</EnableChartPicker>
                                    <ChartGridMode>All</ChartGridMode>
                                    <TargetEntityType>email</TargetEntityType>
                                    <ViewId>{CC98CB1F-6552-4FD8-9E2F-39A1CAD2F710}</ViewId>
                                    <ViewIds>{7AFF64B0-5B8C-4AD7-89F8-976777EEE178},{CC98CB1F-6552-4FD8-9E2F-39A1CAD2F710}</ViewIds>
                                    <RelationshipName>ecer_program_Emails</RelationshipName>
                                    <VisualizationId>{1EC1872A-23DE-4294-9D7F-1B76272A5FD5}</VisualizationId>
                                  </parameters>
                                </control>
                              </cell>
                            </row>
                            <row />
                            <row />
                            <row />
                          </rows>
                        </section>
                      </sections>
                    </column>
                  </columns>
                </tab>
                <tab name="tab_4" id="{d73acde0-9935-794d-edcd-8de79e39685b}" IsUserDefined="0" locklevel="0" showlabel="true" expanded="true">
                  <labels>
                    <label description="Files" languagecode="1033" />
                  </labels>
                  <columns>
                    <column width="100%">
                      <sections>
                        <section name="tab_4_section_1" showlabel="false" showbar="false" locklevel="0" id="{19e2a236-56c6-9c16-3b44-062c870d85e0}" IsUserDefined="0" layout="varwidth" columns="1" labelwidth="115">
                          <labels>
                            <label description="Section" languagecode="1033" />
                          </labels>
                          <rows>
                            <row>
                              <cell id="{958692b2-71e2-ad42-9362-85457ce0e0c1}" showlabel="false" colspan="1" auto="false" rowspan="6">
                                <labels>
                                  <label description="uploadfile" languagecode="1033" />
                                </labels>
                                <control id="WebResource_uploadfile" classid="{9FDF5F91-88B1-47f4-AD53-C11EFC01A01D}">
                                  <parameters>
                                    <Url>bcgov_/Scripts/DocumentUrl/Upload.html</Url>
                                    <PassParameters>false</PassParameters>
                                    <Security>false</Security>
                                    <Scrolling>auto</Scrolling>
                                    <Border>true</Border>
                                    <ShowOnMobileClient>false</ShowOnMobileClient>
                                    <WebResourceId>{58BAAFCE-E7EF-EB11-B82B-00505683FBF4}</WebResourceId>
                                  </parameters>
                                </control>
                                <events>
                                  <event name="onload" application="false">
                                    <dependencies />
                                  </event>
                                </events>
                              </cell>
                            </row>
                            <row />
                            <row />
                            <row />
                            <row />
                            <row />
                            <row>
                              <cell id="{7c6d970b-06a1-6d51-7104-c389c80a6634}" showlabel="true" colspan="1" auto="false" rowspan="7">
                                <labels>
                                  <label description="Program Applications" languagecode="1033" />
                                </labels>
                                <control id="DocumentsGrid" classid="{E7A81278-8635-4d9e-8D4D-59480B391C5B}" indicationOfSubgrid="true" uniqueid="{0377d5a2-5c84-a122-00e4-36c5e291e4d7}">
                                  <parameters>
                                    <ViewId>{446B3482-72E8-4AC2-BA74-94E58E269C1B}</ViewId>
                                    <IsUserView>false</IsUserView>
                                    <RelationshipName>ecer_bcgov_documenturl_ProgramProfileId_ecer_program</RelationshipName>
                                    <TargetEntityType>bcgov_documenturl</TargetEntityType>
                                    <AutoExpand>Fixed</AutoExpand>
                                    <EnableQuickFind>false</EnableQuickFind>
                                    <EnableViewPicker>false</EnableViewPicker>
                                    <ViewIds>{446B3482-72E8-4AC2-BA74-94E58E269C1B}</ViewIds>
                                    <EnableJumpBar>false</EnableJumpBar>
                                    <ChartGridMode>All</ChartGridMode>
                                    <VisualizationId />
                                    <IsUserChart>false</IsUserChart>
                                    <EnableChartPicker>true</EnableChartPicker>
                                    <RecordsPerPage>4</RecordsPerPage>
                                    <HeaderColorCode>#FEF7F5</HeaderColorCode>
                                  </parameters>
                                </control>
                              </cell>
                            </row>
                            <row />
                            <row />
                            <row />
                            <row />
                            <row />
                            <row />
                          </rows>
                        </section>
                      </sections>
                    </column>
                  </columns>
                </tab>
              </tabs>
              <header id="{c7d7ad8e-f7eb-46f6-b876-de577f56c6f8}" celllabelposition="Top" columns="111" labelwidth="115" celllabelalignment="Left">
                <rows>
                  <row>
                    <cell id="{f96b726a-505b-4d13-8747-579d9d9e49c9}" showlabel="false">
                      <labels>
                        <label description="" languagecode="1033" />
                      </labels>
                    </cell>
                    <cell id="{001f6c75-cea9-45e7-8145-4cdb51644f2d}" showlabel="false">
                      <labels>
                        <label description="" languagecode="1033" />
                      </labels>
                    </cell>
                    <cell id="{1bcbcb48-30aa-44ec-98f9-e3d8b3608364}" showlabel="false">
                      <labels>
                        <label description="" languagecode="1033" />
                      </labels>
                    </cell>
                    <cell id="{b8655a24-2e2a-4b51-3e12-23340ec115a7}" showlabel="false">
                      <labels>
                        <label description="" languagecode="1033" />
                      </labels>
                    </cell>
                    <cell id="{015b3bcc-1241-4b0b-8be0-95836fb634c6}" locklevel="0" colspan="1" rowspan="1">
                      <labels>
                        <label description="Status Reason" languagecode="1033" />
                      </labels>
                      <control id="header_statuscode" classid="{3EF39988-22BB-4F0B-BBBE-64B5A3748AEE}" datafieldname="statuscode" disabled="false" />
                    </cell>
                    <cell id="{ba96a9b1-678c-a415-d6e2-b50bd0386a06}" showlabel="false">
                      <labels>
                        <label description="" languagecode="1033" />
                      </labels>
                    </cell>
                    <cell id="{c98c36db-4117-4ac1-9056-2d787b12bf3c}" colspan="1" rowspan="1">
                      <labels>
                        <label description="Owner" languagecode="1033" />
                      </labels>
                      <control id="header_ownerid" classid="{270BD3DB-D9AF-4782-9025-509E298DEC0A}" datafieldname="ownerid" />
                    </cell>
                  </row>
                </rows>
              </header>
              <footer id="{951234ad-d368-477e-98b5-9c51cc57838a}" celllabelposition="Top" columns="111" labelwidth="115" celllabelalignment="Left">
                <rows>
                  <row>
                    <cell id="{4b285b1c-fd2c-4493-9d98-9b7a48ef7a62}" showlabel="false">
                      <labels>
                        <label description="" languagecode="1033" />
                      </labels>
                    </cell>
                    <cell id="{fa7c80df-5e96-4b52-83c4-3d586dc50740}" showlabel="false">
                      <labels>
                        <label description="" languagecode="1033" />
                      </labels>
                    </cell>
                    <cell id="{423a4b9a-4040-45f8-a013-e833b9a2e812}" showlabel="false">
                      <labels>
                        <label description="" languagecode="1033" />
                      </labels>
                    </cell>
                  </row>
                </rows>
              </footer>
              <Navigation>
                <NavBar />
                <NavBarAreas>
                  <NavBarArea Id="Info">
                    <Titles>
                      <Title LCID="1033" Text="Common" />
                    </Titles>
                  </NavBarArea>
                  <NavBarArea Id="Sales">
                    <Titles>
                      <Title LCID="1033" Text="Sales" />
                    </Titles>
                  </NavBarArea>
                  <NavBarArea Id="Service">
                    <Titles>
                      <Title LCID="1033" Text="Service" />
                    </Titles>
                  </NavBarArea>
                  <NavBarArea Id="Marketing">
                    <Titles>
                      <Title LCID="1033" Text="Marketing" />
                    </Titles>
                  </NavBarArea>
                  <NavBarArea Id="ProcessCenter">
                    <Titles>
                      <Title LCID="1033" Text="Process Sessions" />
                    </Titles>
                  </NavBarArea>
                </NavBarAreas>
              </Navigation>
              <controlDescriptions />
              <formLibraries>
                <Library name="ecer_program.js" libraryUniqueId="{88cd3e1d-b050-03c4-43e1-6074b61a5549}" />
              </formLibraries>
              <events>
                <event name="onload" application="false" active="false">
                  <Handlers>
                    <Handler functionName="ECER.Jscripts.Program.onLoad" libraryName="ecer_program.js" handlerUniqueId="{66282e35-3e99-1d37-743c-751ad0ce4998}" enabled="true" parameters="" passExecutionContext="true" />
                  </Handlers>
                </event>
                <event name="onchange" application="false" active="false" attribute="ecer_programtypes">
                  <Handlers>
                    <Handler functionName="ECER.Jscripts.Program.courseSectionShowHide" libraryName="ecer_program.js" handlerUniqueId="{9c8b60ee-4052-4e28-73a6-a5126c69d052}" enabled="true" parameters="" passExecutionContext="true" />
                  </Handlers>
                </event>
              </events>
              <DisplayConditions Order="0" FallbackForm="true">
                <Everyone />
              </DisplayConditions>
            </form>
            <IsCustomizable>1</IsCustomizable>
            <CanBeDeleted>1</CanBeDeleted>
            <LocalizedNames>
              <LocalizedName description="ECER - Program Main Form" languagecode="1033" />
            </LocalizedNames>
            <Descriptions>
              <Description description="A form for this entity." languagecode="1033" />
            </Descriptions>
          </systemform>
        </forms>
      </FormXml>
      <RibbonDiffXml>
        <CustomActions>
          <HideCustomAction HideActionId="ecer.Mscrm.SubGrid.ecer_program.AddExistingAssoc.Hide" Location="Mscrm.SubGrid.ecer_program.AddExistingAssoc" />
          <HideCustomAction HideActionId="ecer.Mscrm.SubGrid.ecer_program.AddExistingStandard.Hide" Location="Mscrm.SubGrid.ecer_program.AddExistingStandard" />
        </CustomActions>
        <Templates>
          <RibbonTemplates Id="Mscrm.Templates"></RibbonTemplates>
        </Templates>
        <CommandDefinitions />
        <RuleDefinitions>
          <TabDisplayRules />
          <DisplayRules />
          <EnableRules />
        </RuleDefinitions>
        <LocLabels />
      </RibbonDiffXml>
    </Entity>
  </Entities>
  <Roles></Roles>
  <Workflows>
    <Workflow WorkflowId="{da19c6d7-378b-ef11-8a6a-6045bdcd6cb0}" Name="ECER - Program Profile Courses Total Hours">
      <JsonFileName>/Workflows/ECER-ProgramProfileCoursesTotalHours-DA19C6D7-378B-EF11-8A6A-6045BDCD6CB0.json</JsonFileName>
      <Type>1</Type>
      <Subprocess>0</Subprocess>
      <Category>5</Category>
      <Mode>0</Mode>
      <Scope>4</Scope>
      <OnDemand>0</OnDemand>
      <TriggerOnCreate>0</TriggerOnCreate>
      <TriggerOnDelete>0</TriggerOnDelete>
      <AsyncAutodelete>0</AsyncAutodelete>
      <SyncWorkflowLogOnFailure>0</SyncWorkflowLogOnFailure>
      <StateCode>0</StateCode>
      <StatusCode>1</StatusCode>
      <RunAs>1</RunAs>
      <IsTransacted>1</IsTransacted>
      <IntroducedVersion>1.0.0.49</IntroducedVersion>
      <IsCustomizable>1</IsCustomizable>
      <IsCustomProcessingStepAllowedForOtherPublishers>1</IsCustomProcessingStepAllowedForOtherPublishers>
      <PrimaryEntity>none</PrimaryEntity>
      <LocalizedNames>
        <LocalizedName languagecode="1033" description="ECER - Program Profile Courses Total Hours" />
      </LocalizedNames>
    </Workflow>
  </Workflows>
  <FieldSecurityProfiles></FieldSecurityProfiles>
  <Templates />
  <EntityMaps />
  <EntityRelationships>
    <EntityRelationship Name="ecer_course_Programid">
      <EntityRelationshipType>OneToMany</EntityRelationshipType>
      <IsCustomizable>1</IsCustomizable>
      <IntroducedVersion>1.0.0.0</IntroducedVersion>
      <IsHierarchical>0</IsHierarchical>
      <ReferencingEntityName>ecer_Course</ReferencingEntityName>
      <ReferencedEntityName>ecer_Program</ReferencedEntityName>
      <CascadeAssign>NoCascade</CascadeAssign>
      <CascadeDelete>RemoveLink</CascadeDelete>
      <CascadeArchive>RemoveLink</CascadeArchive>
      <CascadeReparent>NoCascade</CascadeReparent>
      <CascadeShare>NoCascade</CascadeShare>
      <CascadeUnshare>NoCascade</CascadeUnshare>
      <CascadeRollupView>NoCascade</CascadeRollupView>
      <IsValidForAdvancedFind>1</IsValidForAdvancedFind>
      <ReferencingAttributeName>ecer_Programid</ReferencingAttributeName>
      <RelationshipDescription>
        <Descriptions>
          <Description description="" languagecode="1033" />
        </Descriptions>
      </RelationshipDescription>
      <EntityRelationshipRoles>
        <EntityRelationshipRole>
          <NavPaneDisplayOption>UseCollectionName</NavPaneDisplayOption>
          <NavPaneArea>Details</NavPaneArea>
          <NavPaneOrder>10000</NavPaneOrder>
          <NavigationPropertyName>ecer_Programid</NavigationPropertyName>
          <RelationshipRoleType>1</RelationshipRoleType>
        </EntityRelationshipRole>
        <EntityRelationshipRole>
          <NavigationPropertyName>ecer_course_Programid</NavigationPropertyName>
          <RelationshipRoleType>0</RelationshipRoleType>
        </EntityRelationshipRole>
      </EntityRelationshipRoles>
    </EntityRelationship>
  </EntityRelationships>
  <OrganizationSettings />
  <optionsets />
  <CustomControls />
  <SolutionPluginAssemblies>
    <PluginAssembly FullName="CRM.Plugins, Version=1.0.0.0, Culture=neutral, PublicKeyToken=ea29c873d2242f82" PluginAssemblyId="45c39455-ffa2-4bc9-9f9b-54a0bcd7cc2c" CustomizationLevel="1">
      <IsolationMode>2</IsolationMode>
      <SourceType>0</SourceType>
      <IntroducedVersion>1.0</IntroducedVersion>
      <FileName>/PluginAssemblies/CRMPlugins-45C39455-FFA2-4BC9-9F9B-54A0BCD7CC2C/CRMPlugins.dll</FileName>
      <PluginTypes>
        <PluginType AssemblyQualifiedName="CRM.Plugins.ecer_authentication.PostAuthenticationCreateUpdate, CRM.Plugins, Version=1.0.0.0, Culture=neutral, PublicKeyToken=ea29c873d2242f82" PluginTypeId="d7a7e438-1d51-43b8-b586-e1df3337dac2" Name="CRM.Plugins.ecer_authentication.PostAuthenticationCreateUpdate">
          <FriendlyName>b5eeba00-9e80-48e6-a0d4-87fb2ae2981f</FriendlyName>
        </PluginType>
        <PluginType AssemblyQualifiedName="CRM.Plugins.ecer_course.PostCourseCreateUpdateSync, CRM.Plugins, Version=1.0.0.0, Culture=neutral, PublicKeyToken=ea29c873d2242f82" PluginTypeId="cce16a29-b35d-4753-81f5-4efc134a272d" Name="CRM.Plugins.ecer_course.PostCourseCreateUpdateSync">
          <FriendlyName>b5586d62-e521-4d42-aec4-7818cd36ce23</FriendlyName>
        </PluginType>
        <PluginType AssemblyQualifiedName="CRM.Plugins.ecer_professionaldevelopment.PostProfessionalDevelopmentCreateUpdate, CRM.Plugins, Version=1.0.0.0, Culture=neutral, PublicKeyToken=ea29c873d2242f82" PluginTypeId="1f072c72-2246-4685-b0d4-a78306a8fa37" Name="CRM.Plugins.ecer_professionaldevelopment.PostProfessionalDevelopmentCreateUpdate">
          <FriendlyName>34bb701d-d855-44fd-8aed-d40a1911743f</FriendlyName>
        </PluginType>
      </PluginTypes>
    </PluginAssembly>
  </SolutionPluginAssemblies>
  <SdkMessageProcessingSteps>
    <SdkMessageProcessingStep Name="CRM.Plugins.ecer_course.PostCourseCreateUpdateSync: Create of ecer_course" SdkMessageProcessingStepId="{3f394e52-8019-f011-9989-002248b35783}">
      <SdkMessageId>9ebdbb1b-ea3e-db11-86a7-000a3a5473e8</SdkMessageId>
      <PluginTypeName>CRM.Plugins.ecer_course.PostCourseCreateUpdateSync, CRM.Plugins, Version=1.0.0.0, Culture=neutral, PublicKeyToken=ea29c873d2242f82</PluginTypeName>
      <PluginTypeId>cce16a29-b35d-4753-81f5-4efc134a272d</PluginTypeId>
      <PrimaryEntity>ecer_course</PrimaryEntity>
      <AsyncAutoDelete>0</AsyncAutoDelete>
      <FilteringAttributes>ecer_coursehourdecimal,ecer_postsecondaryinstitutionid,ecer_programid,ecer_programtype</FilteringAttributes>
      <InvocationSource>1</InvocationSource>
      <Mode>0</Mode>
      <Rank>1</Rank>
      <EventHandlerTypeCode>4602</EventHandlerTypeCode>
      <Stage>40</Stage>
      <IsCustomizable>1</IsCustomizable>
      <IsHidden>0</IsHidden>
      <SupportedDeployment>0</SupportedDeployment>
      <IntroducedVersion>1.0</IntroducedVersion>
      <SdkMessageProcessingStepImages />
    </SdkMessageProcessingStep>
    <SdkMessageProcessingStep Name="CRM.Plugins.ecer_course.PostCourseCreateUpdateSync: Delete of ecer_course" SdkMessageProcessingStepId="{e769b420-2f1a-f011-998a-000d3ae89366}">
      <SdkMessageId>a1bdbb1b-ea3e-db11-86a7-000a3a5473e8</SdkMessageId>
      <PluginTypeName>CRM.Plugins.ecer_course.PostCourseCreateUpdateSync, CRM.Plugins, Version=1.0.0.0, Culture=neutral, PublicKeyToken=ea29c873d2242f82</PluginTypeName>
      <PluginTypeId>cce16a29-b35d-4753-81f5-4efc134a272d</PluginTypeId>
      <PrimaryEntity>ecer_course</PrimaryEntity>
      <AsyncAutoDelete>0</AsyncAutoDelete>
      <FilteringAttributes></FilteringAttributes>
      <InvocationSource>1</InvocationSource>
      <Mode>0</Mode>
      <Rank>1</Rank>
      <EventHandlerTypeCode>4602</EventHandlerTypeCode>
      <Stage>40</Stage>
      <IsCustomizable>1</IsCustomizable>
      <IsHidden>0</IsHidden>
      <SupportedDeployment>0</SupportedDeployment>
      <IntroducedVersion>1.0</IntroducedVersion>
      <SdkMessageProcessingStepImages>
        <SdkMessageProcessingStepImage Name="PreImage">
          <SdkMessageProcessingStepImageId>{045d9c43-2f1a-f011-9989-000d3ae91eb5}</SdkMessageProcessingStepImageId>
          <Attributes>ecer_coursehourdecimal,ecer_postsecondaryinstitutionid,ecer_programid,ecer_programtype</Attributes>
          <EntityAlias>PreImage</EntityAlias>
          <ImageType>0</ImageType>
          <MessagePropertyName>Target</MessagePropertyName>
          <IsCustomizable>1</IsCustomizable>
        </SdkMessageProcessingStepImage>
      </SdkMessageProcessingStepImages>
    </SdkMessageProcessingStep>
    <SdkMessageProcessingStep Name="CRM.Plugins.ecer_course.PostCourseCreateUpdateSync: Update of ecer_course" SdkMessageProcessingStepId="{85d55675-8019-f011-998a-0022483caef2}">
      <SdkMessageId>20bebb1b-ea3e-db11-86a7-000a3a5473e8</SdkMessageId>
      <PluginTypeName>CRM.Plugins.ecer_course.PostCourseCreateUpdateSync, CRM.Plugins, Version=1.0.0.0, Culture=neutral, PublicKeyToken=ea29c873d2242f82</PluginTypeName>
      <PluginTypeId>cce16a29-b35d-4753-81f5-4efc134a272d</PluginTypeId>
      <PrimaryEntity>ecer_course</PrimaryEntity>
      <AsyncAutoDelete>0</AsyncAutoDelete>
      <FilteringAttributes>ecer_coursehourdecimal,ecer_postsecondaryinstitutionid,ecer_programid,ecer_programtype</FilteringAttributes>
      <InvocationSource>1</InvocationSource>
      <Mode>0</Mode>
      <Rank>1</Rank>
      <EventHandlerTypeCode>4602</EventHandlerTypeCode>
      <Stage>40</Stage>
      <IsCustomizable>1</IsCustomizable>
      <IsHidden>0</IsHidden>
      <SupportedDeployment>0</SupportedDeployment>
      <IntroducedVersion>1.0</IntroducedVersion>
      <SdkMessageProcessingStepImages>
        <SdkMessageProcessingStepImage Name="PostImage">
          <SdkMessageProcessingStepImageId>{2405d38d-8019-f011-998a-0022483caef2}</SdkMessageProcessingStepImageId>
          <Attributes>ecer_coursehourdecimal,ecer_postsecondaryinstitutionid,ecer_programid,ecer_programtype</Attributes>
          <EntityAlias>PostImage</EntityAlias>
          <ImageType>1</ImageType>
          <MessagePropertyName>Target</MessagePropertyName>
          <IsCustomizable>1</IsCustomizable>
        </SdkMessageProcessingStepImage>
      </SdkMessageProcessingStepImages>
    </SdkMessageProcessingStep>
  </SdkMessageProcessingSteps>
  <EntityDataProviders />
  <Languages>
    <Language>1033</Language>
  </Languages>
</ImportExportXml>