<ImportExportXml version="9.2.24032.164" SolutionPackageVersion="9.2" languagecode="1033" generatedBy="CrmLive" xmlns:xsi="http://www.w3.org/2001/XMLSchema-instance">
  <SolutionManifest>
    <UniqueName>ECER</UniqueName>
    <LocalizedNames>
      <LocalizedName description="ECER" languagecode="1033" />
    </LocalizedNames>
    <Descriptions />
    <Version>1.0.0.16</Version>
    <Managed>1</Managed>
    <Publisher>
      <UniqueName>ecer</UniqueName>
      <LocalizedNames>
        <LocalizedName description="ECER" languagecode="1033" />
      </LocalizedNames>
      <Descriptions>
        <Description description="publisher for all customization for ECER Dynamics instance" languagecode="1033" />
      </Descriptions>
      <EMailAddress xsi:nil="true"></EMailAddress>
      <SupportingWebsiteUrl xsi:nil="true"></SupportingWebsiteUrl>
      <CustomizationPrefix>ecer</CustomizationPrefix>
      <CustomizationOptionValuePrefix>62187</CustomizationOptionValuePrefix>
      <Addresses>
        <Address>
          <AddressNumber>1</AddressNumber>
          <AddressTypeCode>1</AddressTypeCode>
          <City xsi:nil="true"></City>
          <County xsi:nil="true"></County>
          <Country xsi:nil="true"></Country>
          <Fax xsi:nil="true"></Fax>
          <FreightTermsCode xsi:nil="true"></FreightTermsCode>
          <ImportSequenceNumber xsi:nil="true"></ImportSequenceNumber>
          <Latitude xsi:nil="true"></Latitude>
          <Line1 xsi:nil="true"></Line1>
          <Line2 xsi:nil="true"></Line2>
          <Line3 xsi:nil="true"></Line3>
          <Longitude xsi:nil="true"></Longitude>
          <Name xsi:nil="true"></Name>
          <PostalCode xsi:nil="true"></PostalCode>
          <PostOfficeBox xsi:nil="true"></PostOfficeBox>
          <PrimaryContactName xsi:nil="true"></PrimaryContactName>
          <ShippingMethodCode>1</ShippingMethodCode>
          <StateOrProvince xsi:nil="true"></StateOrProvince>
          <Telephone1 xsi:nil="true"></Telephone1>
          <Telephone2 xsi:nil="true"></Telephone2>
          <Telephone3 xsi:nil="true"></Telephone3>
          <TimeZoneRuleVersionNumber xsi:nil="true"></TimeZoneRuleVersionNumber>
          <UPSZone xsi:nil="true"></UPSZone>
          <UTCOffset xsi:nil="true"></UTCOffset>
          <UTCConversionTimeZoneCode xsi:nil="true"></UTCConversionTimeZoneCode>
        </Address>
        <Address>
          <AddressNumber>2</AddressNumber>
          <AddressTypeCode>1</AddressTypeCode>
          <City xsi:nil="true"></City>
          <County xsi:nil="true"></County>
          <Country xsi:nil="true"></Country>
          <Fax xsi:nil="true"></Fax>
          <FreightTermsCode xsi:nil="true"></FreightTermsCode>
          <ImportSequenceNumber xsi:nil="true"></ImportSequenceNumber>
          <Latitude xsi:nil="true"></Latitude>
          <Line1 xsi:nil="true"></Line1>
          <Line2 xsi:nil="true"></Line2>
          <Line3 xsi:nil="true"></Line3>
          <Longitude xsi:nil="true"></Longitude>
          <Name xsi:nil="true"></Name>
          <PostalCode xsi:nil="true"></PostalCode>
          <PostOfficeBox xsi:nil="true"></PostOfficeBox>
          <PrimaryContactName xsi:nil="true"></PrimaryContactName>
          <ShippingMethodCode>1</ShippingMethodCode>
          <StateOrProvince xsi:nil="true"></StateOrProvince>
          <Telephone1 xsi:nil="true"></Telephone1>
          <Telephone2 xsi:nil="true"></Telephone2>
          <Telephone3 xsi:nil="true"></Telephone3>
          <TimeZoneRuleVersionNumber xsi:nil="true"></TimeZoneRuleVersionNumber>
          <UPSZone xsi:nil="true"></UPSZone>
          <UTCOffset xsi:nil="true"></UTCOffset>
          <UTCConversionTimeZoneCode xsi:nil="true"></UTCConversionTimeZoneCode>
        </Address>
      </Addresses>
    </Publisher>
    <RootComponents>
      <RootComponent type="1" schemaName="account" behavior="1" />
      <RootComponent type="1" schemaName="bcgov_documenturl" behavior="0" />
      <RootComponent type="1" schemaName="businessunit" behavior="0" />
      <RootComponent type="1" schemaName="contact" behavior="1" />
      <RootComponent type="1" schemaName="ecer_allegation" behavior="0" />
      <RootComponent type="1" schemaName="ecer_application" behavior="0" />
      <RootComponent type="1" schemaName="ecer_applicationhistory" behavior="0" />
      <RootComponent type="1" schemaName="ecer_assessmenttraininglocation" behavior="0" />
      <RootComponent type="1" schemaName="ecer_authentication" behavior="0" />
      <RootComponent type="1" schemaName="ecer_certificate" behavior="0" />
      <RootComponent type="1" schemaName="ecer_certificateconditions" behavior="0" />
      <RootComponent type="1" schemaName="ecer_certificateconditionspreset" behavior="0" />
      <RootComponent type="1" schemaName="ecer_certificatetype" behavior="0" />
      <RootComponent type="1" schemaName="ecer_certifications" behavior="0" />
      <RootComponent type="1" schemaName="ecer_changeofinformation" behavior="0" />
      <RootComponent type="1" schemaName="ecer_characterreference" behavior="0" />
      <RootComponent type="1" schemaName="ecer_city" behavior="0" />
      <RootComponent type="1" schemaName="ecer_comment" behavior="0" />
      <RootComponent type="1" schemaName="ecer_communication" behavior="0" />
      <RootComponent type="1" schemaName="ecer_communicationlineitem" behavior="0" />
      <RootComponent type="1" schemaName="ecer_completedcourse" behavior="0" />
      <RootComponent type="1" schemaName="ecer_country" behavior="0" />
      <RootComponent type="1" schemaName="ecer_course" behavior="0" />
      <RootComponent type="1" schemaName="ecer_denialreason" behavior="0" />
      <RootComponent type="1" schemaName="ecer_guardianreference" behavior="0" />
      <RootComponent type="1" schemaName="ecer_iantemplatecontent" behavior="0" />
      <RootComponent type="1" schemaName="ecer_investigation" behavior="0" />
      <RootComponent type="1" schemaName="ecer_investigationparallelprocesscommunication" behavior="0" />
      <RootComponent type="1" schemaName="ecer_investigationplanningallegation" behavior="0" />
      <RootComponent type="1" schemaName="ecer_investigationplanningcontactsforcollaborative" behavior="0" />
      <RootComponent type="1" schemaName="ecer_investigationplanningcorefactualissue" behavior="0" />
      <RootComponent type="1" schemaName="ecer_investigationplanningdocumentationrecord" behavior="0" />
      <RootComponent type="1" schemaName="ecer_investigationplanninginterview" behavior="0" />
      <RootComponent type="1" schemaName="ecer_investigationplanninginvolvedperson" behavior="0" />
      <RootComponent type="1" schemaName="ecer_investigationplanningriskconsideration" behavior="0" />
      <RootComponent type="1" schemaName="ecer_involvedperson" behavior="0" />
      <RootComponent type="1" schemaName="ecer_portalinvitation" behavior="0" />
      <RootComponent type="1" schemaName="ecer_portalrole" behavior="0" />
      <RootComponent type="1" schemaName="ecer_portaluser" behavior="0" />
      <RootComponent type="1" schemaName="ecer_postsecondaryinstitute" behavior="0" />
      <RootComponent type="1" schemaName="ecer_postsecondaryinstitutecampus" behavior="0" />
      <RootComponent type="1" schemaName="ecer_postsecondaryinstituteinterview" behavior="0" />
      <RootComponent type="1" schemaName="ecer_postsecondaryinstituteprogramapplicaiton" behavior="0" />
      <RootComponent type="1" schemaName="ecer_postsecondaryinstitutesitevisit" behavior="0" />
      <RootComponent type="1" schemaName="ecer_previousaddress" behavior="0" />
      <RootComponent type="1" schemaName="ecer_previousname" behavior="0" />
      <RootComponent type="1" schemaName="ecer_professionaldevelopment" behavior="0" />
      <RootComponent type="1" schemaName="ecer_program" behavior="0" />
      <RootComponent type="1" schemaName="ecer_province" behavior="0" />
      <RootComponent type="1" schemaName="ecer_provincialrequirement" behavior="0" />
      <RootComponent type="1" schemaName="ecer_transcript" behavior="0" />
      <RootComponent type="1" schemaName="ecer_workexperienceassessment" behavior="0" />
      <RootComponent type="1" schemaName="ecer_workexperienceref" behavior="0" />
      <RootComponent type="1" schemaName="email" behavior="2" />
      <RootComponent type="1" schemaName="fax" behavior="2" />
      <RootComponent type="1" schemaName="phonecall" behavior="2" />
      <RootComponent type="1" schemaName="systemuser" behavior="1" />
      <RootComponent type="1" schemaName="task" behavior="2" />
      <RootComponent type="9" schemaName="ecer_aboriginaltype" behavior="0" />
      <RootComponent type="9" schemaName="ecer_addresstypes" behavior="0" />
      <RootComponent type="9" schemaName="ecer_applicationstatusreasondetail" behavior="0" />
      <RootComponent type="9" schemaName="ecer_applicationtranscriptstatus" behavior="0" />
      <RootComponent type="9" schemaName="ecer_applicationtypes" behavior="0" />
      <RootComponent type="9" schemaName="ecer_auspice" behavior="0" />
      <RootComponent type="9" schemaName="ecer_certificatestatus" behavior="0" />
      <RootComponent type="9" schemaName="ecer_childrenprogramtypes" behavior="0" />
      <RootComponent type="9" schemaName="ecer_communicationtypes" behavior="0" />
      <RootComponent type="9" schemaName="ecer_educationorigin" behavior="0" />
      <RootComponent type="9" schemaName="ecer_educationrecognition" behavior="0" />
      <RootComponent type="9" schemaName="ecer_guardiantypes" behavior="0" />
      <RootComponent type="9" schemaName="ecer_healthauthority" behavior="0" />
      <RootComponent type="9" schemaName="ecer_identityproviders" behavior="0" />
      <RootComponent type="9" schemaName="ecer_immediateaction" behavior="0" />
      <RootComponent type="9" schemaName="ecer_initiatedfrom" behavior="0" />
      <RootComponent type="9" schemaName="ecer_investigationcertificatetypes" behavior="0" />
      <RootComponent type="9" schemaName="ecer_investigationcomplainanttypes" behavior="0" />
      <RootComponent type="9" schemaName="ecer_investigationcomplexities" behavior="0" />
      <RootComponent type="9" schemaName="ecer_investigationcontactmethods" behavior="0" />
      <RootComponent type="9" schemaName="ecer_investigationdocumenttypes" behavior="0" />
      <RootComponent type="9" schemaName="ecer_investigationinterviewrole" behavior="0" />
      <RootComponent type="9" schemaName="ecer_investigationoutcome" behavior="0" />
      <RootComponent type="9" schemaName="ecer_investigationpersonroles" behavior="0" />
      <RootComponent type="9" schemaName="ecer_investigationprogress" behavior="0" />
      <RootComponent type="9" schemaName="ecer_investigationreferraltypes" behavior="0" />
      <RootComponent type="9" schemaName="ecer_investigationsourcetypes" behavior="0" />
      <RootComponent type="9" schemaName="ecer_likertscales" behavior="0" />
      <RootComponent type="9" schemaName="ecer_nametypes" behavior="0" />
      <RootComponent type="9" schemaName="ecer_preferredcontactmethod" behavior="0" />
      <RootComponent type="9" schemaName="ecer_priority" behavior="0" />
      <RootComponent type="9" schemaName="ecer_psiapplicationtype" behavior="0" />
      <RootComponent type="9" schemaName="ecer_psideliverytype" behavior="0" />
      <RootComponent type="9" schemaName="ecer_psiinstitutiontype" behavior="0" />
      <RootComponent type="9" schemaName="ecer_psiprojectedlength" behavior="0" />
      <RootComponent type="9" schemaName="ecer_psiprovincialcertificationtypeoffered" behavior="0" />
      <RootComponent type="9" schemaName="ecer_psiregion" behavior="0" />
      <RootComponent type="9" schemaName="ecer_psisitevisittype" behavior="0" />
      <RootComponent type="9" schemaName="ecer_referencerelationships" behavior="0" />
      <RootComponent type="9" schemaName="ecer_unabletoprovidereferencereasons" behavior="0" />
      <RootComponent type="9" schemaName="ecer_verifieddecisions" behavior="0" />
      <RootComponent type="9" schemaName="ecer_workexperiencetypes" behavior="0" />
      <RootComponent type="9" schemaName="ecer_workhourstype" behavior="0" />
      <RootComponent type="9" schemaName="ecer_yesnonull" behavior="0" />
      <RootComponent type="20" id="{0f02b3db-d0d4-ee11-904d-000d3af4fd74}" behavior="0" />
      <RootComponent type="20" id="{3e3b52a8-44d0-ee11-904c-000d3af4a207}" behavior="0" />
      <RootComponent type="20" id="{41a8a57c-a3d1-ee11-904c-000d3af4a207}" behavior="0" />
      <RootComponent type="20" id="{531e0df6-9bd1-ee11-904c-000d3af4a207}" behavior="0" />
      <RootComponent type="20" id="{6deccb7f-d0d4-ee11-904d-000d3af4fd74}" behavior="0" />
      <RootComponent type="20" id="{7df83933-d2d4-ee11-904d-000d3af4fd74}" behavior="0" />
      <RootComponent type="20" id="{8d55d382-8dca-ee11-9079-000d3af4febe}" behavior="0" />
      <RootComponent type="20" id="{997349ab-d1d4-ee11-904d-000d3af4fd74}" behavior="0" />
      <RootComponent type="20" id="{9e71c7ac-d0d4-ee11-904d-000d3af4fd74}" behavior="0" />
      <RootComponent type="20" id="{cc742e10-d2d4-ee11-904d-000d3af4fd74}" behavior="0" />
      <RootComponent type="20" id="{e6a4f930-d1d4-ee11-904d-000d3af4fd74}" behavior="0" />
      <RootComponent type="20" id="{f7034a16-6cb5-ee11-a569-000d3af4febe}" behavior="0" />
      <RootComponent type="29" id="{003318f6-21c1-ee11-9079-000d3af4f18a}" behavior="0" />
      <RootComponent type="29" id="{04357430-cbbf-ee11-9079-000d3af4f18a}" behavior="0" />
      <RootComponent type="29" id="{0b7dea89-62d6-ee11-904d-000d3af4f18a}" behavior="0" />
      <RootComponent type="29" id="{0dc29a4f-24c1-ee11-9079-000d3af4fd74}" behavior="0" />
      <RootComponent type="29" id="{10f35d17-24e3-ee11-904c-002248d56374}" behavior="0" />
      <RootComponent type="29" id="{11588905-9fca-ee11-9079-000d3af4fa73}" behavior="0" />
      <RootComponent type="29" id="{169ff038-92bf-ee11-9079-000d3af4fa73}" behavior="0" />
      <RootComponent type="29" id="{27efb836-cfbb-ee11-9079-000d3af4f18a}" behavior="0" />
      <RootComponent type="29" id="{30480606-e18f-ee11-8179-000d3af4fd74}" behavior="0" />
      <RootComponent type="29" id="{35647159-20cc-ee11-9078-000d3af4a207}" behavior="0" />
      <RootComponent type="29" id="{3657d7d4-c6c9-ee11-9079-000d3af4febe}" behavior="0" />
      <RootComponent type="29" id="{38df3196-29db-ee11-904c-0022486e1cec}" behavior="0" />
      <RootComponent type="29" id="{4087a819-32be-ee11-9079-000d3af4fa73}" behavior="0" />
      <RootComponent type="29" id="{425afcd6-badc-ee11-904c-0022486e0199}" behavior="0" />
      <RootComponent type="29" id="{57844f54-98cf-ee11-904d-000d3af4f18a}" behavior="0" />
      <RootComponent type="29" id="{6033a3eb-3de6-ee11-a204-000d3af4a207}" behavior="0" />
      <RootComponent type="29" id="{6512340e-d6ca-ee11-9079-000d3af4fa73}" behavior="0" />
      <RootComponent type="29" id="{65158339-debb-ee11-9079-000d3af4fa73}" behavior="0" />
      <RootComponent type="29" id="{6d54a5ff-2fdb-ee11-904c-002248d56374}" behavior="0" />
      <RootComponent type="29" id="{79606879-b4bf-ee11-9079-000d3af4fd74}" behavior="0" />
      <RootComponent type="29" id="{7d69e98b-34ca-ee11-9079-000d3af4fd74}" behavior="0" />
      <RootComponent type="29" id="{8383795c-05aa-ee11-a569-000d3af4fa73}" behavior="0" />
      <RootComponent type="29" id="{861809cb-85ec-ee11-a1fd-0022486e1cec}" behavior="0" />
      <RootComponent type="29" id="{892b7daf-e5e4-ee11-a203-002248d56374}" behavior="0" />
      <RootComponent type="29" id="{8d3c2230-cbe0-ee11-904c-0022486e0199}" behavior="0" />
      <RootComponent type="29" id="{958529ea-5ecb-ee11-9079-000d3af4fd74}" behavior="0" />
      <RootComponent type="29" id="{9b732d6e-a39a-ee11-be37-000d3af4fa73}" behavior="0" />
      <RootComponent type="29" id="{a17ab84e-d9c5-ee11-9079-000d3af4fa73}" behavior="0" />
      <RootComponent type="29" id="{ab532154-95b5-ee11-a569-000d3af4f18a}" behavior="0" />
      <RootComponent type="29" id="{adb19722-f1c9-ee11-9079-000d3af4fd74}" behavior="0" />
      <RootComponent type="29" id="{b2f73513-bde7-ee11-a203-002248d56374}" behavior="0" />
      <RootComponent type="29" id="{b3c5f56c-9cb5-ee11-a569-000d3af4f18a}" behavior="0" />
      <RootComponent type="29" id="{c5910727-66c0-ee11-9079-000d3af4fd74}" behavior="0" />
      <RootComponent type="29" id="{d0395999-66e1-ee11-904c-0022486e1cec}" behavior="0" />
      <RootComponent type="29" id="{d04a9eae-66d6-ee11-904d-000d3af4f18a}" behavior="0" />
      <RootComponent type="29" id="{d5582eab-afbf-ee11-9079-000d3af4febe}" behavior="0" />
      <RootComponent type="29" id="{d5e8921b-79e1-ee11-904d-000d3af4a207}" behavior="0" />
      <RootComponent type="29" id="{dadb3640-cfc9-ee11-9079-000d3af4febe}" behavior="0" />
      <RootComponent type="29" id="{dfc6730d-52e1-ee11-904c-0022486e0199}" behavior="0" />
      <RootComponent type="29" id="{e6a4cfb7-adcf-ee11-904d-000d3af4fd74}" behavior="0" />
      <RootComponent type="29" id="{e8b83870-99e0-ee11-904c-0022486e0199}" behavior="0" />
      <RootComponent type="29" id="{f462204c-54b5-ee11-a569-000d3af4fd74}" behavior="0" />
      <RootComponent type="60" id="{1f102f9c-92c0-ee11-9079-000d3af4fa73}" behavior="0" />
      <RootComponent type="60" id="{35be10f3-ea72-ee11-8179-000d3af4fa73}" behavior="0" />
      <RootComponent type="60" id="{5e72a728-93c0-ee11-9079-000d3af4fa73}" behavior="0" />
      <RootComponent type="60" id="{e2be16b5-d2b0-ee11-a569-000d3af4fa73}" behavior="0" />
      <RootComponent type="61" schemaName="bcgov_/Scripts/DocumentUrl/OnLoad.js" behavior="0" />
      <RootComponent type="61" schemaName="ecer_application.js" behavior="0" />
      <RootComponent type="61" schemaName="ecer_ApplicationIcon.svg" behavior="0" />
      <RootComponent type="61" schemaName="ecer_certificate.svg" behavior="0" />
      <RootComponent type="61" schemaName="ecer_certificatecondition.js" behavior="0" />
      <RootComponent type="61" schemaName="ecer_characterreference.js" behavior="0" />
      <RootComponent type="61" schemaName="ecer_characterreference.svg" behavior="0" />
      <RootComponent type="61" schemaName="ecer_city.svg" behavior="0" />
      <RootComponent type="61" schemaName="ecer_contact.js" behavior="0" />
      <RootComponent type="61" schemaName="ecer_country.svg" behavior="0" />
      <RootComponent type="61" schemaName="ecer_decisioncomment.js" behavior="0" />
      <RootComponent type="61" schemaName="ecer_investigation.js" behavior="0" />
      <RootComponent type="61" schemaName="ecer_Province.svg" behavior="0" />
      <RootComponent type="61" schemaName="ecer_school.svg" behavior="0" />
      <RootComponent type="61" schemaName="ecer_search.svg" behavior="0" />
      <RootComponent type="61" schemaName="ecer_transcript.svg" behavior="0" />
      <RootComponent type="61" schemaName="ecer_utility.js" behavior="0" />
      <RootComponent type="61" schemaName="ecer_workexperienceref.svg" behavior="0" />
      <RootComponent type="61" schemaName="ecer_workexperiencereference.js" behavior="0" />
      <RootComponent type="62" schemaName="ecer_Certifications" behavior="0" />
      <RootComponent type="62" schemaName="ecer_MyECER" behavior="0" />
      <RootComponent type="80" schemaName="ecer_Certifications" behavior="0" />
      <RootComponent type="80" schemaName="ecer_MyECER" behavior="0" />
    </RootComponents>
    <MissingDependencies>
      <MissingDependency>
        <Required type="1" schemaName="bcgov_config" displayName="System Configuration" solution="S3DocumentManagement (1.0.0.11)" />
        <Dependent type="62" schemaName="ecer_Certifications" />
      </MissingDependency>
      <MissingDependency>
        <Required type="1" schemaName="bcgov_config" displayName="System Configuration" solution="S3DocumentManagement (1.0.0.11)" />
        <Dependent type="62" schemaName="ecer_MyECER" />
      </MissingDependency>
      <MissingDependency>
        <Required type="1" schemaName="bcgov_config" displayName="System Configuration" solution="S3DocumentManagement (1.0.0.11)" />
        <Dependent type="80" schemaName="ecer_Certifications" displayName="Certifications" />
      </MissingDependency>
      <MissingDependency>
        <Required type="1" schemaName="bcgov_config" displayName="System Configuration" solution="S3DocumentManagement (1.0.0.11)" />
        <Dependent type="80" schemaName="ecer_MyECER" displayName="My ECER" />
      </MissingDependency>
      <MissingDependency>
        <Required type="1" schemaName="bcgov_documenturl" displayName="Document Url" solution="S3DocumentManagement (1.0.0.11)" />
        <Dependent type="1" schemaName="bcgov_documenturl" displayName="Document Url" />
      </MissingDependency>
      <MissingDependency>
        <Required type="1" schemaName="bcgov_documenturl" displayName="Document Url" solution="S3DocumentManagement (1.0.0.11)" />
        <Dependent type="10" schemaName="bcgov_appointment_bcgov_documenturl" displayName="bcgov_appointment_bcgov_documenturl" parentSchemaName="appointment" parentDisplayName="Appointment" />
      </MissingDependency>
      <MissingDependency>
        <Required type="1" schemaName="bcgov_documenturl" displayName="Document Url" solution="S3DocumentManagement (1.0.0.11)" />
        <Dependent type="10" schemaName="bcgov_tag2_bcgov_documenturl" displayName="bcgov_tag2_bcgov_documenturl" parentSchemaName="bcgov_tag" parentDisplayName="Tag" />
      </MissingDependency>
      <MissingDependency>
        <Required type="1" schemaName="bcgov_documenturl" displayName="Document Url" solution="S3DocumentManagement (1.0.0.11)" />
        <Dependent type="10" schemaName="ecer_documenturl_ApplicationId" displayName="ecer_documenturl_ApplicationId" parentSchemaName="ecer_application" parentDisplayName="Application" />
      </MissingDependency>
      <MissingDependency>
        <Required type="1" schemaName="bcgov_documenturl" displayName="Document Url" solution="S3DocumentManagement (1.0.0.11)" />
        <Dependent type="10" schemaName="ecer_documenturl_CertificateId" displayName="ecer_documenturl_CertificateId" parentSchemaName="ecer_certificate" parentDisplayName="Certificate" />
      </MissingDependency>
      <MissingDependency>
        <Required type="1" schemaName="bcgov_documenturl" displayName="Document Url" solution="S3DocumentManagement (1.0.0.11)" />
        <Dependent type="10" schemaName="ecer_documenturl_InvestigationId" displayName="ecer_documenturl_InvestigationId" parentSchemaName="ecer_investigation" parentDisplayName="Investigation" />
      </MissingDependency>
      <MissingDependency>
        <Required type="1" schemaName="bcgov_documenturl" displayName="Document Url" solution="S3DocumentManagement (1.0.0.11)" />
        <Dependent type="10" schemaName="bcgov_email_bcgov_documenturl" displayName="bcgov_email_bcgov_documenturl" parentSchemaName="email" parentDisplayName="Email" />
      </MissingDependency>
      <MissingDependency>
        <Required type="1" schemaName="bcgov_documenturl" displayName="Document Url" solution="S3DocumentManagement (1.0.0.11)" />
        <Dependent type="10" schemaName="bcgov_fax_bcgov_documenturl" displayName="bcgov_fax_bcgov_documenturl" parentSchemaName="fax" parentDisplayName="Fax" />
      </MissingDependency>
      <MissingDependency>
        <Required type="1" schemaName="bcgov_documenturl" displayName="Document Url" solution="S3DocumentManagement (1.0.0.11)" />
        <Dependent type="10" schemaName="bcgov_incident_bcgov_documenturl" displayName="bcgov_incident_bcgov_documenturl" parentSchemaName="incident" parentDisplayName="Case" />
      </MissingDependency>
      <MissingDependency>
        <Required type="1" schemaName="bcgov_documenturl" displayName="Document Url" solution="S3DocumentManagement (1.0.0.11)" />
        <Dependent type="10" schemaName="bcgov_letter_bcgov_documenturl" displayName="bcgov_letter_bcgov_documenturl" parentSchemaName="letter" parentDisplayName="Letter" />
      </MissingDependency>
      <MissingDependency>
        <Required type="1" schemaName="bcgov_documenturl" displayName="Document Url" solution="S3DocumentManagement (1.0.0.11)" />
        <Dependent type="10" schemaName="bcgov_phonecall_bcgov_documenturl" displayName="bcgov_phonecall_bcgov_documenturl" parentSchemaName="phonecall" parentDisplayName="Phone Call" />
      </MissingDependency>
      <MissingDependency>
        <Required type="1" schemaName="bcgov_documenturl" displayName="Document Url" solution="S3DocumentManagement (1.0.0.11)" />
        <Dependent type="10" schemaName="bcgov_task_bcgov_documenturl" displayName="bcgov_task_bcgov_documenturl" parentSchemaName="task" parentDisplayName="Task" />
      </MissingDependency>
      <MissingDependency>
        <Required type="1" schemaName="bcgov_documenturl" displayName="Document Url" solution="S3DocumentManagement (1.0.0.11)" />
        <Dependent type="2" schemaName="bcgov_customer" displayName="Customer" parentSchemaName="bcgov_documenturl" parentDisplayName="Document Url" />
      </MissingDependency>
      <MissingDependency>
        <Required type="1" schemaName="bcgov_documenturl" displayName="Document Url" solution="S3DocumentManagement (1.0.0.11)" />
        <Dependent type="2" schemaName="createdby" displayName="Created By" parentSchemaName="bcgov_documenturl" parentDisplayName="Document Url" />
      </MissingDependency>
      <MissingDependency>
        <Required type="1" schemaName="bcgov_documenturl" displayName="Document Url" solution="S3DocumentManagement (1.0.0.11)" />
        <Dependent type="2" schemaName="createdonbehalfby" displayName="Created By (Delegate)" parentSchemaName="bcgov_documenturl" parentDisplayName="Document Url" />
      </MissingDependency>
      <MissingDependency>
        <Required type="1" schemaName="bcgov_documenturl" displayName="Document Url" solution="S3DocumentManagement (1.0.0.11)" />
        <Dependent type="2" schemaName="ecer_applicationid" displayName="Application" parentSchemaName="bcgov_documenturl" parentDisplayName="Document Url" />
      </MissingDependency>
      <MissingDependency>
        <Required type="1" schemaName="bcgov_documenturl" displayName="Document Url" solution="S3DocumentManagement (1.0.0.11)" />
        <Dependent type="2" schemaName="ecer_certificateid" displayName="Certificate" parentSchemaName="bcgov_documenturl" parentDisplayName="Document Url" />
      </MissingDependency>
      <MissingDependency>
        <Required type="1" schemaName="bcgov_documenturl" displayName="Document Url" solution="S3DocumentManagement (1.0.0.11)" />
        <Dependent type="2" schemaName="ecer_investigationid" displayName="Investigation" parentSchemaName="bcgov_documenturl" parentDisplayName="Document Url" />
      </MissingDependency>
      <MissingDependency>
        <Required type="1" schemaName="bcgov_documenturl" displayName="Document Url" solution="S3DocumentManagement (1.0.0.11)" />
        <Dependent type="2" schemaName="modifiedby" displayName="Modified By" parentSchemaName="bcgov_documenturl" parentDisplayName="Document Url" />
      </MissingDependency>
      <MissingDependency>
        <Required type="1" schemaName="bcgov_documenturl" displayName="Document Url" solution="S3DocumentManagement (1.0.0.11)" />
        <Dependent type="2" schemaName="modifiedonbehalfby" displayName="Modified By (Delegate)" parentSchemaName="bcgov_documenturl" parentDisplayName="Document Url" />
      </MissingDependency>
      <MissingDependency>
        <Required type="1" schemaName="bcgov_documenturl" displayName="Document Url" solution="S3DocumentManagement (1.0.0.11)" />
        <Dependent type="2" schemaName="ownerid" displayName="Owner" parentSchemaName="bcgov_documenturl" parentDisplayName="Document Url" />
      </MissingDependency>
      <MissingDependency>
        <Required type="1" schemaName="bcgov_documenturl" displayName="Document Url" solution="S3DocumentManagement (1.0.0.11)" />
        <Dependent type="2" schemaName="owningbusinessunit" displayName="Owning Business Unit" parentSchemaName="bcgov_documenturl" parentDisplayName="Document Url" />
      </MissingDependency>
      <MissingDependency>
        <Required type="1" schemaName="bcgov_documenturl" displayName="Document Url" solution="S3DocumentManagement (1.0.0.11)" />
        <Dependent type="2" schemaName="owningteam" displayName="Owning Team" parentSchemaName="bcgov_documenturl" parentDisplayName="Document Url" />
      </MissingDependency>
      <MissingDependency>
        <Required type="1" schemaName="bcgov_documenturl" displayName="Document Url" solution="S3DocumentManagement (1.0.0.11)" />
        <Dependent type="2" schemaName="owninguser" displayName="Owning User" parentSchemaName="bcgov_documenturl" parentDisplayName="Document Url" />
      </MissingDependency>
      <MissingDependency>
        <Required type="1" schemaName="bcgov_documenturl" displayName="Document Url" solution="S3DocumentManagement (1.0.0.11)" />
        <Dependent type="2" schemaName="versionnumber" displayName="Version Number" parentSchemaName="bcgov_documenturl" parentDisplayName="Document Url" />
      </MissingDependency>
      <MissingDependency>
        <Required type="1" schemaName="bcgov_documenturl" displayName="Document Url" solution="S3DocumentManagement (1.0.0.11)" />
        <Dependent type="60" displayName="ECER - Main" parentDisplayName="Application" id="{2420375a-7e39-4cbc-a810-8079c3f08eef}" />
      </MissingDependency>
      <MissingDependency>
        <Required type="1" schemaName="bcgov_documenturl" displayName="Document Url" solution="S3DocumentManagement (1.0.0.11)" />
        <Dependent type="60" displayName="ECER - Main" parentDisplayName="Investigation" id="{9d9ea95f-0b15-4d06-a59f-b92ee222b3e7}" />
      </MissingDependency>
      <MissingDependency>
        <Required type="1" schemaName="bcgov_documenturl" displayName="Document Url" solution="S3DocumentManagement (1.0.0.11)" />
        <Dependent type="60" displayName="ECER Contact" parentDisplayName="Contact" id="{9f84d203-0b7d-ee11-8179-000d3af4fa73}" />
      </MissingDependency>
      <MissingDependency>
        <Required type="1" schemaName="bcgov_tag" displayName="Tag" solution="S3DocumentManagement (1.0.0.11)" />
        <Dependent type="10" schemaName="bcgov_tag2_bcgov_documenturl" displayName="bcgov_tag2_bcgov_documenturl" parentSchemaName="bcgov_tag" parentDisplayName="Tag" />
      </MissingDependency>
      <MissingDependency>
        <Required type="1" schemaName="entitlement" displayName="Entitlement" solution="msdynce_Service (9.0.5.56)">
          <package>msdynce_ServiceAnchor (9.0.24031.1014)</package>
        </Required>
        <Dependent type="60" displayName="Account" parentDisplayName="Account" id="{8448b78f-8f42-454e-8e2a-f8196b0419af}" />
      </MissingDependency>
      <MissingDependency>
        <Required type="1" schemaName="incident" displayName="Case" solution="msdynce_Service (9.0.5.56)">
          <package>msdynce_ServiceAnchor (9.0.24031.1014)</package>
        </Required>
        <Dependent type="10" schemaName="bcgov_incident_bcgov_documenturl" displayName="bcgov_incident_bcgov_documenturl" parentSchemaName="incident" parentDisplayName="Case" />
      </MissingDependency>
      <MissingDependency>
        <Required type="1" schemaName="incident" displayName="Case" solution="msdynce_Service (9.0.5.56)">
          <package>msdynce_ServiceAnchor (9.0.24031.1014)</package>
        </Required>
        <Dependent type="60" displayName="Account" parentDisplayName="Account" id="{8448b78f-8f42-454e-8e2a-f8196b0419af}" />
      </MissingDependency>
      <MissingDependency>
        <Required type="1" schemaName="msdyn_ocliveworkitem" displayName="Conversation" solution="OmnichannelBase (1.10.0.77)">
          <package>UnifiedRoutingPrimeAnchor (1.5.26.98)</package>
        </Required>
        <Dependent type="80" schemaName="ecer_MyECER" displayName="My ECER" />
      </MissingDependency>
      <MissingDependency>
        <Required type="1" schemaName="msdyn_ocsession" displayName="Session" solution="OmnichannelBase (1.10.0.77)">
          <package>UnifiedRoutingPrimeAnchor (1.5.26.98)</package>
        </Required>
        <Dependent type="80" schemaName="ecer_MyECER" displayName="My ECER" />
      </MissingDependency>
      <MissingDependency>
        <Required type="1" schemaName="opportunity" displayName="Opportunity" solution="msdynce_Sales (9.0.4.0076)">
          <package>msdynce_SalesAnchor (9.0.24031.10006)</package>
        </Required>
        <Dependent type="60" displayName="Account" parentDisplayName="Account" id="{8448b78f-8f42-454e-8e2a-f8196b0419af}" />
      </MissingDependency>
      <MissingDependency>
        <Required type="10" schemaName="bcgov_appointment_bcgov_documenturl" displayName="bcgov_appointment_bcgov_documenturl" parentSchemaName="appointment" parentDisplayName="Appointment" solution="S3DocumentManagement (1.0.0.11)" />
        <Dependent type="10" schemaName="bcgov_appointment_bcgov_documenturl" displayName="bcgov_appointment_bcgov_documenturl" parentSchemaName="appointment" parentDisplayName="Appointment" />
      </MissingDependency>
      <MissingDependency>
        <Required type="10" schemaName="bcgov_appointment_bcgov_documenturl" displayName="bcgov_appointment_bcgov_documenturl" parentSchemaName="appointment" parentDisplayName="Appointment" solution="S3DocumentManagement (1.0.0.11)" />
        <Dependent type="60" displayName="Information" parentDisplayName="Document Url" id="{da1739bf-5abf-412c-98de-700309ec4c6f}" />
      </MissingDependency>
      <MissingDependency>
        <Required type="10" schemaName="bcgov_tag1_bcgov_documenturl" displayName="bcgov_tag1_bcgov_documenturl" parentSchemaName="bcgov_tag" parentDisplayName="Tag" solution="S3DocumentManagement (1.0.0.11)" />
        <Dependent type="10" schemaName="bcgov_tag2_bcgov_documenturl" displayName="bcgov_tag2_bcgov_documenturl" parentSchemaName="bcgov_tag" parentDisplayName="Tag" />
      </MissingDependency>
      <MissingDependency>
        <Required type="10" schemaName="bcgov_tag1_bcgov_documenturl" displayName="bcgov_tag1_bcgov_documenturl" parentSchemaName="bcgov_tag" parentDisplayName="Tag" solution="S3DocumentManagement (1.0.0.11)" />
        <Dependent type="60" displayName="Information" parentDisplayName="Document Url" id="{da1739bf-5abf-412c-98de-700309ec4c6f}" />
      </MissingDependency>
      <MissingDependency>
        <Required type="10" schemaName="bcgov_tag2_bcgov_documenturl" displayName="bcgov_tag2_bcgov_documenturl" parentSchemaName="bcgov_tag" parentDisplayName="Tag" solution="S3DocumentManagement (1.0.0.11)" />
        <Dependent type="10" schemaName="bcgov_tag2_bcgov_documenturl" displayName="bcgov_tag2_bcgov_documenturl" parentSchemaName="bcgov_tag" parentDisplayName="Tag" />
      </MissingDependency>
      <MissingDependency>
        <Required type="10" schemaName="bcgov_tag2_bcgov_documenturl" displayName="bcgov_tag2_bcgov_documenturl" parentSchemaName="bcgov_tag" parentDisplayName="Tag" solution="S3DocumentManagement (1.0.0.11)" />
        <Dependent type="60" displayName="Information" parentDisplayName="Document Url" id="{da1739bf-5abf-412c-98de-700309ec4c6f}" />
      </MissingDependency>
      <MissingDependency>
        <Required type="10" schemaName="bcgov_tag3_bcgov_documenturl" displayName="bcgov_tag3_bcgov_documenturl" parentSchemaName="bcgov_tag" parentDisplayName="Tag" solution="S3DocumentManagement (1.0.0.11)" />
        <Dependent type="10" schemaName="bcgov_tag2_bcgov_documenturl" displayName="bcgov_tag2_bcgov_documenturl" parentSchemaName="bcgov_tag" parentDisplayName="Tag" />
      </MissingDependency>
      <MissingDependency>
        <Required type="10" schemaName="bcgov_tag3_bcgov_documenturl" displayName="bcgov_tag3_bcgov_documenturl" parentSchemaName="bcgov_tag" parentDisplayName="Tag" solution="S3DocumentManagement (1.0.0.11)" />
        <Dependent type="60" displayName="Information" parentDisplayName="Document Url" id="{da1739bf-5abf-412c-98de-700309ec4c6f}" />
      </MissingDependency>
      <MissingDependency>
        <Required type="10" schemaName="bcgov_contact_bcgov_documenturl" displayName="bcgov_contact_bcgov_documenturl" parentSchemaName="contact" parentDisplayName="Contact" solution="S3DocumentManagement (1.0.0.11)" />
        <Dependent type="60" displayName="ECER Contact" parentDisplayName="Contact" id="{9f84d203-0b7d-ee11-8179-000d3af4fa73}" />
      </MissingDependency>
      <MissingDependency>
        <Required type="10" schemaName="bcgov_email_bcgov_documenturl" displayName="bcgov_email_bcgov_documenturl" parentSchemaName="email" parentDisplayName="Email" solution="S3DocumentManagement (1.0.0.11)" />
        <Dependent type="10" schemaName="bcgov_email_bcgov_documenturl" displayName="bcgov_email_bcgov_documenturl" parentSchemaName="email" parentDisplayName="Email" />
      </MissingDependency>
      <MissingDependency>
        <Required type="10" schemaName="bcgov_email_bcgov_documenturl" displayName="bcgov_email_bcgov_documenturl" parentSchemaName="email" parentDisplayName="Email" solution="S3DocumentManagement (1.0.0.11)" />
        <Dependent type="60" displayName="Information" parentDisplayName="Document Url" id="{da1739bf-5abf-412c-98de-700309ec4c6f}" />
      </MissingDependency>
      <MissingDependency>
        <Required type="10" schemaName="bcgov_fax_bcgov_documenturl" displayName="bcgov_fax_bcgov_documenturl" parentSchemaName="fax" parentDisplayName="Fax" solution="S3DocumentManagement (1.0.0.11)" />
        <Dependent type="10" schemaName="bcgov_fax_bcgov_documenturl" displayName="bcgov_fax_bcgov_documenturl" parentSchemaName="fax" parentDisplayName="Fax" />
      </MissingDependency>
      <MissingDependency>
        <Required type="10" schemaName="bcgov_fax_bcgov_documenturl" displayName="bcgov_fax_bcgov_documenturl" parentSchemaName="fax" parentDisplayName="Fax" solution="S3DocumentManagement (1.0.0.11)" />
        <Dependent type="60" displayName="Information" parentDisplayName="Document Url" id="{da1739bf-5abf-412c-98de-700309ec4c6f}" />
      </MissingDependency>
      <MissingDependency>
        <Required type="10" schemaName="bcgov_incident_bcgov_documenturl" displayName="bcgov_incident_bcgov_documenturl" parentSchemaName="incident" parentDisplayName="Case" solution="S3DocumentManagement (1.0.0.11)" />
        <Dependent type="10" schemaName="bcgov_incident_bcgov_documenturl" displayName="bcgov_incident_bcgov_documenturl" parentSchemaName="incident" parentDisplayName="Case" />
      </MissingDependency>
      <MissingDependency>
        <Required type="10" schemaName="bcgov_incident_bcgov_documenturl" displayName="bcgov_incident_bcgov_documenturl" parentSchemaName="incident" parentDisplayName="Case" solution="S3DocumentManagement (1.0.0.11)" />
        <Dependent type="60" displayName="Information" parentDisplayName="Document Url" id="{da1739bf-5abf-412c-98de-700309ec4c6f}" />
      </MissingDependency>
      <MissingDependency>
        <Required type="10" schemaName="bcgov_letter_bcgov_documenturl" displayName="bcgov_letter_bcgov_documenturl" parentSchemaName="letter" parentDisplayName="Letter" solution="S3DocumentManagement (1.0.0.11)" />
        <Dependent type="10" schemaName="bcgov_letter_bcgov_documenturl" displayName="bcgov_letter_bcgov_documenturl" parentSchemaName="letter" parentDisplayName="Letter" />
      </MissingDependency>
      <MissingDependency>
        <Required type="10" schemaName="bcgov_letter_bcgov_documenturl" displayName="bcgov_letter_bcgov_documenturl" parentSchemaName="letter" parentDisplayName="Letter" solution="S3DocumentManagement (1.0.0.11)" />
        <Dependent type="60" displayName="Information" parentDisplayName="Document Url" id="{da1739bf-5abf-412c-98de-700309ec4c6f}" />
      </MissingDependency>
      <MissingDependency>
        <Required type="10" schemaName="bcgov_phonecall_bcgov_documenturl" displayName="bcgov_phonecall_bcgov_documenturl" parentSchemaName="phonecall" parentDisplayName="Phone Call" solution="S3DocumentManagement (1.0.0.11)" />
        <Dependent type="10" schemaName="bcgov_phonecall_bcgov_documenturl" displayName="bcgov_phonecall_bcgov_documenturl" parentSchemaName="phonecall" parentDisplayName="Phone Call" />
      </MissingDependency>
      <MissingDependency>
        <Required type="10" schemaName="bcgov_phonecall_bcgov_documenturl" displayName="bcgov_phonecall_bcgov_documenturl" parentSchemaName="phonecall" parentDisplayName="Phone Call" solution="S3DocumentManagement (1.0.0.11)" />
        <Dependent type="60" displayName="Information" parentDisplayName="Document Url" id="{da1739bf-5abf-412c-98de-700309ec4c6f}" />
      </MissingDependency>
      <MissingDependency>
        <Required type="10" schemaName="bcgov_task_bcgov_documenturl" displayName="bcgov_task_bcgov_documenturl" parentSchemaName="task" parentDisplayName="Task" solution="S3DocumentManagement (1.0.0.11)" />
        <Dependent type="10" schemaName="bcgov_task_bcgov_documenturl" displayName="bcgov_task_bcgov_documenturl" parentSchemaName="task" parentDisplayName="Task" />
      </MissingDependency>
      <MissingDependency>
        <Required type="10" schemaName="bcgov_task_bcgov_documenturl" displayName="bcgov_task_bcgov_documenturl" parentSchemaName="task" parentDisplayName="Task" solution="S3DocumentManagement (1.0.0.11)" />
        <Dependent type="60" displayName="Information" parentDisplayName="Document Url" id="{da1739bf-5abf-412c-98de-700309ec4c6f}" />
      </MissingDependency>
      <MissingDependency>
        <Required type="2" schemaName="originatingleadid" displayName="Originating Lead" parentSchemaName="account" parentDisplayName="Account" solution="msdynce_LeadManagement (9.0.4.0066)">
          <package>msdynce_LeadManagementAnchor (9.0.24031.10001)</package>
        </Required>
        <Dependent type="60" displayName="Account" parentDisplayName="Account" id="{8448b78f-8f42-454e-8e2a-f8196b0419af}" />
      </MissingDependency>
      <MissingDependency>
        <Required type="2" schemaName="bcgov_appointmentid" displayName="Appointment" parentSchemaName="bcgov_documenturl" parentDisplayName="Document Url" solution="S3DocumentManagement (1.0.0.11)" />
        <Dependent type="10" schemaName="bcgov_appointment_bcgov_documenturl" displayName="bcgov_appointment_bcgov_documenturl" parentSchemaName="appointment" parentDisplayName="Appointment" />
      </MissingDependency>
      <MissingDependency>
        <Required type="2" schemaName="bcgov_appointmentid" displayName="Appointment" parentSchemaName="bcgov_documenturl" parentDisplayName="Document Url" solution="S3DocumentManagement (1.0.0.11)" />
        <Dependent type="60" displayName="Information" parentDisplayName="Document Url" id="{da1739bf-5abf-412c-98de-700309ec4c6f}" />
      </MissingDependency>
      <MissingDependency>
        <Required type="2" schemaName="bcgov_caseid" displayName="Case" parentSchemaName="bcgov_documenturl" parentDisplayName="Document Url" solution="S3DocumentManagement (1.0.0.11)" />
        <Dependent type="10" schemaName="bcgov_incident_bcgov_documenturl" displayName="bcgov_incident_bcgov_documenturl" parentSchemaName="incident" parentDisplayName="Case" />
      </MissingDependency>
      <MissingDependency>
        <Required type="2" schemaName="bcgov_caseid" displayName="Case" parentSchemaName="bcgov_documenturl" parentDisplayName="Document Url" solution="S3DocumentManagement (1.0.0.11)" />
        <Dependent type="60" displayName="Information" parentDisplayName="Document Url" id="{da1739bf-5abf-412c-98de-700309ec4c6f}" />
      </MissingDependency>
      <MissingDependency>
        <Required type="2" schemaName="bcgov_customer" displayName="Customer" parentSchemaName="bcgov_documenturl" parentDisplayName="Document Url" solution="S3DocumentManagement (1.0.0.11)" />
        <Dependent type="2" schemaName="bcgov_customer" displayName="Customer" parentSchemaName="bcgov_documenturl" parentDisplayName="Document Url" />
      </MissingDependency>
      <MissingDependency>
        <Required type="2" schemaName="bcgov_customer" displayName="Customer" parentSchemaName="bcgov_documenturl" parentDisplayName="Document Url" solution="S3DocumentManagement (1.0.0.11)" />
        <Dependent type="60" displayName="Information" parentDisplayName="Document Url" id="{da1739bf-5abf-412c-98de-700309ec4c6f}" />
      </MissingDependency>
      <MissingDependency>
        <Required type="2" schemaName="bcgov_emailid" displayName="Email" parentSchemaName="bcgov_documenturl" parentDisplayName="Document Url" solution="S3DocumentManagement (1.0.0.11)" />
        <Dependent type="10" schemaName="bcgov_email_bcgov_documenturl" displayName="bcgov_email_bcgov_documenturl" parentSchemaName="email" parentDisplayName="Email" />
      </MissingDependency>
      <MissingDependency>
        <Required type="2" schemaName="bcgov_emailid" displayName="Email" parentSchemaName="bcgov_documenturl" parentDisplayName="Document Url" solution="S3DocumentManagement (1.0.0.11)" />
        <Dependent type="60" displayName="Information" parentDisplayName="Document Url" id="{da1739bf-5abf-412c-98de-700309ec4c6f}" />
      </MissingDependency>
      <MissingDependency>
        <Required type="2" schemaName="bcgov_faxid" displayName="Fax" parentSchemaName="bcgov_documenturl" parentDisplayName="Document Url" solution="S3DocumentManagement (1.0.0.11)" />
        <Dependent type="10" schemaName="bcgov_fax_bcgov_documenturl" displayName="bcgov_fax_bcgov_documenturl" parentSchemaName="fax" parentDisplayName="Fax" />
      </MissingDependency>
      <MissingDependency>
        <Required type="2" schemaName="bcgov_faxid" displayName="Fax" parentSchemaName="bcgov_documenturl" parentDisplayName="Document Url" solution="S3DocumentManagement (1.0.0.11)" />
        <Dependent type="60" displayName="Information" parentDisplayName="Document Url" id="{da1739bf-5abf-412c-98de-700309ec4c6f}" />
      </MissingDependency>
      <MissingDependency>
        <Required type="2" schemaName="bcgov_fileclassification" displayName="Classification" parentSchemaName="bcgov_documenturl" parentDisplayName="Document Url" solution="S3DocumentManagement (1.0.0.11)" />
        <Dependent type="60" displayName="Information" parentDisplayName="Document Url" id="{da1739bf-5abf-412c-98de-700309ec4c6f}" />
      </MissingDependency>
      <MissingDependency>
        <Required type="2" schemaName="bcgov_filename" displayName="File Name" parentSchemaName="bcgov_documenturl" parentDisplayName="Document Url" solution="S3DocumentManagement (1.0.0.11)" />
        <Dependent type="60" displayName="Information" parentDisplayName="Document Url" id="{da1739bf-5abf-412c-98de-700309ec4c6f}" />
      </MissingDependency>
      <MissingDependency>
        <Required type="2" schemaName="bcgov_letterid" displayName="Letter" parentSchemaName="bcgov_documenturl" parentDisplayName="Document Url" solution="S3DocumentManagement (1.0.0.11)" />
        <Dependent type="10" schemaName="bcgov_letter_bcgov_documenturl" displayName="bcgov_letter_bcgov_documenturl" parentSchemaName="letter" parentDisplayName="Letter" />
      </MissingDependency>
      <MissingDependency>
        <Required type="2" schemaName="bcgov_letterid" displayName="Letter" parentSchemaName="bcgov_documenturl" parentDisplayName="Document Url" solution="S3DocumentManagement (1.0.0.11)" />
        <Dependent type="60" displayName="Information" parentDisplayName="Document Url" id="{da1739bf-5abf-412c-98de-700309ec4c6f}" />
      </MissingDependency>
      <MissingDependency>
        <Required type="2" schemaName="bcgov_origincode" displayName="Origin" parentSchemaName="bcgov_documenturl" parentDisplayName="Document Url" solution="S3DocumentManagement (1.0.0.11)" />
        <Dependent type="60" displayName="Information" parentDisplayName="Document Url" id="{da1739bf-5abf-412c-98de-700309ec4c6f}" />
      </MissingDependency>
      <MissingDependency>
        <Required type="2" schemaName="bcgov_phonecallid" displayName="Phone Call" parentSchemaName="bcgov_documenturl" parentDisplayName="Document Url" solution="S3DocumentManagement (1.0.0.11)" />
        <Dependent type="10" schemaName="bcgov_phonecall_bcgov_documenturl" displayName="bcgov_phonecall_bcgov_documenturl" parentSchemaName="phonecall" parentDisplayName="Phone Call" />
      </MissingDependency>
      <MissingDependency>
        <Required type="2" schemaName="bcgov_phonecallid" displayName="Phone Call" parentSchemaName="bcgov_documenturl" parentDisplayName="Document Url" solution="S3DocumentManagement (1.0.0.11)" />
        <Dependent type="60" displayName="Information" parentDisplayName="Document Url" id="{da1739bf-5abf-412c-98de-700309ec4c6f}" />
      </MissingDependency>
      <MissingDependency>
        <Required type="2" schemaName="bcgov_receiveddate" displayName="Received Date" parentSchemaName="bcgov_documenturl" parentDisplayName="Document Url" solution="S3DocumentManagement (1.0.0.11)" />
        <Dependent type="60" displayName="Information" parentDisplayName="Document Url" id="{da1739bf-5abf-412c-98de-700309ec4c6f}" />
      </MissingDependency>
      <MissingDependency>
        <Required type="2" schemaName="bcgov_tag1id" displayName="Tag 1" parentSchemaName="bcgov_documenturl" parentDisplayName="Document Url" solution="S3DocumentManagement (1.0.0.11)" />
        <Dependent type="10" schemaName="bcgov_tag2_bcgov_documenturl" displayName="bcgov_tag2_bcgov_documenturl" parentSchemaName="bcgov_tag" parentDisplayName="Tag" />
      </MissingDependency>
      <MissingDependency>
        <Required type="2" schemaName="bcgov_tag1id" displayName="Tag 1" parentSchemaName="bcgov_documenturl" parentDisplayName="Document Url" solution="S3DocumentManagement (1.0.0.11)" />
        <Dependent type="60" displayName="Information" parentDisplayName="Document Url" id="{da1739bf-5abf-412c-98de-700309ec4c6f}" />
      </MissingDependency>
      <MissingDependency>
        <Required type="2" schemaName="bcgov_tag2id" displayName="Tag 2" parentSchemaName="bcgov_documenturl" parentDisplayName="Document Url" solution="S3DocumentManagement (1.0.0.11)" />
        <Dependent type="10" schemaName="bcgov_tag2_bcgov_documenturl" displayName="bcgov_tag2_bcgov_documenturl" parentSchemaName="bcgov_tag" parentDisplayName="Tag" />
      </MissingDependency>
      <MissingDependency>
        <Required type="2" schemaName="bcgov_tag2id" displayName="Tag 2" parentSchemaName="bcgov_documenturl" parentDisplayName="Document Url" solution="S3DocumentManagement (1.0.0.11)" />
        <Dependent type="60" displayName="Information" parentDisplayName="Document Url" id="{da1739bf-5abf-412c-98de-700309ec4c6f}" />
      </MissingDependency>
      <MissingDependency>
        <Required type="2" schemaName="bcgov_tag3id" displayName="Tag 3" parentSchemaName="bcgov_documenturl" parentDisplayName="Document Url" solution="S3DocumentManagement (1.0.0.11)" />
        <Dependent type="10" schemaName="bcgov_tag2_bcgov_documenturl" displayName="bcgov_tag2_bcgov_documenturl" parentSchemaName="bcgov_tag" parentDisplayName="Tag" />
      </MissingDependency>
      <MissingDependency>
        <Required type="2" schemaName="bcgov_tag3id" displayName="Tag 3" parentSchemaName="bcgov_documenturl" parentDisplayName="Document Url" solution="S3DocumentManagement (1.0.0.11)" />
        <Dependent type="60" displayName="Information" parentDisplayName="Document Url" id="{da1739bf-5abf-412c-98de-700309ec4c6f}" />
      </MissingDependency>
      <MissingDependency>
        <Required type="2" schemaName="bcgov_taskid" displayName="Task" parentSchemaName="bcgov_documenturl" parentDisplayName="Document Url" solution="S3DocumentManagement (1.0.0.11)" />
        <Dependent type="10" schemaName="bcgov_task_bcgov_documenturl" displayName="bcgov_task_bcgov_documenturl" parentSchemaName="task" parentDisplayName="Task" />
      </MissingDependency>
      <MissingDependency>
        <Required type="2" schemaName="bcgov_taskid" displayName="Task" parentSchemaName="bcgov_documenturl" parentDisplayName="Document Url" solution="S3DocumentManagement (1.0.0.11)" />
        <Dependent type="60" displayName="Information" parentDisplayName="Document Url" id="{da1739bf-5abf-412c-98de-700309ec4c6f}" />
      </MissingDependency>
      <MissingDependency>
        <Required type="2" schemaName="createdon" displayName="Created On" parentSchemaName="bcgov_documenturl" parentDisplayName="Document Url" solution="S3DocumentManagement (1.0.0.11)" />
        <Dependent type="60" displayName="Information" parentDisplayName="Document Url" id="{da1739bf-5abf-412c-98de-700309ec4c6f}" />
      </MissingDependency>
      <MissingDependency>
        <Required type="2" schemaName="modifiedon" displayName="Modified On" parentSchemaName="bcgov_documenturl" parentDisplayName="Document Url" solution="S3DocumentManagement (1.0.0.11)" />
        <Dependent type="60" displayName="Information" parentDisplayName="Document Url" id="{da1739bf-5abf-412c-98de-700309ec4c6f}" />
      </MissingDependency>
      <MissingDependency>
        <Required type="2" schemaName="statuscode" displayName="Status Reason" parentSchemaName="bcgov_documenturl" parentDisplayName="Document Url" solution="S3DocumentManagement (1.0.0.11)" />
        <Dependent type="60" displayName="Information" parentDisplayName="Document Url" id="{da1739bf-5abf-412c-98de-700309ec4c6f}" />
      </MissingDependency>
      <MissingDependency>
        <Required type="2" schemaName="bcgov_name" displayName="Name" parentSchemaName="bcgov_tag" parentDisplayName="Tag" solution="S3DocumentManagement (1.0.0.11)" />
        <Dependent type="10" schemaName="bcgov_tag2_bcgov_documenturl" displayName="bcgov_tag2_bcgov_documenturl" parentSchemaName="bcgov_tag" parentDisplayName="Tag" />
      </MissingDependency>
      <MissingDependency>
        <Required type="2" schemaName="bcgov_tagid" displayName="Tag" parentSchemaName="bcgov_tag" parentDisplayName="Tag" solution="S3DocumentManagement (1.0.0.11)" />
        <Dependent type="10" schemaName="bcgov_tag2_bcgov_documenturl" displayName="bcgov_tag2_bcgov_documenturl" parentSchemaName="bcgov_tag" parentDisplayName="Tag" />
      </MissingDependency>
      <MissingDependency>
        <Required type="2" schemaName="adx_identity_mobilephoneconfirmed" displayName="Mobile Phone Confirmed" parentSchemaName="contact" parentDisplayName="Contact" solution="PowerPages_RuntimeCore (1.0.2312.2)">
          <package>PowerPages_Core (1.0.2401.75)</package>
        </Required>
        <Dependent type="2" schemaName="adx_identity_mobilephoneconfirmed" displayName="Mobile Phone Confirmed" parentSchemaName="contact" parentDisplayName="Contact" />
      </MissingDependency>
      <MissingDependency>
        <Required type="2" schemaName="msdyn_isminor" displayName="Is Minor" parentSchemaName="contact" parentDisplayName="Contact" solution="msdynce_PortalPrivacyExtensions (9.2.10.0)">
          <package>PowerPages_Core (1.0.2401.75)</package>
        </Required>
        <Dependent type="2" schemaName="msdyn_isminor" displayName="Is Minor" parentSchemaName="contact" parentDisplayName="Contact" />
      </MissingDependency>
      <MissingDependency>
        <Required type="2" schemaName="msdyn_isminorwithparentalconsent" displayName="Is Minor with Parental Consent" parentSchemaName="contact" parentDisplayName="Contact" solution="msdynce_PortalPrivacyExtensions (9.2.10.0)">
          <package>PowerPages_Core (1.0.2401.75)</package>
        </Required>
        <Dependent type="2" schemaName="msdyn_isminorwithparentalconsent" displayName="Is Minor with Parental Consent" parentSchemaName="contact" parentDisplayName="Contact" />
      </MissingDependency>
      <MissingDependency>
        <Required type="2" schemaName="mspp_userpreferredlcid" displayName="Preferred Language" parentSchemaName="contact" parentDisplayName="Contact" solution="PowerPages_RuntimeExtensions (1.0.2310.1)">
          <package>PowerPages_Core (1.0.2401.75)</package>
        </Required>
        <Dependent type="2" schemaName="mspp_userpreferredlcid" displayName="Preferred Language" parentSchemaName="contact" parentDisplayName="Contact" />
      </MissingDependency>
      <MissingDependency>
        <Required type="2" schemaName="incidentid" displayName="Case" parentSchemaName="incident" parentDisplayName="Case" solution="msdynce_Service (9.0.5.56)">
          <package>msdynce_ServiceAnchor (9.0.24031.1014)</package>
        </Required>
        <Dependent type="10" schemaName="bcgov_incident_bcgov_documenturl" displayName="bcgov_incident_bcgov_documenturl" parentSchemaName="incident" parentDisplayName="Case" />
      </MissingDependency>
      <MissingDependency>
        <Required type="2" schemaName="title" displayName="Case Title" parentSchemaName="incident" parentDisplayName="Case" solution="msdynce_Service (9.0.5.56)">
          <package>msdynce_ServiceAnchor (9.0.24031.1014)</package>
        </Required>
        <Dependent type="10" schemaName="bcgov_incident_bcgov_documenturl" displayName="bcgov_incident_bcgov_documenturl" parentSchemaName="incident" parentDisplayName="Case" />
      </MissingDependency>
      <MissingDependency>
        <Required type="20" displayName="App Opener" solution="AuthorizationCore (1.109.0.0)" id="{979144c2-989b-41a5-a146-6b3ea4130e8c}" />
        <Dependent type="80" schemaName="ecer_MyECER" displayName="My ECER" />
      </MissingDependency>
      <MissingDependency>
        <Required type="26" schemaName="All Cases for Customer" displayName="All Cases for Customer" parentSchemaName="incident" parentDisplayName="Case" solution="msdynce_Service (9.0.5.56)" id="{00000000-0000-0000-00aa-000010001039}">
          <package>msdynce_ServiceAnchor (9.0.24031.1014)</package>
        </Required>
        <Dependent type="60" displayName="Account" parentDisplayName="Account" id="{8448b78f-8f42-454e-8e2a-f8196b0419af}" />
      </MissingDependency>
      <MissingDependency>
        <Required type="26" schemaName="My Open Opportunities" displayName="My Open Opportunities" parentSchemaName="opportunity" parentDisplayName="Opportunity" solution="msdynce_Sales (9.0.4.0076)" id="{00000000-0000-0000-00aa-000010003000}">
          <package>msdynce_SalesAnchor (9.0.24031.10006)</package>
        </Required>
        <Dependent type="60" displayName="Account" parentDisplayName="Account" id="{8448b78f-8f42-454e-8e2a-f8196b0419af}" />
      </MissingDependency>
      <MissingDependency>
        <Required type="26" schemaName="All Contacts" displayName="All Contacts" parentSchemaName="contact" parentDisplayName="Contact" solution="msdynce_AppCommon (9.0.4.0066)" id="{0d5d377b-5e7c-47b5-bab1-a5cb8b4ac105}">
          <package>msdynce_AppCommonAnchor (9.0.24031.10002)</package>
        </Required>
        <Dependent type="26" schemaName="All Contacts" displayName="All Contacts" parentSchemaName="contact" parentDisplayName="Contact" id="{0d5d377b-5e7c-47b5-bab1-a5cb8b4ac105}" />
      </MissingDependency>
      <MissingDependency>
        <Required type="26" schemaName="Active Document Urls" displayName="Active Document Urls" parentSchemaName="bcgov_documenturl" parentDisplayName="Document Url" solution="S3DocumentManagement (1.0.0.11)" id="{446b3482-72e8-4ac2-ba74-94e58e269c1b}" />
        <Dependent type="60" displayName="ECER - Main" parentDisplayName="Application" id="{2420375a-7e39-4cbc-a810-8079c3f08eef}" />
      </MissingDependency>
      <MissingDependency>
        <Required type="26" schemaName="Active Document Urls" displayName="Active Document Urls" parentSchemaName="bcgov_documenturl" parentDisplayName="Document Url" solution="S3DocumentManagement (1.0.0.11)" id="{446b3482-72e8-4ac2-ba74-94e58e269c1b}" />
        <Dependent type="60" displayName="ECER - Main" parentDisplayName="Investigation" id="{9d9ea95f-0b15-4d06-a59f-b92ee222b3e7}" />
      </MissingDependency>
      <MissingDependency>
        <Required type="26" schemaName="Active Document Urls" displayName="Active Document Urls" parentSchemaName="bcgov_documenturl" parentDisplayName="Document Url" solution="S3DocumentManagement (1.0.0.11)" id="{446b3482-72e8-4ac2-ba74-94e58e269c1b}" />
        <Dependent type="60" displayName="ECER Contact" parentDisplayName="Contact" id="{9f84d203-0b7d-ee11-8179-000d3af4fa73}" />
      </MissingDependency>
      <MissingDependency>
        <Required type="26" schemaName="Account Entitlements" displayName="Account Entitlements" parentSchemaName="entitlement" parentDisplayName="Entitlement" solution="msdynce_Service (9.0.5.56)" id="{961bf8aa-042f-4f4d-bcca-935bfc9a6994}">
          <package>msdynce_ServiceAnchor (9.0.24031.1014)</package>
        </Required>
        <Dependent type="60" displayName="Account" parentDisplayName="Account" id="{8448b78f-8f42-454e-8e2a-f8196b0419af}" />
      </MissingDependency>
      <MissingDependency>
        <Required type="26" schemaName="Case Lookup View" displayName="Case Lookup View" parentSchemaName="incident" parentDisplayName="Case" solution="msdynce_Service (9.0.5.56)" id="{9ac51863-58c7-49a0-adcc-afd9a4c3ee59}">
          <package>msdynce_ServiceAnchor (9.0.24031.1014)</package>
        </Required>
        <Dependent type="60" displayName="Information" parentDisplayName="Document Url" id="{da1739bf-5abf-412c-98de-700309ec4c6f}" />
      </MissingDependency>
      <MissingDependency>
        <Required type="26" schemaName="Recent Opportunities" displayName="Recent Opportunities" parentSchemaName="opportunity" parentDisplayName="Opportunity" solution="msdynce_Sales (9.0.4.0076)" id="{9c3f7ee8-eca7-e211-9fb6-00155dd0ea05}">
          <package>msdynce_SalesAnchor (9.0.24031.10006)</package>
        </Required>
        <Dependent type="60" displayName="Account" parentDisplayName="Account" id="{8448b78f-8f42-454e-8e2a-f8196b0419af}" />
      </MissingDependency>
      <MissingDependency>
        <Required type="59" schemaName="Emails by Month Due" displayName="Emails by Month Due" parentSchemaName="email" parentDisplayName="Email" solution="msdynce_AppCommon (9.0.4.0066)" id="{1ec1872a-23de-4294-9d7f-1b76272a5fd5}">
          <package>msdynce_AppCommonAnchor (9.0.24031.10002)</package>
        </Required>
        <Dependent type="60" displayName="ECER - Main" parentDisplayName="Application" id="{2420375a-7e39-4cbc-a810-8079c3f08eef}" />
      </MissingDependency>
      <MissingDependency>
        <Required type="59" schemaName="Emails by Month Due" displayName="Emails by Month Due" parentSchemaName="email" parentDisplayName="Email" solution="msdynce_AppCommon (9.0.4.0066)" id="{1ec1872a-23de-4294-9d7f-1b76272a5fd5}">
          <package>msdynce_AppCommonAnchor (9.0.24031.10002)</package>
        </Required>
        <Dependent type="60" displayName="ECER - Main" parentDisplayName="Program Applicaiton" id="{2aa6ed31-9820-43e8-b4be-06a1781e9e69}" />
      </MissingDependency>
      <MissingDependency>
        <Required type="59" schemaName="Emails by Month Due" displayName="Emails by Month Due" parentSchemaName="email" parentDisplayName="Email" solution="msdynce_AppCommon (9.0.4.0066)" id="{1ec1872a-23de-4294-9d7f-1b76272a5fd5}">
          <package>msdynce_AppCommonAnchor (9.0.24031.10002)</package>
        </Required>
        <Dependent type="60" displayName="Registry Submission Dashboard" id="{35be10f3-ea72-ee11-8179-000d3af4fa73}" />
      </MissingDependency>
      <MissingDependency>
        <Required type="59" schemaName="Emails by Month Due" displayName="Emails by Month Due" parentSchemaName="email" parentDisplayName="Email" solution="msdynce_AppCommon (9.0.4.0066)" id="{1ec1872a-23de-4294-9d7f-1b76272a5fd5}">
          <package>msdynce_AppCommonAnchor (9.0.24031.10002)</package>
        </Required>
        <Dependent type="60" displayName="ECER - Main" parentDisplayName="Post Secondary Institute" id="{65faf12d-813a-4327-aa26-36cfa46bec76}" />
      </MissingDependency>
      <MissingDependency>
        <Required type="59" schemaName="Emails by Month Due" displayName="Emails by Month Due" parentSchemaName="email" parentDisplayName="Email" solution="msdynce_AppCommon (9.0.4.0066)" id="{1ec1872a-23de-4294-9d7f-1b76272a5fd5}">
          <package>msdynce_AppCommonAnchor (9.0.24031.10002)</package>
        </Required>
        <Dependent type="60" displayName="ECER - Main" parentDisplayName="Investigation" id="{9d9ea95f-0b15-4d06-a59f-b92ee222b3e7}" />
      </MissingDependency>
      <MissingDependency>
        <Required type="59" schemaName="Phone Calls by Month Due" displayName="Phone Calls by Month Due" parentSchemaName="phonecall" parentDisplayName="Phone Call" solution="msdynce_AppCommon (9.0.4.0066)" id="{399945c7-d07f-444e-9e54-d5fa4042290c}">
          <package>msdynce_AppCommonAnchor (9.0.24031.10002)</package>
        </Required>
        <Dependent type="60" displayName="ECER - Main" parentDisplayName="Application" id="{2420375a-7e39-4cbc-a810-8079c3f08eef}" />
      </MissingDependency>
      <MissingDependency>
        <Required type="59" schemaName="Phone Calls by Month Due" displayName="Phone Calls by Month Due" parentSchemaName="phonecall" parentDisplayName="Phone Call" solution="msdynce_AppCommon (9.0.4.0066)" id="{399945c7-d07f-444e-9e54-d5fa4042290c}">
          <package>msdynce_AppCommonAnchor (9.0.24031.10002)</package>
        </Required>
        <Dependent type="60" displayName="ECER - Main" parentDisplayName="Program Applicaiton" id="{2aa6ed31-9820-43e8-b4be-06a1781e9e69}" />
      </MissingDependency>
      <MissingDependency>
        <Required type="59" schemaName="Phone Calls by Month Due" displayName="Phone Calls by Month Due" parentSchemaName="phonecall" parentDisplayName="Phone Call" solution="msdynce_AppCommon (9.0.4.0066)" id="{399945c7-d07f-444e-9e54-d5fa4042290c}">
          <package>msdynce_AppCommonAnchor (9.0.24031.10002)</package>
        </Required>
        <Dependent type="60" displayName="ECER - Main" parentDisplayName="Post Secondary Institute" id="{65faf12d-813a-4327-aa26-36cfa46bec76}" />
      </MissingDependency>
      <MissingDependency>
        <Required type="59" schemaName="Phone Calls by Month Due" displayName="Phone Calls by Month Due" parentSchemaName="phonecall" parentDisplayName="Phone Call" solution="msdynce_AppCommon (9.0.4.0066)" id="{399945c7-d07f-444e-9e54-d5fa4042290c}">
          <package>msdynce_AppCommonAnchor (9.0.24031.10002)</package>
        </Required>
        <Dependent type="60" displayName="ECER - Main" parentDisplayName="Investigation" id="{9d9ea95f-0b15-4d06-a59f-b92ee222b3e7}" />
      </MissingDependency>
      <MissingDependency>
        <Required type="59" schemaName="Top Customers" displayName="Top Customers" parentSchemaName="opportunity" parentDisplayName="Opportunity" solution="msdynce_Sales (9.0.4.0076)" id="{8bc5fb18-48f2-4782-9e16-3d452fa4ddce}">
          <package>msdynce_SalesAnchor (9.0.24031.10006)</package>
        </Required>
        <Dependent type="60" displayName="Account" parentDisplayName="Account" id="{8448b78f-8f42-454e-8e2a-f8196b0419af}" />
      </MissingDependency>
      <MissingDependency>
        <Required type="59" schemaName="Tasks by Month Due" displayName="Tasks by Month Due" parentSchemaName="task" parentDisplayName="Task" solution="msdynce_AppCommon (9.0.4.0066)" id="{9e6a8b06-6d14-46e6-bbf5-95c388c6eb7a}">
          <package>msdynce_AppCommonAnchor (9.0.24031.10002)</package>
        </Required>
        <Dependent type="60" displayName="ECER - Main" parentDisplayName="Application" id="{2420375a-7e39-4cbc-a810-8079c3f08eef}" />
      </MissingDependency>
      <MissingDependency>
        <Required type="59" schemaName="Tasks by Month Due" displayName="Tasks by Month Due" parentSchemaName="task" parentDisplayName="Task" solution="msdynce_AppCommon (9.0.4.0066)" id="{9e6a8b06-6d14-46e6-bbf5-95c388c6eb7a}">
          <package>msdynce_AppCommonAnchor (9.0.24031.10002)</package>
        </Required>
        <Dependent type="60" displayName="ECER - Main" parentDisplayName="Program Applicaiton" id="{2aa6ed31-9820-43e8-b4be-06a1781e9e69}" />
      </MissingDependency>
      <MissingDependency>
        <Required type="59" schemaName="Tasks by Month Due" displayName="Tasks by Month Due" parentSchemaName="task" parentDisplayName="Task" solution="msdynce_AppCommon (9.0.4.0066)" id="{9e6a8b06-6d14-46e6-bbf5-95c388c6eb7a}">
          <package>msdynce_AppCommonAnchor (9.0.24031.10002)</package>
        </Required>
        <Dependent type="60" displayName="Registry Submission Dashboard" id="{35be10f3-ea72-ee11-8179-000d3af4fa73}" />
      </MissingDependency>
      <MissingDependency>
        <Required type="59" schemaName="Tasks by Month Due" displayName="Tasks by Month Due" parentSchemaName="task" parentDisplayName="Task" solution="msdynce_AppCommon (9.0.4.0066)" id="{9e6a8b06-6d14-46e6-bbf5-95c388c6eb7a}">
          <package>msdynce_AppCommonAnchor (9.0.24031.10002)</package>
        </Required>
        <Dependent type="60" displayName="ECER - Main" parentDisplayName="Post Secondary Institute" id="{65faf12d-813a-4327-aa26-36cfa46bec76}" />
      </MissingDependency>
      <MissingDependency>
        <Required type="59" schemaName="Tasks by Month Due" displayName="Tasks by Month Due" parentSchemaName="task" parentDisplayName="Task" solution="msdynce_AppCommon (9.0.4.0066)" id="{9e6a8b06-6d14-46e6-bbf5-95c388c6eb7a}">
          <package>msdynce_AppCommonAnchor (9.0.24031.10002)</package>
        </Required>
        <Dependent type="60" displayName="ECER - Main" parentDisplayName="Investigation" id="{9d9ea95f-0b15-4d06-a59f-b92ee222b3e7}" />
      </MissingDependency>
      <MissingDependency>
        <Required type="60" displayName="Email" parentDisplayName="Email" solution="msdynce_Activities (9.0.1.2033)" id="{0d1e47ff-12b2-4f53-9090-bee951b98cb4}" />
        <Dependent type="60" displayName="Email" parentDisplayName="Email" id="{0d1e47ff-12b2-4f53-9090-bee951b98cb4}" />
      </MissingDependency>
      <MissingDependency>
        <Required type="60" displayName="Dialer customization - post call" parentDisplayName="Phone Call" solution="msdyn_teamsdialer (9.1.24012.10012)" id="{15ef9fa4-0a73-4a2d-94a2-45be45f22f75}">
          <package>msdynce_OfficeProductivityAnchor (9.0.24031.10003)</package>
        </Required>
        <Dependent type="60" displayName="Dialer customization - post call" parentDisplayName="Phone Call" id="{15ef9fa4-0a73-4a2d-94a2-45be45f22f75}" />
      </MissingDependency>
      <MissingDependency>
        <Required type="60" displayName="Task" parentDisplayName="Task" solution="msdynce_Activities (9.0.1.2033)" id="{16654191-19ad-48ca-9e46-c4b4fbdad76f}" />
        <Dependent type="60" displayName="Task" parentDisplayName="Task" id="{16654191-19ad-48ca-9e46-c4b4fbdad76f}" />
      </MissingDependency>
      <MissingDependency>
        <Required type="60" displayName="account contact card" parentDisplayName="Contact" solution="msdynce_AppCommon (9.0.4.0066)" id="{29de27bc-a257-4f29-99cf-bab4a84e688f}">
          <package>msdynce_AppCommonAnchor (9.0.24031.10002)</package>
        </Required>
        <Dependent type="60" displayName="Account" parentDisplayName="Account" id="{8448b78f-8f42-454e-8e2a-f8196b0419af}" />
      </MissingDependency>
      <MissingDependency>
        <Required type="60" displayName="account contact card" parentDisplayName="Contact" solution="msdynce_AppCommon (9.0.4.0066)" id="{29de27bc-a257-4f29-99cf-bab4a84e688f}">
          <package>msdynce_AppCommonAnchor (9.0.24031.10002)</package>
        </Required>
        <Dependent type="80" schemaName="ecer_MyECER" displayName="My ECER" />
      </MissingDependency>
      <MissingDependency>
        <Required type="60" displayName="Enhanced Email" parentDisplayName="Email" solution="msdynce_ActivitiesPatch (9.0.24024.240216001)" id="{63769d04-c74f-4808-b0aa-77339e1b9191}" />
        <Dependent type="60" displayName="Enhanced Email" parentDisplayName="Email" id="{63769d04-c74f-4808-b0aa-77339e1b9191}" />
      </MissingDependency>
      <MissingDependency>
        <Required type="60" displayName="Contact Quick Create" parentDisplayName="Contact" solution="msdynce_AppCommon (9.0.4.0066)" id="{661157fe-2fc9-4eaa-835f-5bfa2f7b64f7}">
          <package>msdynce_AppCommonAnchor (9.0.24031.10002)</package>
        </Required>
        <Dependent type="80" schemaName="ecer_Certifications" displayName="Certifications" />
      </MissingDependency>
      <MissingDependency>
        <Required type="60" displayName="Contact Quick Create" parentDisplayName="Contact" solution="msdynce_AppCommon (9.0.4.0066)" id="{661157fe-2fc9-4eaa-835f-5bfa2f7b64f7}">
          <package>msdynce_AppCommonAnchor (9.0.24031.10002)</package>
        </Required>
        <Dependent type="80" schemaName="ecer_MyECER" displayName="My ECER" />
      </MissingDependency>
      <MissingDependency>
        <Required type="60" displayName="contact card" parentDisplayName="Contact" solution="msdynce_AppCommon (9.0.4.0066)" id="{707fc57b-c5e6-471b-a180-e37ed28a38e2}">
          <package>msdynce_AppCommonAnchor (9.0.24031.10002)</package>
        </Required>
        <Dependent type="80" schemaName="ecer_MyECER" displayName="My ECER" />
      </MissingDependency>
      <MissingDependency>
        <Required type="60" displayName="Account" parentDisplayName="Account" solution="msdynce_AppCommon (9.0.4.0066)" id="{8448b78f-8f42-454e-8e2a-f8196b0419af}">
          <package>msdynce_AppCommonAnchor (9.0.24031.10002)</package>
        </Required>
        <Dependent type="60" displayName="Account" parentDisplayName="Account" id="{8448b78f-8f42-454e-8e2a-f8196b0419af}" />
      </MissingDependency>
      <MissingDependency>
        <Required type="60" displayName="Task quick create form." parentDisplayName="Task" solution="msdynce_Activities (9.0.1.2033)" id="{a1c8a6dc-8804-4019-9c78-7dbe86560ea1}" />
        <Dependent type="60" displayName="Task quick create form." parentDisplayName="Task" id="{a1c8a6dc-8804-4019-9c78-7dbe86560ea1}" />
      </MissingDependency>
      <MissingDependency>
        <Required type="60" displayName="Phone call quick create form." parentDisplayName="Phone Call" solution="msdynce_Activities (9.0.1.2033)" id="{a80fb36c-353f-4310-a4cb-b8fa47d58b9b}" />
        <Dependent type="60" displayName="Phone call quick create form." parentDisplayName="Phone Call" id="{a80fb36c-353f-4310-a4cb-b8fa47d58b9b}" />
      </MissingDependency>
      <MissingDependency>
        <Required type="60" displayName="Phone Call" parentDisplayName="Phone Call" solution="msdynce_Activities (9.0.1.2033)" id="{a91390a5-99bb-4d10-9eee-3a5c87f841f1}" />
        <Dependent type="60" displayName="Phone Call" parentDisplayName="Phone Call" id="{a91390a5-99bb-4d10-9eee-3a5c87f841f1}" />
      </MissingDependency>
      <MissingDependency>
        <Required type="60" displayName="Dialer customization - during call" parentDisplayName="Phone Call" solution="msdyn_teamsdialer (9.1.24012.10012)" id="{b23ae794-0175-4ffb-9ac6-ea6c54636496}">
          <package>msdynce_OfficeProductivityAnchor (9.0.24031.10003)</package>
        </Required>
        <Dependent type="60" displayName="Dialer customization - during call" parentDisplayName="Phone Call" id="{b23ae794-0175-4ffb-9ac6-ea6c54636496}" />
      </MissingDependency>
      <MissingDependency>
        <Required type="60" displayName="Contact Card form" parentDisplayName="Contact" solution="msdynce_AppCommon (9.0.4.0066)" id="{bc0f68dd-a4b1-4a8f-bed3-c8f5db2f89cf}">
          <package>msdynce_AppCommonAnchor (9.0.24031.10002)</package>
        </Required>
        <Dependent type="80" schemaName="ecer_Certifications" displayName="Certifications" />
      </MissingDependency>
      <MissingDependency>
        <Required type="60" displayName="Contact Quick Form" parentDisplayName="Contact" solution="msdynce_AppCommon (9.0.4.0066)" id="{bdb0ae1c-32fa-4374-b637-8dafe107bc44}">
          <package>msdynce_AppCommonAnchor (9.0.24031.10002)</package>
        </Required>
        <Dependent type="80" schemaName="ecer_MyECER" displayName="My ECER" />
      </MissingDependency>
      <MissingDependency>
        <Required type="60" displayName="Phone Call for Interactive experience" parentDisplayName="Phone Call" solution="msdynce_Activities (9.0.1.2033)" id="{cdc622ea-2a17-4cc3-9605-44564d56cea7}" />
        <Dependent type="60" displayName="Phone Call for Interactive experience" parentDisplayName="Phone Call" id="{cdc622ea-2a17-4cc3-9605-44564d56cea7}" />
      </MissingDependency>
      <MissingDependency>
        <Required type="60" displayName="Task for Interactive experience" parentDisplayName="Task" solution="msdynce_Activities (9.0.1.2033)" id="{d5b4a1b2-de4f-4f86-8768-b0730001e7d1}" />
        <Dependent type="60" displayName="Task for Interactive experience" parentDisplayName="Task" id="{d5b4a1b2-de4f-4f86-8768-b0730001e7d1}" />
      </MissingDependency>
      <MissingDependency>
        <Required type="60" displayName="Information" parentDisplayName="Document Url" solution="S3DocumentManagement (1.0.0.11)" id="{da1739bf-5abf-412c-98de-700309ec4c6f}" />
        <Dependent type="60" displayName="Information" parentDisplayName="Document Url" id="{da1739bf-5abf-412c-98de-700309ec4c6f}" />
      </MissingDependency>
      <MissingDependency>
        <Required type="60" displayName="Task card" parentDisplayName="Task" solution="msdyn_acceleratedsales (9.1.24031.10018)" id="{e9c378d3-27a7-43fe-8075-322dcd7ff380}">
          <package>msdyn_AcceleratedSalesAnchor (9.1.24031.10018)</package>
        </Required>
        <Dependent type="60" displayName="Task card" parentDisplayName="Task" id="{e9c378d3-27a7-43fe-8075-322dcd7ff380}" />
      </MissingDependency>
      <MissingDependency>
        <Required type="60" displayName="Phonecall card" parentDisplayName="Phone Call" solution="msdyn_acceleratedsales (9.1.24031.10018)" id="{fbefc534-019c-472b-96d1-c3514d056297}">
          <package>msdyn_AcceleratedSalesAnchor (9.1.24031.10018)</package>
        </Required>
        <Dependent type="60" displayName="Phonecall card" parentDisplayName="Phone Call" id="{fbefc534-019c-472b-96d1-c3514d056297}" />
      </MissingDependency>
      <MissingDependency>
        <Required type="61" schemaName="Activities/SystemLibraries/Email_main_system_library.js" displayName="Activities/SystemLibraries/Email_main_system_library.js" solution="msdynce_Activities (9.0.1.2033)" />
        <Dependent type="60" displayName="Email" parentDisplayName="Email" id="{0d1e47ff-12b2-4f53-9090-bee951b98cb4}" />
      </MissingDependency>
      <MissingDependency>
        <Required type="61" schemaName="Activities/SystemLibraries/Email_main_system_library.js" displayName="Activities/SystemLibraries/Email_main_system_library.js" solution="msdynce_Activities (9.0.1.2033)" />
        <Dependent type="60" displayName="Enhanced Email" parentDisplayName="Email" id="{63769d04-c74f-4808-b0aa-77339e1b9191}" />
      </MissingDependency>
      <MissingDependency>
        <Required type="61" schemaName="bcgov_/Scripts/DocumentUrl/OnLoad.js" displayName="bcgov_/Scripts/DocumentUrl/OnLoad.js" solution="S3DocumentManagement (1.0.0.11)" />
        <Dependent type="61" schemaName="bcgov_/Scripts/DocumentUrl/OnLoad.js" displayName="bcgov_/Scripts/DocumentUrl/OnLoad.js" />
      </MissingDependency>
      <MissingDependency>
        <Required type="61" schemaName="msdyn_/Account/AssetCommon.Account.Library.js" displayName="msdyn_/Account/AssetCommon.Account.Library.js" solution="msdyn_AssetCommon (1.0.26.9)">
          <package>msdynce_ServiceAnchor (9.0.24031.1014)</package>
        </Required>
        <Dependent type="60" displayName="Account" parentDisplayName="Account" id="{8448b78f-8f42-454e-8e2a-f8196b0419af}" />
      </MissingDependency>
      <MissingDependency>
        <Required type="61" schemaName="msdyn_/EnhancedEmailForm/Scripts/EnhancedEmail_form.js" displayName="msdyn_/EnhancedEmailForm/Scripts/EnhancedEmail_form.js" solution="EmailEngagementPatch_managed (9.0.3.367)">
          <package>msdynce_SalesInsightsAnchor (9.0.24031.10007)</package>
        </Required>
        <Dependent type="60" displayName="Enhanced Email" parentDisplayName="Email" id="{63769d04-c74f-4808-b0aa-77339e1b9191}" />
      </MissingDependency>
      <MissingDependency>
        <Required type="61" schemaName="msdyn_/FollowAttachments/Scripts/Email_Engagement_Attachments.js" displayName="msdyn_/FollowAttachments/Scripts/Email_Engagement_Attachments.js" solution="EmailEngagement (9.0.1.7018)">
          <package>msdynce_SalesInsightsAnchor (9.0.24031.10007)</package>
        </Required>
        <Dependent type="60" displayName="Email" parentDisplayName="Email" id="{0d1e47ff-12b2-4f53-9090-bee951b98cb4}" />
      </MissingDependency>
      <MissingDependency>
        <Required type="61" schemaName="msdyn_/Images/AppModule_Default_Icon.png" displayName="msdyn_/Images/AppModule_Default_Icon.png" solution="AppModuleWebResources (2.5)" />
        <Dependent type="80" schemaName="ecer_Certifications" displayName="Certifications" />
      </MissingDependency>
      <MissingDependency>
        <Required type="61" schemaName="msdyn_/Images/AppModule_Default_Icon.png" displayName="msdyn_/Images/AppModule_Default_Icon.png" solution="AppModuleWebResources (2.5)" />
        <Dependent type="80" schemaName="ecer_MyECER" displayName="My ECER" />
      </MissingDependency>
      <MissingDependency>
        <Required type="61" schemaName="msdyn_/Scripts/WhoKnowsWhomLoader.js" displayName="msdyn_/Scripts/WhoKnowsWhomLoader.js" solution="msdyn_connectiongraph (9.3.24031.2)">
          <package>msdynce_SalesInsightsAnchor (9.0.24031.10007)</package>
        </Required>
        <Dependent type="60" displayName="ECER Contact" parentDisplayName="Contact" id="{9f84d203-0b7d-ee11-8179-000d3af4fa73}" />
      </MissingDependency>
      <MissingDependency>
        <Required type="61" schemaName="msdyn_ci_activity_form" displayName="msdyn_ci_activity_form" solution="msdyn_Conversation_Intelligence (9.0.1.1181)">
          <package>msdyn_SalesConversationIntelligenceAnchor (9.0.1.1181)</package>
        </Required>
        <Dependent type="60" displayName="Phone Call" parentDisplayName="Phone Call" id="{a91390a5-99bb-4d10-9eee-3a5c87f841f1}" />
      </MissingDependency>
      <MissingDependency>
        <Required type="61" schemaName="msdyn_CopilotEmailAssist.js" displayName="msdyn_CopilotEmailAssist.js" solution="msdyn_CSIntelligence (9.1.24031.1012)">
          <package>msdyn_ServiceExtendedAnchor (9.0.24031.1008)</package>
        </Required>
        <Dependent type="60" displayName="Email" parentDisplayName="Email" id="{0d1e47ff-12b2-4f53-9090-bee951b98cb4}" />
      </MissingDependency>
      <MissingDependency>
        <Required type="61" schemaName="msdyn_SalesCopilot/Copilot.Library.js" displayName="msdyn_SalesCopilot/Copilot.Library.js" solution="msdyn_SalesCopilot (9.1.24032.10001)">
          <package>msdynce_SalesAnchor (9.0.24031.10006)</package>
        </Required>
        <Dependent type="60" displayName="Email" parentDisplayName="Email" id="{0d1e47ff-12b2-4f53-9090-bee951b98cb4}" />
      </MissingDependency>
      <MissingDependency>
        <Required type="61" schemaName="msdyn_SalesCopilot/Copilot.Library.js" displayName="msdyn_SalesCopilot/Copilot.Library.js" solution="msdyn_SalesCopilot (9.1.24032.10001)">
          <package>msdynce_SalesAnchor (9.0.24031.10006)</package>
        </Required>
        <Dependent type="60" displayName="Enhanced Email" parentDisplayName="Email" id="{63769d04-c74f-4808-b0aa-77339e1b9191}" />
      </MissingDependency>
      <MissingDependency>
        <Required type="61" schemaName="msdyn_SalesOmniChannel/SalesPhoneNumber.Library.js" displayName="msdyn_SalesOmniChannel/SalesPhoneNumber.Library.js" solution="msdyn_SalesOmniChannel (9.1.24031.10018)">
          <package>msdyn_AcceleratedSalesAnchor (9.1.24031.10018)</package>
        </Required>
        <Dependent type="60" displayName="Account" parentDisplayName="Account" id="{8448b78f-8f42-454e-8e2a-f8196b0419af}" />
      </MissingDependency>
      <MissingDependency>
        <Required type="61" schemaName="msdyn_SalesOmniChannel/SalesPhoneNumber.Library.js" displayName="msdyn_SalesOmniChannel/SalesPhoneNumber.Library.js" solution="msdyn_SalesOmniChannel (9.1.24031.10018)">
          <package>msdyn_AcceleratedSalesAnchor (9.1.24031.10018)</package>
        </Required>
        <Dependent type="60" displayName="ECER Contact" parentDisplayName="Contact" id="{9f84d203-0b7d-ee11-8179-000d3af4fa73}" />
      </MissingDependency>
      <MissingDependency>
        <Required type="61" schemaName="msdyn_talkingpointsloader.js" displayName="msdyn_talkingpointsloader.js" solution="msdynce_Talkingpoints (9.1.0.59)">
          <package>msdynce_SalesInsightsAnchor (9.0.24031.10007)</package>
        </Required>
        <Dependent type="60" displayName="ECER Contact" parentDisplayName="Contact" id="{9f84d203-0b7d-ee11-8179-000d3af4fa73}" />
      </MissingDependency>
      <MissingDependency>
        <Required type="61" schemaName="Sales/ClientCommon/Sales_ClientCommon.js" displayName="Sales/ClientCommon/Sales_ClientCommon.js" solution="msdynce_Sales (9.0.4.0076)">
          <package>msdynce_SalesAnchor (9.0.24031.10006)</package>
        </Required>
        <Dependent type="60" displayName="Account" parentDisplayName="Account" id="{8448b78f-8f42-454e-8e2a-f8196b0419af}" />
      </MissingDependency>
      <MissingDependency>
        <Required type="66" schemaName="CI.Controls.CallSummaryControlTwin" displayName="CI.Controls.CallSummaryControlTwin" solution="msdyn_Conversation_Intelligence (9.0.1.1181)">
          <package>msdyn_SalesConversationIntelligenceAnchor (9.0.1.1181)</package>
        </Required>
        <Dependent type="60" displayName="Phone Call" parentDisplayName="Phone Call" id="{a91390a5-99bb-4d10-9eee-3a5c87f841f1}" />
      </MissingDependency>
      <MissingDependency>
        <Required type="66" schemaName="Microsoft.AddressInputUCI" displayName="Microsoft.AddressInputUCI" solution="BaseCustomControlsCore (9.0.2403.2019)" />
        <Dependent type="60" displayName="Account" parentDisplayName="Account" id="{8448b78f-8f42-454e-8e2a-f8196b0419af}" />
      </MissingDependency>
      <MissingDependency>
        <Required type="66" schemaName="MscrmControls.CardFeedContainer.CardFeedContainer" displayName="MscrmControls.CardFeedContainer.CardFeedContainer" solution="BaseCustomControlsCore (9.0.2403.2019)" />
        <Dependent type="60" displayName="Account" parentDisplayName="Account" id="{8448b78f-8f42-454e-8e2a-f8196b0419af}" />
      </MissingDependency>
      <MissingDependency>
        <Required type="66" schemaName="MscrmControls.FieldControls.ToggleControl" displayName="MscrmControls.FieldControls.ToggleControl" solution="BaseCustomControlsCore (9.0.2403.2019)" />
        <Dependent type="60" displayName="ECER - Main" parentDisplayName="Application" id="{2420375a-7e39-4cbc-a810-8079c3f08eef}" />
      </MissingDependency>
      <MissingDependency>
        <Required type="66" schemaName="MscrmControls.FieldControls.ToggleControl" displayName="MscrmControls.FieldControls.ToggleControl" solution="BaseCustomControlsCore (9.0.2403.2019)" />
        <Dependent type="60" displayName="Information" parentDisplayName="Communication" id="{6f2f6a02-3be5-4aa8-a7f6-6a8625c3db3c}" />
      </MissingDependency>
      <MissingDependency>
        <Required type="66" schemaName="MscrmControls.FieldControls.ToggleControl" displayName="MscrmControls.FieldControls.ToggleControl" solution="BaseCustomControlsCore (9.0.2403.2019)" />
        <Dependent type="60" displayName="ECER Contact" parentDisplayName="Contact" id="{9f84d203-0b7d-ee11-8179-000d3af4fa73}" />
      </MissingDependency>
      <MissingDependency>
        <Required type="66" schemaName="MscrmControls.FieldControls.ToggleControl" displayName="MscrmControls.FieldControls.ToggleControl" solution="BaseCustomControlsCore (9.0.2403.2019)" />
        <Dependent type="60" displayName="Information" parentDisplayName="Education Transcript" id="{a29388d2-81d2-4890-8d2c-5926a7e7f7c5}" />
      </MissingDependency>
      <MissingDependency>
        <Required type="66" schemaName="MscrmControls.Grid.GridControl" displayName="MscrmControls.Grid.GridControl" solution="BaseCustomControlsCore (9.0.2403.2019)" />
        <Dependent type="60" displayName="ECER - Main" parentDisplayName="Application" id="{2420375a-7e39-4cbc-a810-8079c3f08eef}" />
      </MissingDependency>
      <MissingDependency>
        <Required type="66" schemaName="MscrmControls.Grid.GridControl" displayName="MscrmControls.Grid.GridControl" solution="BaseCustomControlsCore (9.0.2403.2019)" />
        <Dependent type="60" displayName="ECER Contact" parentDisplayName="Contact" id="{9f84d203-0b7d-ee11-8179-000d3af4fa73}" />
      </MissingDependency>
      <MissingDependency>
        <Required type="66" schemaName="MscrmControls.Grid.ReadOnlyGrid" displayName="MscrmControls.Grid.ReadOnlyGrid" solution="BaseCustomControlsCore (9.0.2403.2019)" />
        <Dependent type="60" displayName="Enhanced Email" parentDisplayName="Email" id="{63769d04-c74f-4808-b0aa-77339e1b9191}" />
      </MissingDependency>
      <MissingDependency>
        <Required type="66" schemaName="MscrmControls.OptionSet.OptionSetControl" displayName="MscrmControls.OptionSet.OptionSetControl" solution="CustomControlsCore (9.2.24032.00164)" />
        <Dependent type="60" displayName="ECER - Main" parentDisplayName="Application" id="{2420375a-7e39-4cbc-a810-8079c3f08eef}" />
      </MissingDependency>
      <MissingDependency>
        <Required type="66" schemaName="MscrmControls.OptionSet.OptionSetControl" displayName="MscrmControls.OptionSet.OptionSetControl" solution="CustomControlsCore (9.2.24032.00164)" />
        <Dependent type="60" displayName="ECER Contact" parentDisplayName="Contact" id="{9f84d203-0b7d-ee11-8179-000d3af4fa73}" />
      </MissingDependency>
      <MissingDependency>
        <Required type="66" schemaName="MscrmControls.RichTextEditor.RichTextEditorControl" displayName="MscrmControls.RichTextEditor.RichTextEditorControl" solution="msdyn_RichTextEditor (1.0.0.3241)" />
        <Dependent type="60" displayName="Email" parentDisplayName="Email" id="{0d1e47ff-12b2-4f53-9090-bee951b98cb4}" />
      </MissingDependency>
      <MissingDependency>
        <Required type="66" schemaName="MscrmControls.RichTextEditor.RichTextEditorControl" displayName="MscrmControls.RichTextEditor.RichTextEditorControl" solution="msdyn_RichTextEditor (1.0.0.3241)" />
        <Dependent type="60" displayName="Enhanced Email" parentDisplayName="Email" id="{63769d04-c74f-4808-b0aa-77339e1b9191}" />
      </MissingDependency>
      <MissingDependency>
        <Required type="66" schemaName="msdyn_MscrmControls.TreeView.TreeViewControl" displayName="msdyn_MscrmControls.TreeView.TreeViewControl" solution="msdyn_AssetCommon (1.0.26.9)">
          <package>msdynce_ServiceAnchor (9.0.24031.1014)</package>
        </Required>
        <Dependent type="60" displayName="Account" parentDisplayName="Account" id="{8448b78f-8f42-454e-8e2a-f8196b0419af}" />
      </MissingDependency>
      <MissingDependency>
        <Required type="66" schemaName="msdyn_SalesOmniChannel.SalesPhoneNumberControl" displayName="msdyn_SalesOmniChannel.SalesPhoneNumberControl" solution="msdyn_SalesOmniChannel (9.1.24031.10018)">
          <package>msdyn_AcceleratedSalesAnchor (9.1.24031.10018)</package>
        </Required>
        <Dependent type="60" displayName="Account" parentDisplayName="Account" id="{8448b78f-8f42-454e-8e2a-f8196b0419af}" />
      </MissingDependency>
      <MissingDependency>
        <Required type="SettingDefinition" displayName="AppChannel" solution="msdyn_AppFrameworkInfraExtensions (1.0.0.7)" id.uniquename="AppChannel" />
        <Dependent type="AppSetting" displayName="parentappmoduleid.uniquename=ecer_Certifications,settingdefinitionid.uniquename=AppChannel" id.parentappmoduleid.uniquename="ecer_Certifications" id.settingdefinitionid.uniquename="AppChannel" />
      </MissingDependency>
    </MissingDependencies>
  </SolutionManifest>
</ImportExportXml>