<ImportExportXml xmlns:xsi="http://www.w3.org/2001/XMLSchema-instance" OrganizationVersion="9.2.25044.174" OrganizationSchemaType="Full" CRMServerServiceabilityVersion="9.2.25044.00174">
  <Entities>
    <Entity>
      <Name LocalizedName="Contact" OriginalName="">Contact</Name>
      <EntityInfo>
        <entity Name="Contact">
          <LocalizedNames>
            <LocalizedName description="Contact" languagecode="1033" />
          </LocalizedNames>
          <LocalizedCollectionNames>
            <LocalizedCollectionName description="Contacts" languagecode="1033" />
          </LocalizedCollectionNames>
          <Descriptions>
            <Description description="Person with whom a business unit has a relationship, such as customer, supplier, and colleague." languagecode="1033" />
          </Descriptions>
          <attributes />
          <EntitySetName>contacts</EntitySetName>
          <IsDuplicateCheckSupported>1</IsDuplicateCheckSupported>
          <IsBusinessProcessEnabled>1</IsBusinessProcessEnabled>
          <IsRequiredOffline>0</IsRequiredOffline>
          <IsInteractionCentricEnabled>1</IsInteractionCentricEnabled>
          <IsCollaboration>0</IsCollaboration>
          <AutoRouteToOwnerQueue>0</AutoRouteToOwnerQueue>
          <IsConnectionsEnabled>1</IsConnectionsEnabled>
          <EntityColor>#005088</EntityColor>
          <IsDocumentManagementEnabled>0</IsDocumentManagementEnabled>
          <AutoCreateAccessTeams>0</AutoCreateAccessTeams>
          <IsOneNoteIntegrationEnabled>0</IsOneNoteIntegrationEnabled>
          <IsKnowledgeManagementEnabled>0</IsKnowledgeManagementEnabled>
          <IsSLAEnabled>0</IsSLAEnabled>
          <IsDocumentRecommendationsEnabled>0</IsDocumentRecommendationsEnabled>
          <IsBPFEntity>0</IsBPFEntity>
          <OwnershipTypeMask>UserOwned</OwnershipTypeMask>
          <EntityMask>ActivityPointer</EntityMask>
          <IsAuditEnabled>1</IsAuditEnabled>
          <IsRetrieveAuditEnabled>0</IsRetrieveAuditEnabled>
          <IsRetrieveMultipleAuditEnabled>0</IsRetrieveMultipleAuditEnabled>
          <IsActivity>0</IsActivity>
          <ActivityTypeMask></ActivityTypeMask>
          <IsActivityParty>1</IsActivityParty>
          <IsReplicated>1</IsReplicated>
          <IsReplicationUserFiltered>1</IsReplicationUserFiltered>
          <IsMailMergeEnabled>1</IsMailMergeEnabled>
          <IsVisibleInMobile>1</IsVisibleInMobile>
          <IsVisibleInMobileClient>1</IsVisibleInMobileClient>
          <IsReadOnlyInMobileClient>0</IsReadOnlyInMobileClient>
          <IsOfflineInMobileClient>1</IsOfflineInMobileClient>
          <DaysSinceRecordLastModified>10</DaysSinceRecordLastModified>
          <MobileOfflineFilters>
		&lt;fetch version="1.0" output-format="xml-platform" mapping="logical" distinct="false"&gt;
			&lt;entity name="contact"&gt;
				&lt;filter type="and"&gt;
					&lt;condition attribute="modifiedon" operator="last-x-days" value="10"/&gt;
				&lt;/filter&gt;
			&lt;/entity&gt;
		&lt;/fetch&gt;
		</MobileOfflineFilters>
          <IsMapiGridEnabled>1</IsMapiGridEnabled>
          <IsReadingPaneEnabled>1</IsReadingPaneEnabled>
          <IsQuickCreateEnabled>1</IsQuickCreateEnabled>
          <SyncToExternalSearchIndex>1</SyncToExternalSearchIndex>
          <IntroducedVersion>5.0.0.0</IntroducedVersion>
          <EnforceStateTransitions>0</EnforceStateTransitions>
          <EntityHelpUrlEnabled>0</EntityHelpUrlEnabled>
          <EntityHelpUrl></EntityHelpUrl>
          <ChangeTrackingEnabled>1</ChangeTrackingEnabled>
          <IsEnabledForExternalChannels>1</IsEnabledForExternalChannels>
          <IsMSTeamsIntegrationEnabled>0</IsMSTeamsIntegrationEnabled>
          <IsSolutionAware>0</IsSolutionAware>
          <HasRelatedNotes>True</HasRelatedNotes>
          <HasRelatedFeedback>True</HasRelatedFeedback>
          <HasRelatedActivities>True</HasRelatedActivities>
        </entity>
      </EntityInfo>
      <SavedQueries>
        <savedqueries>
          <savedquery>
            <IsCustomizable>1</IsCustomizable>
            <CanBeDeleted>1</CanBeDeleted>
            <isquickfindquery>0</isquickfindquery>
            <isprivate>0</isprivate>
            <isdefault>0</isdefault>
            <savedqueryid>{07e5ff9e-f8d0-ee11-904d-000d3af4f18a}</savedqueryid>
            <layoutxml>
              <grid name="resultset" jump="fullname" select="1" icon="1" preview="1">
                <row name="result" id="contactid">
                  <cell name="fullname" width="238" />
                  <cell name="ecer_clientid" width="100" />
                  <cell name="emailaddress1" width="150" />
                  <cell name="telephone1" width="178" />
                  <cell name="birthdate" width="130" />
                  <cell name="ecer_isverified" width="100" />
                  <cell name="statecode" width="100" />
                </row>
              </grid>
            </layoutxml>
            <querytype>0</querytype>
            <fetchxml>
              <fetch version="1.0" output-format="xml-platform" mapping="logical" distinct="false">
                <entity name="contact">
                  <attribute name="fullname" />
                  <attribute name="emailaddress1" />
                  <attribute name="telephone1" />
                  <attribute name="birthdate" />
                  <attribute name="ecer_isverified" />
                  <attribute name="statecode" />
                  <attribute name="ecer_clientid" />
                  <attribute name="contactid" />
                  <link-entity name="ecer_certificate" alias="ab" link-type="inner" from="ecer_registrantid" to="contactid">
                    <filter type="and">
                      <condition attribute="ecer_ineligiblereference" operator="eq" value="621870000" />
                      <condition attribute="statecode" operator="eq" value="0" />
                    </filter>
                  </link-entity>
                </entity>
              </fetch>
            </fetchxml>
            <IntroducedVersion>1.0.0.5</IntroducedVersion>
            <LocalizedNames>
              <LocalizedName description="Ineligible Contacts" languagecode="1033" />
            </LocalizedNames>
          </savedquery>
        </savedqueries>
      </SavedQueries>
      <RibbonDiffXml>
        <CustomActions>
          <CustomAction Id="ecer.contact.GenerateRejectMsg.Button.CustomAction" Location="Mscrm.Form.contact.MainTab.Save.Controls._children" Sequence="51">
            <CommandUIDefinition>
              <Button Command="ecer.contact.GenerateRejectMsg.Command" Id="ecer.contact.GenerateRejectMsg.Button" LabelText="$LocLabels:ecer.contact.GenerateRejectMsg.Button.LabelText" Sequence="51" TemplateAlias="o1" ToolTipTitle="$LocLabels:ecer.contact.GenerateRejectMsg.Button.ToolTipTitle" ToolTipDescription="$LocLabels:ecer.contact.GenerateRejectMsg.Button.ToolTipDescription" ModernImage="$webresource:bcgov_/Icons/DocumentUrl/SendEmail.svg" />
            </CommandUIDefinition>
          </CustomAction>
          <CustomAction Id="ecer.contact.NameandDOB.Button.CustomAction" Location="Mscrm.Form.contact.MainTab.Save.Controls._children" Sequence="49">
            <CommandUIDefinition>
              <Button Alt="$LocLabels:ecer.contact.NameandDOB.Button.Alt" Command="ecer.contact.NameandDOB.Command" Id="ecer.contact.NameandDOB.Button" LabelText="$LocLabels:ecer.contact.NameandDOB.Button.LabelText" Sequence="49" TemplateAlias="o1" ToolTipTitle="$LocLabels:ecer.contact.NameandDOB.Button.ToolTipTitle" ToolTipDescription="$LocLabels:ecer.contact.NameandDOB.Button.ToolTipDescription" ModernImage="$webresource:ecer_search.svg" />
            </CommandUIDefinition>
          </CustomAction>
          <CustomAction Id="ecer.contact.TempClientID.Button.CustomAction" Location="Mscrm.Form.contact.MainTab.Save.Controls._children" Sequence="47">
            <CommandUIDefinition>
              <Button Alt="$LocLabels:ecer.contact.TempClientID.Button.Alt" Command="ecer.contact.TempID.Command" Id="ecer.contact.TempClientID.Button" LabelText="$LocLabels:ecer.contact.TempClientID.Button.LabelText" Sequence="47" TemplateAlias="o1" ToolTipTitle="$LocLabels:ecer.contact.TempClientID.Button.ToolTipTitle" ToolTipDescription="$LocLabels:ecer.contact.TempClientID.Button.ToolTipDescription" ModernImage="$webresource:ecer_search.svg" />
            </CommandUIDefinition>
          </CustomAction>
          <HideCustomAction HideActionId="ecer.Mscrm.SubGrid.contact.QuickCampaign.Hide" Location="Mscrm.SubGrid.contact.QuickCampaign" />
          <HideCustomAction HideActionId="ecer.Mscrm.SubGrid.contact.RunReport.Hide" Location="Mscrm.SubGrid.contact.RunReport" />
        </CustomActions>
        <Templates>
          <RibbonTemplates Id="Mscrm.Templates"></RibbonTemplates>
        </Templates>
        <CommandDefinitions>
          <CommandDefinition Id="ecer.contact.GenerateRejectMsg.Command">
            <EnableRules />
            <DisplayRules>
              <DisplayRule Id="ecer.contact.IDVerificationDecisionRejected" />
            </DisplayRules>
            <Actions>
              <JavaScriptFunction FunctionName="ECER.Jscripts.Contact.onGenerateCommunicationOnIDRejectButton" Library="$webresource:ecer_contact.js" />
            </Actions>
          </CommandDefinition>
          <CommandDefinition Id="ecer.contact.NameandDOB.Command">
            <EnableRules />
            <DisplayRules>
              <DisplayRule Id="ecer.contact.Statuscode.DisplayRule" />
            </DisplayRules>
            <Actions>
              <JavaScriptFunction FunctionName="ECER.Jscripts.Contact.OnsearchName" Library="$webresource:ecer_contact.js" />
            </Actions>
          </CommandDefinition>
          <CommandDefinition Id="ecer.contact.TempID.Command">
            <EnableRules />
            <DisplayRules>
              <DisplayRule Id="ecer.contact.Statuscode.DisplayRule" />
            </DisplayRules>
            <Actions>
              <JavaScriptFunction FunctionName="ECER.Jscripts.Contact.onTempClientIDSearchButton" Library="$webresource:ecer_contact.js" />
            </Actions>
          </CommandDefinition>
          <CommandDefinition Id="Mscrm.Form.Flows.ManageRunFlow">
            <EnableRules>
              <EnableRule Id="Mscrm.IsMicrosoftFlowIntegrationEnabled" />
              <EnableRule Id="Mscrm.DisplayFlowSingleMenu" />
              <EnableRule Id="Mscrm.AnySelection" />
            </EnableRules>
            <DisplayRules>
              <DisplayRule Id="Mscrm.MicrosoftFlows" />
              <DisplayRule Id="Mscrm.HideOnOutlookClient" />
              <DisplayRule Id="ecer.contact.HideIFCharacterReferenceEntity.DisplayRule" />
            </DisplayRules>
            <Actions />
          </CommandDefinition>
          <CommandDefinition Id="Mscrm.NewRecordFromGrid">
            <EnableRules>
              <EnableRule Id="Mscrm.IsValidForHierarchyView" />
              <EnableRule Id="Mscrm.IsValidForHierarchyPageInUC" />
              <EnableRule Id="Mscrm.IsEntityAvailableForUserInMocaOffline" />
              <EnableRule Id="Mscrm.PrimaryIsNotActivityHomePageGrid" />
            </EnableRules>
            <DisplayRules>
              <DisplayRule Id="Mscrm.CreateSelectedEntityPermission" />
              <DisplayRule Id="Mscrm.ShowForNonRelationshipBoundGrids" />
              <DisplayRule Id="Mscrm.HideNewForChildEntities" />
              <DisplayRule Id="Mscrm.HideAddressEntities" />
              <DisplayRule Id="Mscrm.NotOnMarketingList" />
              <DisplayRule Id="ecer.contact.HideIFCharacterReferenceEntity.DisplayRule" />
            </DisplayRules>
            <Actions>
              <JavaScriptFunction FunctionName="XrmCore.Commands.Open.openNewRecord" Library="$webresource:Main_system_library.js">
                <CrmParameter Value="SelectedEntityTypeName" />
                <CrmParameter Value="SelectedControl" />
              </JavaScriptFunction>
            </Actions>
          </CommandDefinition>
        </CommandDefinitions>
        <RuleDefinitions>
          <TabDisplayRules />
          <DisplayRules>
            <DisplayRule Id="ecer.contact.HideIFCharacterReferenceEntity.DisplayRule">
              <FormEntityContextRule EntityName="ecer_characterreference" Default="true" InvertResult="true" />
            </DisplayRule>
            <DisplayRule Id="ecer.contact.IDVerificationDecisionRejected">
              <ValueRule Field="ecer_idverificationdecision" Value="621870001" Default="false" InvertResult="false" />
            </DisplayRule>
            <DisplayRule Id="ecer.contact.Statuscode.DisplayRule">
              <ValueRule Field="statuscode" Value="621870001" Default="true" InvertResult="false" />
            </DisplayRule>
            <DisplayRule Id="Mscrm.CreateSelectedEntityPermission">
              <EntityPrivilegeRule PrivilegeType="Create" PrivilegeDepth="Basic" AppliesTo="SelectedEntity" />
            </DisplayRule>
            <DisplayRule Id="Mscrm.HideAddressEntities">
              <EntityRule EntityName="customeraddress" AppliesTo="SelectedEntity" Default="false" InvertResult="true" />
            </DisplayRule>
            <DisplayRule Id="Mscrm.HideNewForChildEntities">
              <EntityPropertyRule AppliesTo="SelectedEntity" PropertyName="IsChildEntity" PropertyValue="false" />
            </DisplayRule>
            <DisplayRule Id="Mscrm.HideOnOutlookClient">
              <CrmClientTypeRule Type="Outlook" InvertResult="true" />
            </DisplayRule>
            <DisplayRule Id="Mscrm.MicrosoftFlows">
              <MiscellaneousPrivilegeRule PrivilegeName="Flow" />
            </DisplayRule>
            <DisplayRule Id="Mscrm.NotOnMarketingList">
              <FormEntityContextRule EntityName="list" Default="false" InvertResult="true" />
            </DisplayRule>
            <DisplayRule Id="Mscrm.ShowForNonRelationshipBoundGrids">
              <RelationshipTypeRule AppliesTo="SelectedEntity" RelationshipType="NoRelationship" />
            </DisplayRule>
          </DisplayRules>
          <EnableRules>
            <EnableRule Id="Mscrm.AnySelection">
              <SelectionCountRule AppliesTo="SelectedEntity" />
            </EnableRule>
            <EnableRule Id="Mscrm.DisplayFlowSingleMenu">
              <CustomRule FunctionName="XrmCore.Commands.Flows.displayFlowSingleMenu" Library="$webresource:Main_system_library.js" />
            </EnableRule>
            <EnableRule Id="Mscrm.IsEntityAvailableForUserInMocaOffline">
              <CustomRule FunctionName="XrmCore.Rules.Online.IsEntityAvailableForUserInMocaOffline" Library="$webresource:Main_system_library.js">
                <CrmParameter Value="SelectedEntityTypeName" />
              </CustomRule>
            </EnableRule>
            <EnableRule Id="Mscrm.IsMicrosoftFlowIntegrationEnabled">
              <CustomRule FunctionName="XrmCore.Commands.Flows.isMicrosoftFlowEnabled" Library="$webresource:Main_system_library.js" />
            </EnableRule>
            <EnableRule Id="Mscrm.IsValidForHierarchyPageInUC">
              <CustomRule FunctionName="XrmCore.Rules.HierarchyView.isValidForHierarchyPageInUC" Library="$webresource:Main_system_library.js" />
            </EnableRule>
            <EnableRule Id="Mscrm.IsValidForHierarchyView">
              <CustomRule FunctionName="XrmCore.Rules.HierarchyView.isValidForHierarchyView" Library="$webresource:Main_system_library.js" />
            </EnableRule>
            <EnableRule Id="Mscrm.PrimaryIsNotActivityHomePageGrid">
              <CustomRule FunctionName="XrmCore.Rules.Enabled.PrimaryIsNotActivityHomePageGrid" Library="$webresource:Main_system_library.js">
                <CrmParameter Value="SelectedEntityTypeName" />
                <CrmParameter Value="SelectedControl" />
              </CustomRule>
            </EnableRule>
          </EnableRules>
        </RuleDefinitions>
        <LocLabels>
          <LocLabel Id="ecer.contact.GenerateRejectMsg.Button.LabelText">
            <Titles>
              <Title description="Generate Reject ID Message" languagecode="1033" />
            </Titles>
          </LocLabel>
          <LocLabel Id="ecer.contact.GenerateRejectMsg.Button.ToolTipDescription">
            <Titles>
              <Title description="Generate Communication on ribbon button click, if ID Verification Decision is rejected" languagecode="1033" />
            </Titles>
          </LocLabel>
          <LocLabel Id="ecer.contact.GenerateRejectMsg.Button.ToolTipTitle">
            <Titles>
              <Title description="Generate Communication for ID Verification Rejected" languagecode="1033" />
            </Titles>
          </LocLabel>
          <LocLabel Id="ecer.contact.NameandDOB.Button.Alt">
            <Titles>
              <Title description="Search by  First Name, Last Name, DOB" languagecode="1033" />
            </Titles>
          </LocLabel>
          <LocLabel Id="ecer.contact.NameandDOB.Button.LabelText">
            <Titles>
              <Title description="Search by  First Name, Last Name, DOB" languagecode="1033" />
            </Titles>
          </LocLabel>
          <LocLabel Id="ecer.contact.NameandDOB.Button.ToolTipDescription">
            <Titles>
              <Title description="Search for duplicate contacts based on Contact's First Name, Last Name, DOB" languagecode="1033" />
            </Titles>
          </LocLabel>
          <LocLabel Id="ecer.contact.NameandDOB.Button.ToolTipTitle">
            <Titles>
              <Title description="Search for Contact First Name, Last Name, DOB" languagecode="1033" />
            </Titles>
          </LocLabel>
          <LocLabel Id="ecer.contact.TempClientID.Button.Alt">
            <Titles>
              <Title description="Search By Temp Client ID" languagecode="1033" />
            </Titles>
          </LocLabel>
          <LocLabel Id="ecer.contact.TempClientID.Button.LabelText">
            <Titles>
              <Title description="Search By Temp Client ID" languagecode="1033" />
            </Titles>
          </LocLabel>
          <LocLabel Id="ecer.contact.TempClientID.Button.ToolTipDescription">
            <Titles>
              <Title description="Search for duplicate contacts based on Temp Client ID" languagecode="1033" />
            </Titles>
          </LocLabel>
          <LocLabel Id="ecer.contact.TempClientID.Button.ToolTipTitle">
            <Titles>
              <Title description="Search on contacts based on Temp Client ID" languagecode="1033" />
            </Titles>
          </LocLabel>
        </LocLabels>
      </RibbonDiffXml>
    </Entity>
  </Entities>
  <Roles></Roles>
  <Workflows></Workflows>
  <FieldSecurityProfiles></FieldSecurityProfiles>
  <Templates />
  <EntityMaps />
  <EntityRelationships />
  <OrganizationSettings />
  <optionsets />
  <WebResources>
    <WebResource>
      <WebResourceId>{06b031f0-6c56-ef11-bfe2-6045bdf9a93e}</WebResourceId>
      <Name>ecer_certificate.js</Name>
      <DisplayName>ecer_certificate.js</DisplayName>
      <LanguageCode>0</LanguageCode>
      <WebResourceType>3</WebResourceType>
      <IntroducedVersion>1.0.0.53</IntroducedVersion>
      <IsEnabledForMobileClient>0</IsEnabledForMobileClient>
      <IsAvailableForMobileOffline>0</IsAvailableForMobileOffline>
      <DependencyXml>&lt;Dependencies&gt;&lt;Dependency componentType="WebResource"/&gt;&lt;/Dependencies&gt;</DependencyXml>
      <IsCustomizable>1</IsCustomizable>
      <CanBeDeleted>1</CanBeDeleted>
      <IsHidden>0</IsHidden>
      <FileName>/WebResources/ecer_certificatejs06B031F0-6C56-EF11-BFE2-6045BDF9A93E</FileName>
    </WebResource>
  </WebResources>
  <CustomControls />
  <EntityDataProviders />
  <Languages>
    <Language>1033</Language>
  </Languages>
</ImportExportXml>