<ImportExportXml version="9.2.25112.150" SolutionPackageVersion="9.2" languagecode="1033" generatedBy="CrmLive" xmlns:xsi="http://www.w3.org/2001/XMLSchema-instance" OrganizationVersion="9.2.25112.150" OrganizationSchemaType="Full" CRMServerServiceabilityVersion="9.2.25112.00150">
  <SolutionManifest>
    <UniqueName>ECER4945</UniqueName>
    <LocalizedNames>
      <LocalizedName description="ECER-4945" languagecode="1033" />
    </LocalizedNames>
    <Descriptions />
    <Version>1.3.6.1</Version>
    <Managed>1</Managed>
    <Publisher>
      <UniqueName>ecer</UniqueName>
      <LocalizedNames>
        <LocalizedName description="ECER" languagecode="1033" />
      </LocalizedNames>
      <Descriptions>
        <Description description="publisher for all customization for ECER Dynamics instance" languagecode="1033" />
      </Descriptions>
      <EMailAddress xsi:nil="true"></EMailAddress>
      <SupportingWebsiteUrl xsi:nil="true"></SupportingWebsiteUrl>
      <CustomizationPrefix>ecer</CustomizationPrefix>
      <CustomizationOptionValuePrefix>62187</CustomizationOptionValuePrefix>
      <Addresses>
        <Address>
          <AddressNumber>1</AddressNumber>
          <AddressTypeCode>1</AddressTypeCode>
          <City xsi:nil="true"></City>
          <County xsi:nil="true"></County>
          <Country xsi:nil="true"></Country>
          <Fax xsi:nil="true"></Fax>
          <FreightTermsCode xsi:nil="true"></FreightTermsCode>
          <ImportSequenceNumber xsi:nil="true"></ImportSequenceNumber>
          <Latitude xsi:nil="true"></Latitude>
          <Line1 xsi:nil="true"></Line1>
          <Line2 xsi:nil="true"></Line2>
          <Line3 xsi:nil="true"></Line3>
          <Longitude xsi:nil="true"></Longitude>
          <Name xsi:nil="true"></Name>
          <PostalCode xsi:nil="true"></PostalCode>
          <PostOfficeBox xsi:nil="true"></PostOfficeBox>
          <PrimaryContactName xsi:nil="true"></PrimaryContactName>
          <ShippingMethodCode>1</ShippingMethodCode>
          <StateOrProvince xsi:nil="true"></StateOrProvince>
          <Telephone1 xsi:nil="true"></Telephone1>
          <Telephone2 xsi:nil="true"></Telephone2>
          <Telephone3 xsi:nil="true"></Telephone3>
          <TimeZoneRuleVersionNumber xsi:nil="true"></TimeZoneRuleVersionNumber>
          <UPSZone xsi:nil="true"></UPSZone>
          <UTCOffset xsi:nil="true"></UTCOffset>
          <UTCConversionTimeZoneCode xsi:nil="true"></UTCConversionTimeZoneCode>
        </Address>
        <Address>
          <AddressNumber>2</AddressNumber>
          <AddressTypeCode>1</AddressTypeCode>
          <City xsi:nil="true"></City>
          <County xsi:nil="true"></County>
          <Country xsi:nil="true"></Country>
          <Fax xsi:nil="true"></Fax>
          <FreightTermsCode xsi:nil="true"></FreightTermsCode>
          <ImportSequenceNumber xsi:nil="true"></ImportSequenceNumber>
          <Latitude xsi:nil="true"></Latitude>
          <Line1 xsi:nil="true"></Line1>
          <Line2 xsi:nil="true"></Line2>
          <Line3 xsi:nil="true"></Line3>
          <Longitude xsi:nil="true"></Longitude>
          <Name xsi:nil="true"></Name>
          <PostalCode xsi:nil="true"></PostalCode>
          <PostOfficeBox xsi:nil="true"></PostOfficeBox>
          <PrimaryContactName xsi:nil="true"></PrimaryContactName>
          <ShippingMethodCode>1</ShippingMethodCode>
          <StateOrProvince xsi:nil="true"></StateOrProvince>
          <Telephone1 xsi:nil="true"></Telephone1>
          <Telephone2 xsi:nil="true"></Telephone2>
          <Telephone3 xsi:nil="true"></Telephone3>
          <TimeZoneRuleVersionNumber xsi:nil="true"></TimeZoneRuleVersionNumber>
          <UPSZone xsi:nil="true"></UPSZone>
          <UTCOffset xsi:nil="true"></UTCOffset>
          <UTCConversionTimeZoneCode xsi:nil="true"></UTCConversionTimeZoneCode>
        </Address>
      </Addresses>
    </Publisher>
    <RootComponents>
      <RootComponent type="1" schemaName="ecer_application" behavior="2" />
      <RootComponent type="1" schemaName="ecer_certificationcomparison" behavior="2" />
      <RootComponent type="1" schemaName="ecer_province" behavior="0" />
      <RootComponent type="29" id="{90706a16-62c7-f011-8544-7c1e5253186d}" behavior="0" />
    </RootComponents>
    <MissingDependencies>
      <MissingDependency>
        <Required type="1" schemaName="bcgov_documenturl" displayName="Document Url" solution="S3DocumentManagement (1.0.0.11)" />
        <Dependent type="60" displayName="ECER - Application Main Form" parentDisplayName="Application" id="{2420375a-7e39-4cbc-a810-8079c3f08eef}" />
      </MissingDependency>
      <MissingDependency>
        <Required type="1" schemaName="ecer_application" displayName="Application" solution="Active" />
        <Dependent type="1" schemaName="ecer_application" displayName="Application" />
      </MissingDependency>
      <MissingDependency>
        <Required type="1" schemaName="ecer_applicationassessment" displayName="Application Assessment" solution="Active" />
        <Dependent type="60" displayName="ECER - Application Main Form" parentDisplayName="Application" id="{2420375a-7e39-4cbc-a810-8079c3f08eef}" />
      </MissingDependency>
      <MissingDependency>
        <Required type="1" schemaName="ecer_certificationcomparison" displayName="Certification Comparison" solution="Active" />
        <Dependent type="1" schemaName="ecer_certificationcomparison" displayName="Certification Comparison" />
      </MissingDependency>
      <MissingDependency>
        <Required type="1" schemaName="ecer_characterreference" displayName="Character Reference" solution="Active" />
        <Dependent type="1" schemaName="ecer_province" displayName="Province" />
      </MissingDependency>
      <MissingDependency>
        <Required type="1" schemaName="ecer_characterreference" displayName="Character Reference" solution="Active" />
        <Dependent type="60" displayName="ECER - Application Main Form" parentDisplayName="Application" id="{2420375a-7e39-4cbc-a810-8079c3f08eef}" />
      </MissingDependency>
      <MissingDependency>
        <Required type="1" schemaName="ecer_city" displayName="City" solution="Active" />
        <Dependent type="1" schemaName="ecer_province" displayName="Province" />
      </MissingDependency>
      <MissingDependency>
        <Required type="1" schemaName="ecer_comment" displayName="Decision Comment" solution="Active" />
        <Dependent type="60" displayName="ECER - Application Main Form" parentDisplayName="Application" id="{2420375a-7e39-4cbc-a810-8079c3f08eef}" />
      </MissingDependency>
      <MissingDependency>
        <Required type="1" schemaName="ecer_communication" displayName="Communication" solution="Active" />
        <Dependent type="60" displayName="ECER - Application Main Form" parentDisplayName="Application" id="{2420375a-7e39-4cbc-a810-8079c3f08eef}" />
      </MissingDependency>
      <MissingDependency>
        <Required type="1" schemaName="ecer_investigationparallelprocesscommunication" displayName="Investigation Parallel Process Communication" solution="Active" />
        <Dependent type="60" displayName="ECER - Application Main Form" parentDisplayName="Application" id="{2420375a-7e39-4cbc-a810-8079c3f08eef}" />
      </MissingDependency>
      <MissingDependency>
        <Required type="1" schemaName="ecer_outofprovincecertificationtype" displayName="Out of Province Certification Type" solution="Active" />
        <Dependent type="1" schemaName="ecer_province" displayName="Province" />
      </MissingDependency>
      <MissingDependency>
        <Required type="1" schemaName="ecer_outofprovincecertificationtype" displayName="Out of Province Certification Type" solution="Active" />
        <Dependent type="29" displayName="ECER - WF - Update Province on Transferring Cert" id="{90706a16-62c7-f011-8544-7c1e5253186d}" />
      </MissingDependency>
      <MissingDependency>
        <Required type="1" schemaName="ecer_postsecondaryinstitute" displayName="Educational Institution" solution="Active" />
        <Dependent type="1" schemaName="ecer_province" displayName="Province" />
      </MissingDependency>
      <MissingDependency>
        <Required type="1" schemaName="ecer_postsecondaryinstitutecampus" displayName="Campus" solution="Active" />
        <Dependent type="1" schemaName="ecer_province" displayName="Province" />
      </MissingDependency>
      <MissingDependency>
        <Required type="1" schemaName="ecer_professionaldevelopment" displayName="Professional Development" solution="Active" />
        <Dependent type="60" displayName="ECER - Application Main Form" parentDisplayName="Application" id="{2420375a-7e39-4cbc-a810-8079c3f08eef}" />
      </MissingDependency>
      <MissingDependency>
        <Required type="1" schemaName="ecer_pspreferral" displayName="PSP Referral" solution="Active" />
        <Dependent type="60" displayName="ECER - Application Main Form" parentDisplayName="Application" id="{2420375a-7e39-4cbc-a810-8079c3f08eef}" />
      </MissingDependency>
      <MissingDependency>
        <Required type="1" schemaName="ecer_transcript" displayName="Education Transcript" solution="Active" />
        <Dependent type="1" schemaName="ecer_province" displayName="Province" />
      </MissingDependency>
      <MissingDependency>
        <Required type="1" schemaName="ecer_transcript" displayName="Education Transcript" solution="Active" />
        <Dependent type="60" displayName="ECER - Application Main Form" parentDisplayName="Application" id="{2420375a-7e39-4cbc-a810-8079c3f08eef}" />
      </MissingDependency>
      <MissingDependency>
        <Required type="1" schemaName="ecer_workexperienceref" displayName="Work Experience Reference" solution="Active" />
        <Dependent type="1" schemaName="ecer_province" displayName="Province" />
      </MissingDependency>
      <MissingDependency>
        <Required type="1" schemaName="ecer_workexperienceref" displayName="Work Experience Reference" solution="Active" />
        <Dependent type="60" displayName="ECER - Application Main Form" parentDisplayName="Application" id="{2420375a-7e39-4cbc-a810-8079c3f08eef}" />
      </MissingDependency>
      <MissingDependency>
        <Required type="10" schemaName="ecer_application_Applicantid_contact" displayName="ecer_application_Applicantid_contact" parentSchemaName="contact" parentDisplayName="Contact" solution="Active" />
        <Dependent type="60" displayName="ECER - Application Main Form" parentDisplayName="Application" id="{2420375a-7e39-4cbc-a810-8079c3f08eef}" />
      </MissingDependency>
      <MissingDependency>
        <Required type="10" schemaName="ecer_certificate_Registrantid" displayName="ecer_certificate_Registrantid" parentSchemaName="contact" parentDisplayName="Contact" solution="Active" />
        <Dependent type="60" displayName="ECER - Application Main Form" parentDisplayName="Application" id="{2420375a-7e39-4cbc-a810-8079c3f08eef}" />
      </MissingDependency>
      <MissingDependency>
        <Required type="10" schemaName="ecer_applicationassessment_ApplicationId" displayName="ecer_applicationassessment_ApplicationId" parentSchemaName="ecer_application" parentDisplayName="Application" solution="Active" />
        <Dependent type="60" displayName="ECER - Application Main Form" parentDisplayName="Application" id="{2420375a-7e39-4cbc-a810-8079c3f08eef}" />
      </MissingDependency>
      <MissingDependency>
        <Required type="10" schemaName="ecer_characterreference_Applicationid" displayName="ecer_characterreference_Applicationid" parentSchemaName="ecer_application" parentDisplayName="Application" solution="Active" />
        <Dependent type="60" displayName="ECER - Application Main Form" parentDisplayName="Application" id="{2420375a-7e39-4cbc-a810-8079c3f08eef}" />
      </MissingDependency>
      <MissingDependency>
        <Required type="10" schemaName="ecer_ecer_professionaldevelopment_Applicationi" displayName="ecer_ecer_professionaldevelopment_Applicationi" parentSchemaName="ecer_application" parentDisplayName="Application" solution="Active" />
        <Dependent type="60" displayName="ECER - Application Main Form" parentDisplayName="Application" id="{2420375a-7e39-4cbc-a810-8079c3f08eef}" />
      </MissingDependency>
      <MissingDependency>
        <Required type="10" schemaName="ecer_email_Applicationid" displayName="ecer_email_Applicationid" parentSchemaName="ecer_application" parentDisplayName="Application" solution="Active" />
        <Dependent type="60" displayName="ECER - Application Main Form" parentDisplayName="Application" id="{2420375a-7e39-4cbc-a810-8079c3f08eef}" />
      </MissingDependency>
      <MissingDependency>
        <Required type="10" schemaName="ecer_investigationparallelprocesscommunication" displayName="ecer_investigationparallelprocesscommunication" parentSchemaName="ecer_application" parentDisplayName="Application" solution="Active" />
        <Dependent type="60" displayName="ECER - Application Main Form" parentDisplayName="Application" id="{2420375a-7e39-4cbc-a810-8079c3f08eef}" />
      </MissingDependency>
      <MissingDependency>
        <Required type="10" schemaName="ecer_phonecall_Application_ecer_application" displayName="ecer_phonecall_Application_ecer_application" parentSchemaName="ecer_application" parentDisplayName="Application" solution="Active" />
        <Dependent type="60" displayName="ECER - Application Main Form" parentDisplayName="Application" id="{2420375a-7e39-4cbc-a810-8079c3f08eef}" />
      </MissingDependency>
      <MissingDependency>
        <Required type="10" schemaName="ecer_pspreferral_application_ecer_application" displayName="ecer_pspreferral_application_ecer_application" parentSchemaName="ecer_application" parentDisplayName="Application" solution="Active" />
        <Dependent type="60" displayName="ECER - Application Main Form" parentDisplayName="Application" id="{2420375a-7e39-4cbc-a810-8079c3f08eef}" />
      </MissingDependency>
      <MissingDependency>
        <Required type="10" schemaName="ecer_task_Application_ecer_application" displayName="ecer_task_Application_ecer_application" parentSchemaName="ecer_application" parentDisplayName="Application" solution="Active" />
        <Dependent type="60" displayName="ECER - Application Main Form" parentDisplayName="Application" id="{2420375a-7e39-4cbc-a810-8079c3f08eef}" />
      </MissingDependency>
      <MissingDependency>
        <Required type="10" schemaName="ecer_transcript_Applicationid" displayName="ecer_transcript_Applicationid" parentSchemaName="ecer_application" parentDisplayName="Application" solution="Active" />
        <Dependent type="60" displayName="ECER - Application Main Form" parentDisplayName="Application" id="{2420375a-7e39-4cbc-a810-8079c3f08eef}" />
      </MissingDependency>
      <MissingDependency>
        <Required type="10" schemaName="ecer_workexperienceref_Applicationid_ecer" displayName="ecer_workexperienceref_Applicationid_ecer" parentSchemaName="ecer_application" parentDisplayName="Application" solution="Active" />
        <Dependent type="60" displayName="ECER - Application Main Form" parentDisplayName="Application" id="{2420375a-7e39-4cbc-a810-8079c3f08eef}" />
      </MissingDependency>
      <MissingDependency>
        <Required type="10" schemaName="ecer_application_Certificateid" displayName="ecer_application_Certificateid" parentSchemaName="ecer_certificate" parentDisplayName="Certificate" solution="Active" />
        <Dependent type="60" displayName="ECER - Application Main Form" parentDisplayName="Application" id="{2420375a-7e39-4cbc-a810-8079c3f08eef}" />
      </MissingDependency>
      <MissingDependency>
        <Required type="10" schemaName="ecer_application_FromCertificateId" displayName="ecer_application_FromCertificateId" parentSchemaName="ecer_certificate" parentDisplayName="Certificate" solution="Active" />
        <Dependent type="60" displayName="ECER - Application Main Form" parentDisplayName="Application" id="{2420375a-7e39-4cbc-a810-8079c3f08eef}" />
      </MissingDependency>
      <MissingDependency>
        <Required type="10" schemaName="ecer_application_certificationcomparisonid" displayName="ecer_application_certificationcomparisonid" parentSchemaName="ecer_certificationcomparison" parentDisplayName="Certification Comparison" solution="Active" />
        <Dependent type="60" displayName="ECER - Application Main Form" parentDisplayName="Application" id="{2420375a-7e39-4cbc-a810-8079c3f08eef}" />
      </MissingDependency>
      <MissingDependency>
        <Required type="10" schemaName="ecer_application_DenialReasonType_ecer_denialr" displayName="ecer_application_DenialReasonType_ecer_denialr" parentSchemaName="ecer_denialreason" parentDisplayName="Denial Reason" solution="Active" />
        <Dependent type="60" displayName="ECER - Application Main Form" parentDisplayName="Application" id="{2420375a-7e39-4cbc-a810-8079c3f08eef}" />
      </MissingDependency>
      <MissingDependency>
        <Required type="10" schemaName="ecer_certificationcomparisontransferringcertificate" displayName="ecer_certificationcomparisontransferringcertificate" parentSchemaName="ecer_outofprovincecertificationtype" parentDisplayName="Out of Province Certification Type" solution="Active" />
        <Dependent type="29" displayName="ECER - WF - Update Province on Transferring Cert" id="{90706a16-62c7-f011-8544-7c1e5253186d}" />
      </MissingDependency>
      <MissingDependency>
        <Required type="10" schemaName="ecer_application_lmprovinceid" displayName="ecer_application_lmprovinceid" parentSchemaName="ecer_province" parentDisplayName="Province" solution="Active" />
        <Dependent type="60" displayName="ECER - Application Main Form" parentDisplayName="Application" id="{2420375a-7e39-4cbc-a810-8079c3f08eef}" />
      </MissingDependency>
      <MissingDependency>
        <Required type="10" schemaName="ecer_application_Assessor_systemuser" displayName="ecer_application_Assessor_systemuser" parentSchemaName="systemuser" parentDisplayName="User" solution="Active" />
        <Dependent type="60" displayName="ECER - Application Main Form" parentDisplayName="Application" id="{2420375a-7e39-4cbc-a810-8079c3f08eef}" />
      </MissingDependency>
      <MissingDependency>
        <Required type="10" schemaName="ecer_application_AssessorLead_systemuser" displayName="ecer_application_AssessorLead_systemuser" parentSchemaName="systemuser" parentDisplayName="User" solution="Active" />
        <Dependent type="60" displayName="ECER - Application Main Form" parentDisplayName="Application" id="{2420375a-7e39-4cbc-a810-8079c3f08eef}" />
      </MissingDependency>
      <MissingDependency>
        <Required type="10" schemaName="ecer_application_ProgramClerk_systemuser" displayName="ecer_application_ProgramClerk_systemuser" parentSchemaName="systemuser" parentDisplayName="User" solution="Active" />
        <Dependent type="60" displayName="ECER - Application Main Form" parentDisplayName="Application" id="{2420375a-7e39-4cbc-a810-8079c3f08eef}" />
      </MissingDependency>
      <MissingDependency>
        <Required type="2" schemaName="createdon" displayName="Created On" parentSchemaName="ecer_application" parentDisplayName="Application" solution="Active" />
        <Dependent type="60" displayName="ECER - Application Main Form" parentDisplayName="Application" id="{2420375a-7e39-4cbc-a810-8079c3f08eef}" />
      </MissingDependency>
      <MissingDependency>
        <Required type="2" schemaName="ecer_1yrexplanationchoice" displayName="1 YR Explanation Choice" parentSchemaName="ecer_application" parentDisplayName="Application" solution="Active" />
        <Dependent type="60" displayName="ECER - Application Main Form" parentDisplayName="Application" id="{2420375a-7e39-4cbc-a810-8079c3f08eef}" />
      </MissingDependency>
      <MissingDependency>
        <Required type="2" schemaName="ecer_5yrexplanationchoice" displayName="5 YR Explanation Choice" parentSchemaName="ecer_application" parentDisplayName="Application" solution="Active" />
        <Dependent type="60" displayName="ECER - Application Main Form" parentDisplayName="Application" id="{2420375a-7e39-4cbc-a810-8079c3f08eef}" />
      </MissingDependency>
      <MissingDependency>
        <Required type="2" schemaName="ecer_addmorecharacterreference" displayName="Add More Character Reference" parentSchemaName="ecer_application" parentDisplayName="Application" solution="Active" />
        <Dependent type="60" displayName="ECER - Application Main Form" parentDisplayName="Application" id="{2420375a-7e39-4cbc-a810-8079c3f08eef}" />
      </MissingDependency>
      <MissingDependency>
        <Required type="2" schemaName="ecer_addmoreprofessionaldevelopment" displayName="Add More Professional Development" parentSchemaName="ecer_application" parentDisplayName="Application" solution="Active" />
        <Dependent type="60" displayName="ECER - Application Main Form" parentDisplayName="Application" id="{2420375a-7e39-4cbc-a810-8079c3f08eef}" />
      </MissingDependency>
      <MissingDependency>
        <Required type="2" schemaName="ecer_addmoreworkexperiencereference" displayName="Add More Work Experience Reference" parentSchemaName="ecer_application" parentDisplayName="Application" solution="Active" />
        <Dependent type="60" displayName="ECER - Application Main Form" parentDisplayName="Application" id="{2420375a-7e39-4cbc-a810-8079c3f08eef}" />
      </MissingDependency>
      <MissingDependency>
        <Required type="2" schemaName="ecer_alternatephonenumber" displayName="Alternate Phone Number" parentSchemaName="ecer_application" parentDisplayName="Application" solution="Active" />
        <Dependent type="60" displayName="ECER - Application Main Form" parentDisplayName="Application" id="{2420375a-7e39-4cbc-a810-8079c3f08eef}" />
      </MissingDependency>
      <MissingDependency>
        <Required type="2" schemaName="ecer_appealperiodenddate" displayName="Appeal Period End Date" parentSchemaName="ecer_application" parentDisplayName="Application" solution="Active" />
        <Dependent type="60" displayName="ECER - Application Main Form" parentDisplayName="Application" id="{2420375a-7e39-4cbc-a810-8079c3f08eef}" />
      </MissingDependency>
      <MissingDependency>
        <Required type="2" schemaName="ecer_applicantage" displayName="Applicant Age" parentSchemaName="ecer_application" parentDisplayName="Application" solution="Active" />
        <Dependent type="60" displayName="ECER - Application Main Form" parentDisplayName="Application" id="{2420375a-7e39-4cbc-a810-8079c3f08eef}" />
      </MissingDependency>
      <MissingDependency>
        <Required type="2" schemaName="ecer_applicantid" displayName="Applicant" parentSchemaName="ecer_application" parentDisplayName="Application" solution="Active" />
        <Dependent type="60" displayName="ECER - Application Main Form" parentDisplayName="Application" id="{2420375a-7e39-4cbc-a810-8079c3f08eef}" />
      </MissingDependency>
      <MissingDependency>
        <Required type="2" schemaName="ecer_applicationnumber" displayName="Application Number" parentSchemaName="ecer_application" parentDisplayName="Application" solution="Active" />
        <Dependent type="60" displayName="ECER - Application Main Form" parentDisplayName="Application" id="{2420375a-7e39-4cbc-a810-8079c3f08eef}" />
      </MissingDependency>
      <MissingDependency>
        <Required type="2" schemaName="ecer_assessor" displayName="Assessor" parentSchemaName="ecer_application" parentDisplayName="Application" solution="Active" />
        <Dependent type="60" displayName="ECER - Application Main Form" parentDisplayName="Application" id="{2420375a-7e39-4cbc-a810-8079c3f08eef}" />
      </MissingDependency>
      <MissingDependency>
        <Required type="2" schemaName="ecer_assessorlead" displayName="Assessment Team Lead" parentSchemaName="ecer_application" parentDisplayName="Application" solution="Active" />
        <Dependent type="60" displayName="ECER - Application Main Form" parentDisplayName="Application" id="{2420375a-7e39-4cbc-a810-8079c3f08eef}" />
      </MissingDependency>
      <MissingDependency>
        <Required type="2" schemaName="ecer_assigntopspteam" displayName="Assign to PSP team" parentSchemaName="ecer_application" parentDisplayName="Application" solution="Active" />
        <Dependent type="60" displayName="ECER - Application Main Form" parentDisplayName="Application" id="{2420375a-7e39-4cbc-a810-8079c3f08eef}" />
      </MissingDependency>
      <MissingDependency>
        <Required type="2" schemaName="ecer_cerreviewed" displayName="Comprehensive Report Reviewed" parentSchemaName="ecer_application" parentDisplayName="Application" solution="Active" />
        <Dependent type="60" displayName="ECER - Application Main Form" parentDisplayName="Application" id="{2420375a-7e39-4cbc-a810-8079c3f08eef}" />
      </MissingDependency>
      <MissingDependency>
        <Required type="2" schemaName="ecer_certificateid" displayName="Certificate" parentSchemaName="ecer_application" parentDisplayName="Application" solution="Active" />
        <Dependent type="60" displayName="ECER - Application Main Form" parentDisplayName="Application" id="{2420375a-7e39-4cbc-a810-8079c3f08eef}" />
      </MissingDependency>
      <MissingDependency>
        <Required type="2" schemaName="ecer_certificatetype" displayName="Certificate Type" parentSchemaName="ecer_application" parentDisplayName="Application" solution="Active" />
        <Dependent type="60" displayName="ECER - Application Main Form" parentDisplayName="Application" id="{2420375a-7e39-4cbc-a810-8079c3f08eef}" />
      </MissingDependency>
      <MissingDependency>
        <Required type="2" schemaName="ecer_certificationcomparisonid" displayName="Certification Comparison" parentSchemaName="ecer_application" parentDisplayName="Application" solution="Active" />
        <Dependent type="60" displayName="ECER - Application Main Form" parentDisplayName="Application" id="{2420375a-7e39-4cbc-a810-8079c3f08eef}" />
      </MissingDependency>
      <MissingDependency>
        <Required type="2" schemaName="ecer_characterreferenceapproved" displayName="Character Reference Approved?" parentSchemaName="ecer_application" parentDisplayName="Application" solution="Active" />
        <Dependent type="60" displayName="ECER - Application Main Form" parentDisplayName="Application" id="{2420375a-7e39-4cbc-a810-8079c3f08eef}" />
      </MissingDependency>
      <MissingDependency>
        <Required type="2" schemaName="ecer_characterreferencereceived" displayName="Character Reference Received" parentSchemaName="ecer_application" parentDisplayName="Application" solution="Active" />
        <Dependent type="60" displayName="ECER - Application Main Form" parentDisplayName="Application" id="{2420375a-7e39-4cbc-a810-8079c3f08eef}" />
      </MissingDependency>
      <MissingDependency>
        <Required type="2" schemaName="ecer_characterreferencereceiveddate" displayName="Character Reference Received Date" parentSchemaName="ecer_application" parentDisplayName="Application" solution="Active" />
        <Dependent type="60" displayName="ECER - Application Main Form" parentDisplayName="Application" id="{2420375a-7e39-4cbc-a810-8079c3f08eef}" />
      </MissingDependency>
      <MissingDependency>
        <Required type="2" schemaName="ecer_characterreferencereviewed" displayName="Character Reference Reviewed" parentSchemaName="ecer_application" parentDisplayName="Application" solution="Active" />
        <Dependent type="60" displayName="ECER - Application Main Form" parentDisplayName="Application" id="{2420375a-7e39-4cbc-a810-8079c3f08eef}" />
      </MissingDependency>
      <MissingDependency>
        <Required type="2" schemaName="ecer_city" displayName="City" parentSchemaName="ecer_application" parentDisplayName="Application" solution="Active" />
        <Dependent type="60" displayName="ECER - Application Main Form" parentDisplayName="Application" id="{2420375a-7e39-4cbc-a810-8079c3f08eef}" />
      </MissingDependency>
      <MissingDependency>
        <Required type="2" schemaName="ecer_comprehensiveevaluationreportreceived" displayName="Comprehensive Report Received" parentSchemaName="ecer_application" parentDisplayName="Application" solution="Active" />
        <Dependent type="60" displayName="ECER - Application Main Form" parentDisplayName="Application" id="{2420375a-7e39-4cbc-a810-8079c3f08eef}" />
      </MissingDependency>
      <MissingDependency>
        <Required type="2" schemaName="ecer_comprehensiveevaluationreportreceiveddate" displayName="Comprehensive Report Received Date" parentSchemaName="ecer_application" parentDisplayName="Application" solution="Active" />
        <Dependent type="60" displayName="ECER - Application Main Form" parentDisplayName="Application" id="{2420375a-7e39-4cbc-a810-8079c3f08eef}" />
      </MissingDependency>
      <MissingDependency>
        <Required type="2" schemaName="ecer_country" displayName="Country" parentSchemaName="ecer_application" parentDisplayName="Application" solution="Active" />
        <Dependent type="60" displayName="ECER - Application Main Form" parentDisplayName="Application" id="{2420375a-7e39-4cbc-a810-8079c3f08eef}" />
      </MissingDependency>
      <MissingDependency>
        <Required type="2" schemaName="ecer_courseoutlinereceived" displayName="Course Outline Received" parentSchemaName="ecer_application" parentDisplayName="Application" solution="Active" />
        <Dependent type="60" displayName="ECER - Application Main Form" parentDisplayName="Application" id="{2420375a-7e39-4cbc-a810-8079c3f08eef}" />
      </MissingDependency>
      <MissingDependency>
        <Required type="2" schemaName="ecer_courseoutlinereceiveddate" displayName="Course Outline Received Date" parentSchemaName="ecer_application" parentDisplayName="Application" solution="Active" />
        <Dependent type="60" displayName="ECER - Application Main Form" parentDisplayName="Application" id="{2420375a-7e39-4cbc-a810-8079c3f08eef}" />
      </MissingDependency>
      <MissingDependency>
        <Required type="2" schemaName="ecer_courseoutlinesreviewed" displayName="Course Outlines Reviewed" parentSchemaName="ecer_application" parentDisplayName="Application" solution="Active" />
        <Dependent type="60" displayName="ECER - Application Main Form" parentDisplayName="Application" id="{2420375a-7e39-4cbc-a810-8079c3f08eef}" />
      </MissingDependency>
      <MissingDependency>
        <Required type="2" schemaName="ecer_currentcertificationnumber" displayName="Current Certification Number" parentSchemaName="ecer_application" parentDisplayName="Application" solution="Active" />
        <Dependent type="60" displayName="ECER - Application Main Form" parentDisplayName="Application" id="{2420375a-7e39-4cbc-a810-8079c3f08eef}" />
      </MissingDependency>
      <MissingDependency>
        <Required type="2" schemaName="ecer_curriculumapproved" displayName="Equivalency Determined" parentSchemaName="ecer_application" parentDisplayName="Application" solution="Active" />
        <Dependent type="60" displayName="ECER - Application Main Form" parentDisplayName="Application" id="{2420375a-7e39-4cbc-a810-8079c3f08eef}" />
      </MissingDependency>
      <MissingDependency>
        <Required type="2" schemaName="ecer_dateescalated" displayName="Date Escalated" parentSchemaName="ecer_application" parentDisplayName="Application" solution="Active" />
        <Dependent type="60" displayName="ECER - Application Main Form" parentDisplayName="Application" id="{2420375a-7e39-4cbc-a810-8079c3f08eef}" />
      </MissingDependency>
      <MissingDependency>
        <Required type="2" schemaName="ecer_dateofbirth" displayName="Date of Birth" parentSchemaName="ecer_application" parentDisplayName="Application" solution="Active" />
        <Dependent type="60" displayName="ECER - Application Main Form" parentDisplayName="Application" id="{2420375a-7e39-4cbc-a810-8079c3f08eef}" />
      </MissingDependency>
      <MissingDependency>
        <Required type="2" schemaName="ecer_datesigned" displayName="Date Signed" parentSchemaName="ecer_application" parentDisplayName="Application" solution="Active" />
        <Dependent type="60" displayName="ECER - Application Main Form" parentDisplayName="Application" id="{2420375a-7e39-4cbc-a810-8079c3f08eef}" />
      </MissingDependency>
      <MissingDependency>
        <Required type="2" schemaName="ecer_datesubmitted" displayName="Date Submitted" parentSchemaName="ecer_application" parentDisplayName="Application" solution="Active" />
        <Dependent type="60" displayName="ECER - Application Main Form" parentDisplayName="Application" id="{2420375a-7e39-4cbc-a810-8079c3f08eef}" />
      </MissingDependency>
      <MissingDependency>
        <Required type="2" schemaName="ecer_decisiondate" displayName="Decision Date" parentSchemaName="ecer_application" parentDisplayName="Application" solution="Active" />
        <Dependent type="60" displayName="ECER - Application Main Form" parentDisplayName="Application" id="{2420375a-7e39-4cbc-a810-8079c3f08eef}" />
      </MissingDependency>
      <MissingDependency>
        <Required type="2" schemaName="ecer_declarationconfirmation" displayName="Declaration Confirmation" parentSchemaName="ecer_application" parentDisplayName="Application" solution="Active" />
        <Dependent type="60" displayName="ECER - Application Main Form" parentDisplayName="Application" id="{2420375a-7e39-4cbc-a810-8079c3f08eef}" />
      </MissingDependency>
      <MissingDependency>
        <Required type="2" schemaName="ecer_declarationstatements" displayName="Declaration Statements" parentSchemaName="ecer_application" parentDisplayName="Application" solution="Active" />
        <Dependent type="60" displayName="ECER - Application Main Form" parentDisplayName="Application" id="{2420375a-7e39-4cbc-a810-8079c3f08eef}" />
      </MissingDependency>
      <MissingDependency>
        <Required type="2" schemaName="ecer_denialreasonexplanation" displayName="Denial Reason Explanation" parentSchemaName="ecer_application" parentDisplayName="Application" solution="Active" />
        <Dependent type="60" displayName="ECER - Application Main Form" parentDisplayName="Application" id="{2420375a-7e39-4cbc-a810-8079c3f08eef}" />
      </MissingDependency>
      <MissingDependency>
        <Required type="2" schemaName="ecer_denialreasontype" displayName="Denial Reason Type" parentSchemaName="ecer_application" parentDisplayName="Application" solution="Active" />
        <Dependent type="60" displayName="ECER - Application Main Form" parentDisplayName="Application" id="{2420375a-7e39-4cbc-a810-8079c3f08eef}" />
      </MissingDependency>
      <MissingDependency>
        <Required type="2" schemaName="ecer_educationorigin" displayName="Education Origin" parentSchemaName="ecer_application" parentDisplayName="Application" solution="Active" />
        <Dependent type="60" displayName="ECER - Application Main Form" parentDisplayName="Application" id="{2420375a-7e39-4cbc-a810-8079c3f08eef}" />
      </MissingDependency>
      <MissingDependency>
        <Required type="2" schemaName="ecer_educationrecognition" displayName="Education Recognition" parentSchemaName="ecer_application" parentDisplayName="Application" solution="Active" />
        <Dependent type="60" displayName="ECER - Application Main Form" parentDisplayName="Application" id="{2420375a-7e39-4cbc-a810-8079c3f08eef}" />
      </MissingDependency>
      <MissingDependency>
        <Required type="2" schemaName="ecer_educationtranscriptapproved" displayName="Education Transcript Approved?" parentSchemaName="ecer_application" parentDisplayName="Application" solution="Active" />
        <Dependent type="60" displayName="ECER - Application Main Form" parentDisplayName="Application" id="{2420375a-7e39-4cbc-a810-8079c3f08eef}" />
      </MissingDependency>
      <MissingDependency>
        <Required type="2" schemaName="ecer_educationtranscriptreviewed" displayName="Education Transcript Reviewed" parentSchemaName="ecer_application" parentDisplayName="Application" solution="Active" />
        <Dependent type="60" displayName="ECER - Application Main Form" parentDisplayName="Application" id="{2420375a-7e39-4cbc-a810-8079c3f08eef}" />
      </MissingDependency>
      <MissingDependency>
        <Required type="2" schemaName="ecer_emailaddress" displayName="Email Address" parentSchemaName="ecer_application" parentDisplayName="Application" solution="Active" />
        <Dependent type="60" displayName="ECER - Application Main Form" parentDisplayName="Application" id="{2420375a-7e39-4cbc-a810-8079c3f08eef}" />
      </MissingDependency>
      <MissingDependency>
        <Required type="2" schemaName="ecer_escalatereason" displayName="Escalate Reason" parentSchemaName="ecer_application" parentDisplayName="Application" solution="Active" />
        <Dependent type="60" displayName="ECER - Application Main Form" parentDisplayName="Application" id="{2420375a-7e39-4cbc-a810-8079c3f08eef}" />
      </MissingDependency>
      <MissingDependency>
        <Required type="2" schemaName="ecer_escalatetoteamlead" displayName="Escalate to Team Lead?" parentSchemaName="ecer_application" parentDisplayName="Application" solution="Active" />
        <Dependent type="60" displayName="ECER - Application Main Form" parentDisplayName="Application" id="{2420375a-7e39-4cbc-a810-8079c3f08eef}" />
      </MissingDependency>
      <MissingDependency>
        <Required type="2" schemaName="ecer_explanationletter" displayName="Explanation Letter" parentSchemaName="ecer_application" parentDisplayName="Application" solution="Active" />
        <Dependent type="60" displayName="ECER - Application Main Form" parentDisplayName="Application" id="{2420375a-7e39-4cbc-a810-8079c3f08eef}" />
      </MissingDependency>
      <MissingDependency>
        <Required type="2" schemaName="ecer_fromcertificateid" displayName="From Certificate" parentSchemaName="ecer_application" parentDisplayName="Application" solution="Active" />
        <Dependent type="60" displayName="ECER - Application Main Form" parentDisplayName="Application" id="{2420375a-7e39-4cbc-a810-8079c3f08eef}" />
      </MissingDependency>
      <MissingDependency>
        <Required type="2" schemaName="ecer_generateassessment" displayName="Generate Assessment" parentSchemaName="ecer_application" parentDisplayName="Application" solution="Active" />
        <Dependent type="60" displayName="ECER - Application Main Form" parentDisplayName="Application" id="{2420375a-7e39-4cbc-a810-8079c3f08eef}" />
      </MissingDependency>
      <MissingDependency>
        <Required type="2" schemaName="ecer_generatecertificaterecord" displayName="Generate Certificate Record " parentSchemaName="ecer_application" parentDisplayName="Application" solution="Active" />
        <Dependent type="60" displayName="ECER - Application Main Form" parentDisplayName="Application" id="{2420375a-7e39-4cbc-a810-8079c3f08eef}" />
      </MissingDependency>
      <MissingDependency>
        <Required type="2" schemaName="ecer_hasprofessionaldevelopment" displayName="Has Professional Development" parentSchemaName="ecer_application" parentDisplayName="Application" solution="Active" />
        <Dependent type="60" displayName="ECER - Application Main Form" parentDisplayName="Application" id="{2420375a-7e39-4cbc-a810-8079c3f08eef}" />
      </MissingDependency>
      <MissingDependency>
        <Required type="2" schemaName="ecer_hasprovided400hoursworkexperience" displayName="Has Provided 400 Hours Work Experience" parentSchemaName="ecer_application" parentDisplayName="Application" solution="Active" />
        <Dependent type="60" displayName="ECER - Application Main Form" parentDisplayName="Application" id="{2420375a-7e39-4cbc-a810-8079c3f08eef}" />
      </MissingDependency>
      <MissingDependency>
        <Required type="2" schemaName="ecer_hasprovided500hoursworkexperience" displayName="Has Provided 500 Hours Work Experience" parentSchemaName="ecer_application" parentDisplayName="Application" solution="Active" />
        <Dependent type="60" displayName="ECER - Application Main Form" parentDisplayName="Application" id="{2420375a-7e39-4cbc-a810-8079c3f08eef}" />
      </MissingDependency>
      <MissingDependency>
        <Required type="2" schemaName="ecer_idverifiedmanualapplication" displayName="ID Verified (Manual Application)" parentSchemaName="ecer_application" parentDisplayName="Application" solution="Active" />
        <Dependent type="60" displayName="ECER - Application Main Form" parentDisplayName="Application" id="{2420375a-7e39-4cbc-a810-8079c3f08eef}" />
      </MissingDependency>
      <MissingDependency>
        <Required type="2" schemaName="ecer_isece1yr" displayName="ECE 1 YR?" parentSchemaName="ecer_application" parentDisplayName="Application" solution="Active" />
        <Dependent type="60" displayName="ECER - Application Main Form" parentDisplayName="Application" id="{2420375a-7e39-4cbc-a810-8079c3f08eef}" />
      </MissingDependency>
      <MissingDependency>
        <Required type="2" schemaName="ecer_isece5yr" displayName="ECE 5 YR?" parentSchemaName="ecer_application" parentDisplayName="Application" solution="Active" />
        <Dependent type="60" displayName="ECER - Application Main Form" parentDisplayName="Application" id="{2420375a-7e39-4cbc-a810-8079c3f08eef}" />
      </MissingDependency>
      <MissingDependency>
        <Required type="2" schemaName="ecer_iseceassistant" displayName="ECE Assistant?" parentSchemaName="ecer_application" parentDisplayName="Application" solution="Active" />
        <Dependent type="60" displayName="ECER - Application Main Form" parentDisplayName="Application" id="{2420375a-7e39-4cbc-a810-8079c3f08eef}" />
      </MissingDependency>
      <MissingDependency>
        <Required type="2" schemaName="ecer_isite" displayName="ITE?" parentSchemaName="ecer_application" parentDisplayName="Application" solution="Active" />
        <Dependent type="60" displayName="ECER - Application Main Form" parentDisplayName="Application" id="{2420375a-7e39-4cbc-a810-8079c3f08eef}" />
      </MissingDependency>
      <MissingDependency>
        <Required type="2" schemaName="ecer_issne" displayName="SNE?" parentSchemaName="ecer_application" parentDisplayName="Application" solution="Active" />
        <Dependent type="60" displayName="ECER - Application Main Form" parentDisplayName="Application" id="{2420375a-7e39-4cbc-a810-8079c3f08eef}" />
      </MissingDependency>
      <MissingDependency>
        <Required type="2" schemaName="ecer_legalfirstname" displayName="Legal First Name" parentSchemaName="ecer_application" parentDisplayName="Application" solution="Active" />
        <Dependent type="60" displayName="ECER - Application Main Form" parentDisplayName="Application" id="{2420375a-7e39-4cbc-a810-8079c3f08eef}" />
      </MissingDependency>
      <MissingDependency>
        <Required type="2" schemaName="ecer_legallastname" displayName="Legal Last Name" parentSchemaName="ecer_application" parentDisplayName="Application" solution="Active" />
        <Dependent type="60" displayName="ECER - Application Main Form" parentDisplayName="Application" id="{2420375a-7e39-4cbc-a810-8079c3f08eef}" />
      </MissingDependency>
      <MissingDependency>
        <Required type="2" schemaName="ecer_legalmiddlename" displayName="Legal Middle Name" parentSchemaName="ecer_application" parentDisplayName="Application" solution="Active" />
        <Dependent type="60" displayName="ECER - Application Main Form" parentDisplayName="Application" id="{2420375a-7e39-4cbc-a810-8079c3f08eef}" />
      </MissingDependency>
      <MissingDependency>
        <Required type="2" schemaName="ecer_lmcerthasothername" displayName="Other" parentSchemaName="ecer_application" parentDisplayName="Application" solution="Active" />
        <Dependent type="60" displayName="ECER - Application Main Form" parentDisplayName="Application" id="{2420375a-7e39-4cbc-a810-8079c3f08eef}" />
      </MissingDependency>
      <MissingDependency>
        <Required type="2" schemaName="ecer_lmprovinceid" displayName="Labour Mobility Province" parentSchemaName="ecer_application" parentDisplayName="Application" solution="Active" />
        <Dependent type="60" displayName="ECER - Application Main Form" parentDisplayName="Application" id="{2420375a-7e39-4cbc-a810-8079c3f08eef}" />
      </MissingDependency>
      <MissingDependency>
        <Required type="2" schemaName="ecer_name" displayName="Name" parentSchemaName="ecer_application" parentDisplayName="Application" solution="Active" />
        <Dependent type="60" displayName="ECER - Application Main Form" parentDisplayName="Application" id="{2420375a-7e39-4cbc-a810-8079c3f08eef}" />
      </MissingDependency>
      <MissingDependency>
        <Required type="2" schemaName="ecer_origin" displayName="Origin" parentSchemaName="ecer_application" parentDisplayName="Application" solution="Active" />
        <Dependent type="60" displayName="ECER - Application Main Form" parentDisplayName="Application" id="{2420375a-7e39-4cbc-a810-8079c3f08eef}" />
      </MissingDependency>
      <MissingDependency>
        <Required type="2" schemaName="ecer_parallelprocess" displayName="Parallel Process" parentSchemaName="ecer_application" parentDisplayName="Application" solution="Active" />
        <Dependent type="60" displayName="ECER - Application Main Form" parentDisplayName="Application" id="{2420375a-7e39-4cbc-a810-8079c3f08eef}" />
      </MissingDependency>
      <MissingDependency>
        <Required type="2" schemaName="ecer_parentalreferenceapproved" displayName="Parental Reference Approved?" parentSchemaName="ecer_application" parentDisplayName="Application" solution="Active" />
        <Dependent type="60" displayName="ECER - Application Main Form" parentDisplayName="Application" id="{2420375a-7e39-4cbc-a810-8079c3f08eef}" />
      </MissingDependency>
      <MissingDependency>
        <Required type="2" schemaName="ecer_parentalreferencereceived" displayName="Parental Reference Received" parentSchemaName="ecer_application" parentDisplayName="Application" solution="Active" />
        <Dependent type="60" displayName="ECER - Application Main Form" parentDisplayName="Application" id="{2420375a-7e39-4cbc-a810-8079c3f08eef}" />
      </MissingDependency>
      <MissingDependency>
        <Required type="2" schemaName="ecer_parentalreferencereceiveddate" displayName="Parental Reference Received Date" parentSchemaName="ecer_application" parentDisplayName="Application" solution="Active" />
        <Dependent type="60" displayName="ECER - Application Main Form" parentDisplayName="Application" id="{2420375a-7e39-4cbc-a810-8079c3f08eef}" />
      </MissingDependency>
      <MissingDependency>
        <Required type="2" schemaName="ecer_portalstage" displayName="Portal Stage" parentSchemaName="ecer_application" parentDisplayName="Application" solution="Active" />
        <Dependent type="60" displayName="ECER - Application Main Form" parentDisplayName="Application" id="{2420375a-7e39-4cbc-a810-8079c3f08eef}" />
      </MissingDependency>
      <MissingDependency>
        <Required type="2" schemaName="ecer_postalcode" displayName="Postal Code" parentSchemaName="ecer_application" parentDisplayName="Application" solution="Active" />
        <Dependent type="60" displayName="ECER - Application Main Form" parentDisplayName="Application" id="{2420375a-7e39-4cbc-a810-8079c3f08eef}" />
      </MissingDependency>
      <MissingDependency>
        <Required type="2" schemaName="ecer_preferredname" displayName="Preferred Name" parentSchemaName="ecer_application" parentDisplayName="Application" solution="Active" />
        <Dependent type="60" displayName="ECER - Application Main Form" parentDisplayName="Application" id="{2420375a-7e39-4cbc-a810-8079c3f08eef}" />
      </MissingDependency>
      <MissingDependency>
        <Required type="2" schemaName="ecer_previousname" displayName="Previous Name" parentSchemaName="ecer_application" parentDisplayName="Application" solution="Active" />
        <Dependent type="60" displayName="ECER - Application Main Form" parentDisplayName="Application" id="{2420375a-7e39-4cbc-a810-8079c3f08eef}" />
      </MissingDependency>
      <MissingDependency>
        <Required type="2" schemaName="ecer_primaryphonenumber" displayName="Primary Phone Number" parentSchemaName="ecer_application" parentDisplayName="Application" solution="Active" />
        <Dependent type="60" displayName="ECER - Application Main Form" parentDisplayName="Application" id="{2420375a-7e39-4cbc-a810-8079c3f08eef}" />
      </MissingDependency>
      <MissingDependency>
        <Required type="2" schemaName="ecer_printrequest" displayName="Print Request" parentSchemaName="ecer_application" parentDisplayName="Application" solution="Active" />
        <Dependent type="60" displayName="ECER - Application Main Form" parentDisplayName="Application" id="{2420375a-7e39-4cbc-a810-8079c3f08eef}" />
      </MissingDependency>
      <MissingDependency>
        <Required type="2" schemaName="ecer_priority" displayName="Priority " parentSchemaName="ecer_application" parentDisplayName="Application" solution="Active" />
        <Dependent type="60" displayName="ECER - Application Main Form" parentDisplayName="Application" id="{2420375a-7e39-4cbc-a810-8079c3f08eef}" />
      </MissingDependency>
      <MissingDependency>
        <Required type="2" schemaName="ecer_proceedwithapplicationassessment" displayName="Proceed with Application Assessment" parentSchemaName="ecer_application" parentDisplayName="Application" solution="Active" />
        <Dependent type="60" displayName="ECER - Application Main Form" parentDisplayName="Application" id="{2420375a-7e39-4cbc-a810-8079c3f08eef}" />
      </MissingDependency>
      <MissingDependency>
        <Required type="2" schemaName="ecer_professionaldevelopmentapproved" displayName="Professional Development Approved?" parentSchemaName="ecer_application" parentDisplayName="Application" solution="Active" />
        <Dependent type="60" displayName="ECER - Application Main Form" parentDisplayName="Application" id="{2420375a-7e39-4cbc-a810-8079c3f08eef}" />
      </MissingDependency>
      <MissingDependency>
        <Required type="2" schemaName="ecer_professionaldevelopmentreceived" displayName="Professional Development Received" parentSchemaName="ecer_application" parentDisplayName="Application" solution="Active" />
        <Dependent type="60" displayName="ECER - Application Main Form" parentDisplayName="Application" id="{2420375a-7e39-4cbc-a810-8079c3f08eef}" />
      </MissingDependency>
      <MissingDependency>
        <Required type="2" schemaName="ecer_programclerk" displayName="Program Clerk" parentSchemaName="ecer_application" parentDisplayName="Application" solution="Active" />
        <Dependent type="60" displayName="ECER - Application Main Form" parentDisplayName="Application" id="{2420375a-7e39-4cbc-a810-8079c3f08eef}" />
      </MissingDependency>
      <MissingDependency>
        <Required type="2" schemaName="ecer_programconfirmationformreceived" displayName="Program Confirmation Form Received" parentSchemaName="ecer_application" parentDisplayName="Application" solution="Active" />
        <Dependent type="60" displayName="ECER - Application Main Form" parentDisplayName="Application" id="{2420375a-7e39-4cbc-a810-8079c3f08eef}" />
      </MissingDependency>
      <MissingDependency>
        <Required type="2" schemaName="ecer_programconfirmationformreceiveddate" displayName="Program Confirmation Form Received Date" parentSchemaName="ecer_application" parentDisplayName="Application" solution="Active" />
        <Dependent type="60" displayName="ECER - Application Main Form" parentDisplayName="Application" id="{2420375a-7e39-4cbc-a810-8079c3f08eef}" />
      </MissingDependency>
      <MissingDependency>
        <Required type="2" schemaName="ecer_programconfirmationreviewed" displayName="Program Confirmation Form Reviewed" parentSchemaName="ecer_application" parentDisplayName="Application" solution="Active" />
        <Dependent type="60" displayName="ECER - Application Main Form" parentDisplayName="Application" id="{2420375a-7e39-4cbc-a810-8079c3f08eef}" />
      </MissingDependency>
      <MissingDependency>
        <Required type="2" schemaName="ecer_province" displayName="Province" parentSchemaName="ecer_application" parentDisplayName="Application" solution="Active" />
        <Dependent type="60" displayName="ECER - Application Main Form" parentDisplayName="Application" id="{2420375a-7e39-4cbc-a810-8079c3f08eef}" />
      </MissingDependency>
      <MissingDependency>
        <Required type="2" schemaName="ecer_readyforassessment" displayName="Ready for Assessment" parentSchemaName="ecer_application" parentDisplayName="Application" solution="Active" />
        <Dependent type="60" displayName="ECER - Application Main Form" parentDisplayName="Application" id="{2420375a-7e39-4cbc-a810-8079c3f08eef}" />
      </MissingDependency>
      <MissingDependency>
        <Required type="2" schemaName="ecer_readyforassessmentdate" displayName="Ready for Assessment Date" parentSchemaName="ecer_application" parentDisplayName="Application" solution="Active" />
        <Dependent type="60" displayName="ECER - Application Main Form" parentDisplayName="Application" id="{2420375a-7e39-4cbc-a810-8079c3f08eef}" />
      </MissingDependency>
      <MissingDependency>
        <Required type="2" schemaName="ecer_reconsiderationperiodenddate" displayName="Reconsideration Period End Date " parentSchemaName="ecer_application" parentDisplayName="Application" solution="Active" />
        <Dependent type="60" displayName="ECER - Application Main Form" parentDisplayName="Application" id="{2420375a-7e39-4cbc-a810-8079c3f08eef}" />
      </MissingDependency>
      <MissingDependency>
        <Required type="2" schemaName="ecer_renewalexplanationother" displayName="Other Renewal Explanation" parentSchemaName="ecer_application" parentDisplayName="Application" solution="Active" />
        <Dependent type="60" displayName="ECER - Application Main Form" parentDisplayName="Application" id="{2420375a-7e39-4cbc-a810-8079c3f08eef}" />
      </MissingDependency>
      <MissingDependency>
        <Required type="2" schemaName="ecer_renewalslateinyears" displayName="Renewals Late In Years" parentSchemaName="ecer_application" parentDisplayName="Application" solution="Active" />
        <Dependent type="60" displayName="ECER - Application Main Form" parentDisplayName="Application" id="{2420375a-7e39-4cbc-a810-8079c3f08eef}" />
      </MissingDependency>
      <MissingDependency>
        <Required type="2" schemaName="ecer_requestcharacterreference" displayName="Request Character Reference" parentSchemaName="ecer_application" parentDisplayName="Application" solution="Active" />
        <Dependent type="60" displayName="ECER - Application Main Form" parentDisplayName="Application" id="{2420375a-7e39-4cbc-a810-8079c3f08eef}" />
      </MissingDependency>
      <MissingDependency>
        <Required type="2" schemaName="ecer_requestwkexpreference" displayName="Request WkExp Reference" parentSchemaName="ecer_application" parentDisplayName="Application" solution="Active" />
        <Dependent type="60" displayName="ECER - Application Main Form" parentDisplayName="Application" id="{2420375a-7e39-4cbc-a810-8079c3f08eef}" />
      </MissingDependency>
      <MissingDependency>
        <Required type="2" schemaName="ecer_routetoassessmentteam" displayName="Route to Assessment Team?" parentSchemaName="ecer_application" parentDisplayName="Application" solution="Active" />
        <Dependent type="60" displayName="ECER - Application Main Form" parentDisplayName="Application" id="{2420375a-7e39-4cbc-a810-8079c3f08eef}" />
      </MissingDependency>
      <MissingDependency>
        <Required type="2" schemaName="ecer_routetoinvestigationteam" displayName="Route to Investigation Team" parentSchemaName="ecer_application" parentDisplayName="Application" solution="Active" />
        <Dependent type="60" displayName="ECER - Application Main Form" parentDisplayName="Application" id="{2420375a-7e39-4cbc-a810-8079c3f08eef}" />
      </MissingDependency>
      <MissingDependency>
        <Required type="2" schemaName="ecer_statusreasondetail" displayName="Status Reason Detail" parentSchemaName="ecer_application" parentDisplayName="Application" solution="Active" />
        <Dependent type="60" displayName="ECER - Application Main Form" parentDisplayName="Application" id="{2420375a-7e39-4cbc-a810-8079c3f08eef}" />
      </MissingDependency>
      <MissingDependency>
        <Required type="2" schemaName="ecer_street" displayName="Residential Mailing Address" parentSchemaName="ecer_application" parentDisplayName="Application" solution="Active" />
        <Dependent type="60" displayName="ECER - Application Main Form" parentDisplayName="Application" id="{2420375a-7e39-4cbc-a810-8079c3f08eef}" />
      </MissingDependency>
      <MissingDependency>
        <Required type="2" schemaName="ecer_totalanticipatedworkexperiencehours" displayName="Total Anticipated Work Experience Hours" parentSchemaName="ecer_application" parentDisplayName="Application" solution="Active" />
        <Dependent type="60" displayName="ECER - Application Main Form" parentDisplayName="Application" id="{2420375a-7e39-4cbc-a810-8079c3f08eef}" />
      </MissingDependency>
      <MissingDependency>
        <Required type="2" schemaName="ecer_totalapprovedprofessionaldevelopmenthours" displayName="Total Approved Professional Development Hours" parentSchemaName="ecer_application" parentDisplayName="Application" solution="Active" />
        <Dependent type="60" displayName="ECER - Application Main Form" parentDisplayName="Application" id="{2420375a-7e39-4cbc-a810-8079c3f08eef}" />
      </MissingDependency>
      <MissingDependency>
        <Required type="2" schemaName="ecer_totalapprovedworkexperiencehours" displayName="Total Approved Work Experience Hours" parentSchemaName="ecer_application" parentDisplayName="Application" solution="Active" />
        <Dependent type="60" displayName="ECER - Application Main Form" parentDisplayName="Application" id="{2420375a-7e39-4cbc-a810-8079c3f08eef}" />
      </MissingDependency>
      <MissingDependency>
        <Required type="2" schemaName="ecer_totalobservedworkexperiencehours" displayName="Total Observed Work Experience Hours" parentSchemaName="ecer_application" parentDisplayName="Application" solution="Active" />
        <Dependent type="60" displayName="ECER - Application Main Form" parentDisplayName="Application" id="{2420375a-7e39-4cbc-a810-8079c3f08eef}" />
      </MissingDependency>
      <MissingDependency>
        <Required type="2" schemaName="ecer_transcriptreceived" displayName="Transcript Received" parentSchemaName="ecer_application" parentDisplayName="Application" solution="Active" />
        <Dependent type="60" displayName="ECER - Application Main Form" parentDisplayName="Application" id="{2420375a-7e39-4cbc-a810-8079c3f08eef}" />
      </MissingDependency>
      <MissingDependency>
        <Required type="2" schemaName="ecer_transcriptreceiveddate" displayName="Transcript Received Date" parentSchemaName="ecer_application" parentDisplayName="Application" solution="Active" />
        <Dependent type="60" displayName="ECER - Application Main Form" parentDisplayName="Application" id="{2420375a-7e39-4cbc-a810-8079c3f08eef}" />
      </MissingDependency>
      <MissingDependency>
        <Required type="2" schemaName="ecer_type" displayName="Type" parentSchemaName="ecer_application" parentDisplayName="Application" solution="Active" />
        <Dependent type="60" displayName="ECER - Application Main Form" parentDisplayName="Application" id="{2420375a-7e39-4cbc-a810-8079c3f08eef}" />
      </MissingDependency>
      <MissingDependency>
        <Required type="2" schemaName="ecer_workexperiencereceived" displayName="Work Experience Received" parentSchemaName="ecer_application" parentDisplayName="Application" solution="Active" />
        <Dependent type="60" displayName="ECER - Application Main Form" parentDisplayName="Application" id="{2420375a-7e39-4cbc-a810-8079c3f08eef}" />
      </MissingDependency>
      <MissingDependency>
        <Required type="2" schemaName="ecer_workexperiencereceiveddate" displayName="Work Experience Received Date" parentSchemaName="ecer_application" parentDisplayName="Application" solution="Active" />
        <Dependent type="60" displayName="ECER - Application Main Form" parentDisplayName="Application" id="{2420375a-7e39-4cbc-a810-8079c3f08eef}" />
      </MissingDependency>
      <MissingDependency>
        <Required type="2" schemaName="ecer_workexperiencereferenceapproved" displayName="Work Experience Reference Approved?" parentSchemaName="ecer_application" parentDisplayName="Application" solution="Active" />
        <Dependent type="60" displayName="ECER - Application Main Form" parentDisplayName="Application" id="{2420375a-7e39-4cbc-a810-8079c3f08eef}" />
      </MissingDependency>
      <MissingDependency>
        <Required type="2" schemaName="ecer_workexperiencereferencesreviewed" displayName="Work Experience References Reviewed" parentSchemaName="ecer_application" parentDisplayName="Application" solution="Active" />
        <Dependent type="60" displayName="ECER - Application Main Form" parentDisplayName="Application" id="{2420375a-7e39-4cbc-a810-8079c3f08eef}" />
      </MissingDependency>
      <MissingDependency>
        <Required type="2" schemaName="modifiedby" displayName="Modified By" parentSchemaName="ecer_application" parentDisplayName="Application" solution="Active" />
        <Dependent type="60" displayName="ECER - Application Main Form" parentDisplayName="Application" id="{2420375a-7e39-4cbc-a810-8079c3f08eef}" />
      </MissingDependency>
      <MissingDependency>
        <Required type="2" schemaName="ownerid" displayName="Owner" parentSchemaName="ecer_application" parentDisplayName="Application" solution="Active" />
        <Dependent type="60" displayName="ECER - Application Main Form" parentDisplayName="Application" id="{2420375a-7e39-4cbc-a810-8079c3f08eef}" />
      </MissingDependency>
      <MissingDependency>
        <Required type="2" schemaName="owningbusinessunit" displayName="Owning Business Unit" parentSchemaName="ecer_application" parentDisplayName="Application" solution="Active" />
        <Dependent type="60" displayName="ECER - Application Main Form" parentDisplayName="Application" id="{2420375a-7e39-4cbc-a810-8079c3f08eef}" />
      </MissingDependency>
      <MissingDependency>
        <Required type="2" schemaName="statuscode" displayName="Status Reason" parentSchemaName="ecer_application" parentDisplayName="Application" solution="Active" />
        <Dependent type="60" displayName="ECER - Application Main Form" parentDisplayName="Application" id="{2420375a-7e39-4cbc-a810-8079c3f08eef}" />
      </MissingDependency>
      <MissingDependency>
        <Required type="2" schemaName="ecer_certificationcomparisonid" displayName="Certification Comparison" parentSchemaName="ecer_certificationcomparison" parentDisplayName="Certification Comparison" solution="Active" />
        <Dependent type="29" displayName="ECER - WF - Update Province on Transferring Cert" id="{90706a16-62c7-f011-8544-7c1e5253186d}" />
      </MissingDependency>
      <MissingDependency>
        <Required type="2" schemaName="ecer_name" displayName="Name" parentSchemaName="ecer_certificationcomparison" parentDisplayName="Certification Comparison" solution="Active" />
        <Dependent type="29" displayName="ECER - WF - Update Province on Transferring Cert" id="{90706a16-62c7-f011-8544-7c1e5253186d}" />
      </MissingDependency>
      <MissingDependency>
        <Required type="2" schemaName="ecer_transferringcertificate" displayName="Transferring Certificate" parentSchemaName="ecer_certificationcomparison" parentDisplayName="Certification Comparison" solution="Active" />
        <Dependent type="29" displayName="ECER - WF - Update Province on Transferring Cert" id="{90706a16-62c7-f011-8544-7c1e5253186d}" />
      </MissingDependency>
      <MissingDependency>
        <Required type="2" schemaName="ecer_application" displayName="Application" parentSchemaName="ecer_comment" parentDisplayName="Decision Comment" solution="Active" />
        <Dependent type="60" displayName="ECER - Application Main Form" parentDisplayName="Application" id="{2420375a-7e39-4cbc-a810-8079c3f08eef}" />
      </MissingDependency>
      <MissingDependency>
        <Required type="2" schemaName="ecer_parentcommunicationid" displayName="Parent Communication" parentSchemaName="ecer_communication" parentDisplayName="Communication" solution="Active" />
        <Dependent type="60" displayName="ECER - Application Main Form" parentDisplayName="Application" id="{2420375a-7e39-4cbc-a810-8079c3f08eef}" />
      </MissingDependency>
      <MissingDependency>
        <Required type="2" schemaName="ecer_name" displayName="Name" parentSchemaName="ecer_country" parentDisplayName="Country" solution="Active" />
        <Dependent type="10" schemaName="ecer_province_CountryId" displayName="ecer_province_CountryId" parentSchemaName="ecer_country" parentDisplayName="Country" />
      </MissingDependency>
      <MissingDependency>
        <Required type="2" schemaName="ecer_certificationtype" displayName="Certification Type" parentSchemaName="ecer_outofprovincecertificationtype" parentDisplayName="Out of Province Certification Type" solution="Active" />
        <Dependent type="29" displayName="ECER - WF - Update Province on Transferring Cert" id="{90706a16-62c7-f011-8544-7c1e5253186d}" />
      </MissingDependency>
      <MissingDependency>
        <Required type="2" schemaName="ecer_outofprovincecertificationtypeid" displayName="Out of Province Certification Type" parentSchemaName="ecer_outofprovincecertificationtype" parentDisplayName="Out of Province Certification Type" solution="Active" />
        <Dependent type="29" displayName="ECER - WF - Update Province on Transferring Cert" id="{90706a16-62c7-f011-8544-7c1e5253186d}" />
      </MissingDependency>
      <MissingDependency>
        <Required type="2" schemaName="ecer_province" displayName="Province" parentSchemaName="ecer_outofprovincecertificationtype" parentDisplayName="Out of Province Certification Type" solution="Active" />
        <Dependent type="29" displayName="ECER - WF - Update Province on Transferring Cert" id="{90706a16-62c7-f011-8544-7c1e5253186d}" />
      </MissingDependency>
      <MissingDependency>
        <Required type="26" schemaName="Work Experience References for Contact subgrid" displayName="Work Experience References for Contact subgrid" parentSchemaName="ecer_workexperienceref" parentDisplayName="Work Experience Reference" solution="Active" id="{02b8d90b-a793-ee11-be37-000d3af4fd74}" />
        <Dependent type="60" displayName="ECER - Application Main Form" parentDisplayName="Application" id="{2420375a-7e39-4cbc-a810-8079c3f08eef}" />
      </MissingDependency>
      <MissingDependency>
        <Required type="26" schemaName="Enabled ECER Users" displayName="Enabled ECER Users" parentSchemaName="systemuser" parentDisplayName="User" solution="Active" id="{07138ba8-dcaa-f011-bbd3-7c1e5253186d}" />
        <Dependent type="60" displayName="ECER - Application Main Form" parentDisplayName="Application" id="{2420375a-7e39-4cbc-a810-8079c3f08eef}" />
      </MissingDependency>
      <MissingDependency>
        <Required type="26" schemaName="All" displayName="All" parentSchemaName="systemuser" parentDisplayName="User" solution="OmnichannelBase (1.10.0.110)" id="{07fd7812-3a72-eb11-a812-000d3a374668}">
          <package appName="UnifiedRoutingPrime" version="1.5.27.138">UnifiedRoutingPrimeAnchor (1.5.27.138)</package>
        </Required>
        <Dependent type="60" displayName="ECER - Application Main Form" parentDisplayName="Application" id="{2420375a-7e39-4cbc-a810-8079c3f08eef}" />
      </MissingDependency>
      <MissingDependency>
        <Required type="26" schemaName="Users Being Followed" displayName="Users Being Followed" parentSchemaName="systemuser" parentDisplayName="User" solution="ActivityFeedsCore (9.0.0.0011)" id="{0dda4fb7-84bc-e011-b85e-00155d8a2749}">
          <package appName="ActivityFeedsCore" version="9.0.0.0011">ActivityFeedsCore (9.0.0.0011)</package>
        </Required>
        <Dependent type="60" displayName="ECER - Application Main Form" parentDisplayName="Application" id="{2420375a-7e39-4cbc-a810-8079c3f08eef}" />
      </MissingDependency>
      <MissingDependency>
        <Required type="26" schemaName="Users deleted in tenant but exist in the environment" displayName="Users deleted in tenant but exist in the environment" parentSchemaName="systemuser" parentDisplayName="User" solution="AuthorizationCore (1.127.0.0)" id="{19487f2f-8405-4d59-8f8b-4eda98d4f302}">
          <package appName="Authorization Package" version="1.7.0.0">msft_PrivilegeChecker (1.7.0.0)</package>
        </Required>
        <Dependent type="60" displayName="ECER - Application Main Form" parentDisplayName="Application" id="{2420375a-7e39-4cbc-a810-8079c3f08eef}" />
      </MissingDependency>
      <MissingDependency>
        <Required type="26" schemaName="Active Application Assessments" displayName="Active Application Assessments" parentSchemaName="ecer_applicationassessment" parentDisplayName="Application Assessment" solution="Active" id="{19a5a314-a514-4bbf-83c8-274a7532755f}" />
        <Dependent type="60" displayName="ECER - Application Main Form" parentDisplayName="Application" id="{2420375a-7e39-4cbc-a810-8079c3f08eef}" />
      </MissingDependency>
      <MissingDependency>
        <Required type="26" schemaName="Users Who Follow You" displayName="Users Who Follow You" parentSchemaName="systemuser" parentDisplayName="User" solution="ActivityFeedsCore (9.0.0.0011)" id="{1d482328-ab23-486b-b241-26603d367f4d}">
          <package appName="ActivityFeedsCore" version="9.0.0.0011">ActivityFeedsCore (9.0.0.0011)</package>
        </Required>
        <Dependent type="60" displayName="ECER - Application Main Form" parentDisplayName="Application" id="{2420375a-7e39-4cbc-a810-8079c3f08eef}" />
      </MissingDependency>
      <MissingDependency>
        <Required type="26" schemaName="Users associated with User Profile" displayName="Users associated with User Profile" parentSchemaName="systemuser" parentDisplayName="User" solution="OmnichannelBase (1.10.0.110)" id="{1edac89f-2337-e811-8135-000d3af71628}">
          <package appName="UnifiedRoutingPrime" version="1.5.27.138">UnifiedRoutingPrimeAnchor (1.5.27.138)</package>
        </Required>
        <Dependent type="60" displayName="ECER - Application Main Form" parentDisplayName="Application" id="{2420375a-7e39-4cbc-a810-8079c3f08eef}" />
      </MissingDependency>
      <MissingDependency>
        <Required type="26" schemaName="Power Pages Users" displayName="Power Pages Users" parentSchemaName="systemuser" parentDisplayName="User" solution="AuthorizationCore (1.127.0.0)" id="{1fe05f14-0074-49e3-b55d-0af1fd0a2b85}">
          <package appName="Authorization Package" version="1.7.0.0">msft_PrivilegeChecker (1.7.0.0)</package>
        </Required>
        <Dependent type="60" displayName="ECER - Application Main Form" parentDisplayName="Application" id="{2420375a-7e39-4cbc-a810-8079c3f08eef}" />
      </MissingDependency>
      <MissingDependency>
        <Required type="26" schemaName="Decision Comments for subgrid" displayName="Decision Comments for subgrid" parentSchemaName="ecer_comment" parentDisplayName="Decision Comment" solution="Active" id="{20687c89-29be-ee11-9079-000d3af4fd74}" />
        <Dependent type="60" displayName="ECER - Application Main Form" parentDisplayName="Application" id="{2420375a-7e39-4cbc-a810-8079c3f08eef}" />
      </MissingDependency>
      <MissingDependency>
        <Required type="26" schemaName="All Professional Developments" displayName="All Professional Developments" parentSchemaName="ecer_professionaldevelopment" parentDisplayName="Professional Development" solution="Active" id="{26578fd8-0e72-ef11-a670-000d3a0a4c90}" />
        <Dependent type="60" displayName="ECER - Application Main Form" parentDisplayName="Application" id="{2420375a-7e39-4cbc-a810-8079c3f08eef}" />
      </MissingDependency>
      <MissingDependency>
        <Required type="26" schemaName="Administrators" displayName="Administrators" parentSchemaName="systemuser" parentDisplayName="User" solution="OmnichannelBase (1.10.0.110)" id="{27e6c8f8-3972-eb11-a812-000d3a374668}">
          <package appName="UnifiedRoutingPrime" version="1.5.27.138">UnifiedRoutingPrimeAnchor (1.5.27.138)</package>
        </Required>
        <Dependent type="60" displayName="ECER - Application Main Form" parentDisplayName="Application" id="{2420375a-7e39-4cbc-a810-8079c3f08eef}" />
      </MissingDependency>
      <MissingDependency>
        <Required type="26" schemaName="Bot Users" displayName="Bot Users" parentSchemaName="systemuser" parentDisplayName="User" solution="OmnichannelBase (1.10.0.110)" id="{28890f93-b2cb-e811-a94c-000d3a7083a8}">
          <package appName="UnifiedRoutingPrime" version="1.5.27.138">UnifiedRoutingPrimeAnchor (1.5.27.138)</package>
        </Required>
        <Dependent type="60" displayName="ECER - Application Main Form" parentDisplayName="Application" id="{2420375a-7e39-4cbc-a810-8079c3f08eef}" />
      </MissingDependency>
      <MissingDependency>
        <Required type="26" schemaName="Active Professional Developments" displayName="Active Professional Developments" parentSchemaName="ecer_professionaldevelopment" parentDisplayName="Professional Development" solution="Active" id="{2cd4441c-b561-4b51-8238-8160559f4d61}" />
        <Dependent type="60" displayName="ECER - Application Main Form" parentDisplayName="Application" id="{2420375a-7e39-4cbc-a810-8079c3f08eef}" />
      </MissingDependency>
      <MissingDependency>
        <Required type="26" schemaName="Omnichannel Users" displayName="Omnichannel Users" parentSchemaName="systemuser" parentDisplayName="User" solution="OmnichannelBase (1.10.0.110)" id="{30561b8d-8dbd-e811-8149-000d3a45c66e}">
          <package appName="UnifiedRoutingPrime" version="1.5.27.138">UnifiedRoutingPrimeAnchor (1.5.27.138)</package>
        </Required>
        <Dependent type="60" displayName="ECER - Application Main Form" parentDisplayName="Application" id="{2420375a-7e39-4cbc-a810-8079c3f08eef}" />
      </MissingDependency>
      <MissingDependency>
        <Required type="26" schemaName="Active Root Communications" displayName="Active Root Communications" parentSchemaName="ecer_communication" parentDisplayName="Communication" solution="Active" id="{35dba86f-be34-ef11-8e4e-0022486dc4b6}" />
        <Dependent type="60" displayName="ECER - Application Main Form" parentDisplayName="Application" id="{2420375a-7e39-4cbc-a810-8079c3f08eef}" />
      </MissingDependency>
      <MissingDependency>
        <Required type="26" schemaName="Active Certificates" displayName="Active Certificates" parentSchemaName="ecer_certificate" parentDisplayName="Certificate" solution="Active" id="{3dc83716-5a75-4d36-a447-7538b3dc97b0}" />
        <Dependent type="60" displayName="ECER - Application Main Form" parentDisplayName="Application" id="{2420375a-7e39-4cbc-a810-8079c3f08eef}" />
      </MissingDependency>
      <MissingDependency>
        <Required type="26" schemaName="Active Document Urls" displayName="Active Document Urls" parentSchemaName="bcgov_documenturl" parentDisplayName="Document Url" solution="S3DocumentManagement (1.0.0.11)" id="{446b3482-72e8-4ac2-ba74-94e58e269c1b}" />
        <Dependent type="60" displayName="ECER - Application Main Form" parentDisplayName="Application" id="{2420375a-7e39-4cbc-a810-8079c3f08eef}" />
      </MissingDependency>
      <MissingDependency>
        <Required type="26" schemaName="Stub Users" displayName="Stub Users" parentSchemaName="systemuser" parentDisplayName="User" solution="AuthorizationCore (1.127.0.0)" id="{490b1410-d231-46b0-b5fa-60017b21ab14}">
          <package appName="Authorization Package" version="1.7.0.0">msft_PrivilegeChecker (1.7.0.0)</package>
        </Required>
        <Dependent type="60" displayName="ECER - Application Main Form" parentDisplayName="Application" id="{2420375a-7e39-4cbc-a810-8079c3f08eef}" />
      </MissingDependency>
      <MissingDependency>
        <Required type="26" schemaName="All Application Assessments Subgrid" displayName="All Application Assessments Subgrid" parentSchemaName="ecer_applicationassessment" parentDisplayName="Application Assessment" solution="Active" id="{57ad2f44-909b-ef11-8a69-6045bdccf571}" />
        <Dependent type="60" displayName="ECER - Application Main Form" parentDisplayName="Application" id="{2420375a-7e39-4cbc-a810-8079c3f08eef}" />
      </MissingDependency>
      <MissingDependency>
        <Required type="26" schemaName="Transcripts for Application Subgrid" displayName="Transcripts for Application Subgrid" parentSchemaName="ecer_transcript" parentDisplayName="Education Transcript" solution="Active" id="{5967d391-b438-ef11-a316-0022486dc4b6}" />
        <Dependent type="60" displayName="ECER - Application Main Form" parentDisplayName="Application" id="{2420375a-7e39-4cbc-a810-8079c3f08eef}" />
      </MissingDependency>
      <MissingDependency>
        <Required type="26" schemaName="Soft deleted Users" displayName="Soft deleted Users" parentSchemaName="systemuser" parentDisplayName="User" solution="AuthorizationCore (1.127.0.0)" id="{5fda842a-004b-42b4-a611-b93c2c69667e}">
          <package appName="Authorization Package" version="1.7.0.0">msft_PrivilegeChecker (1.7.0.0)</package>
        </Required>
        <Dependent type="60" displayName="ECER - Application Main Form" parentDisplayName="Application" id="{2420375a-7e39-4cbc-a810-8079c3f08eef}" />
      </MissingDependency>
      <MissingDependency>
        <Required type="26" schemaName="By Me" displayName="By Me" parentSchemaName="systemuser" parentDisplayName="User" solution="ActivityFeedsCore (9.0.0.0011)" id="{79ea2cce-4c0d-4de8-a6a4-ab4b2e362937}">
          <package appName="ActivityFeedsCore" version="9.0.0.0011">ActivityFeedsCore (9.0.0.0011)</package>
        </Required>
        <Dependent type="60" displayName="ECER - Application Main Form" parentDisplayName="Application" id="{2420375a-7e39-4cbc-a810-8079c3f08eef}" />
      </MissingDependency>
      <MissingDependency>
        <Required type="26" schemaName="Agents" displayName="Agents" parentSchemaName="systemuser" parentDisplayName="User" solution="OmnichannelBase (1.10.0.110)" id="{94b84e8f-2772-eb11-a812-000d3a374668}">
          <package appName="UnifiedRoutingPrime" version="1.5.27.138">UnifiedRoutingPrimeAnchor (1.5.27.138)</package>
        </Required>
        <Dependent type="60" displayName="ECER - Application Main Form" parentDisplayName="Application" id="{2420375a-7e39-4cbc-a810-8079c3f08eef}" />
      </MissingDependency>
      <MissingDependency>
        <Required type="26" schemaName="Bot agents" displayName="Bot agents" parentSchemaName="systemuser" parentDisplayName="User" solution="OmnichannelBotEnabler (1.5.0.4)" id="{99a522b5-e038-e911-a9aa-000d3a36c3bf}">
          <package appName="OmnichannelPrime" version="1.10.0.35">msdyn_ContactCenterEnablement (1.10.0.35)</package>
        </Required>
        <Dependent type="60" displayName="ECER - Application Main Form" parentDisplayName="Application" id="{2420375a-7e39-4cbc-a810-8079c3f08eef}" />
      </MissingDependency>
      <MissingDependency>
        <Required type="26" schemaName="@Me" displayName="@Me" parentSchemaName="systemuser" parentDisplayName="User" solution="ActivityFeedsCore (9.0.0.0011)" id="{9c91ff7f-3df9-4aa9-9f00-aaa2beb3192f}">
          <package appName="ActivityFeedsCore" version="9.0.0.0011">ActivityFeedsCore (9.0.0.0011)</package>
        </Required>
        <Dependent type="60" displayName="ECER - Application Main Form" parentDisplayName="Application" id="{2420375a-7e39-4cbc-a810-8079c3f08eef}" />
      </MissingDependency>
      <MissingDependency>
        <Required type="26" schemaName="Users I Follow" displayName="Users I Follow" parentSchemaName="systemuser" parentDisplayName="User" solution="ActivityFeedsCore (9.0.0.0011)" id="{b2529a68-5f90-e011-95ae-00155d9cfa02}">
          <package appName="ActivityFeedsCore" version="9.0.0.0011">ActivityFeedsCore (9.0.0.0011)</package>
        </Required>
        <Dependent type="60" displayName="ECER - Application Main Form" parentDisplayName="Application" id="{2420375a-7e39-4cbc-a810-8079c3f08eef}" />
      </MissingDependency>
      <MissingDependency>
        <Required type="26" schemaName="Supervisors" displayName="Supervisors" parentSchemaName="systemuser" parentDisplayName="User" solution="OmnichannelBase (1.10.0.110)" id="{b702c2d1-1c72-eb11-a812-000d3a374668}">
          <package appName="UnifiedRoutingPrime" version="1.5.27.138">UnifiedRoutingPrimeAnchor (1.5.27.138)</package>
        </Required>
        <Dependent type="60" displayName="ECER - Application Main Form" parentDisplayName="Application" id="{2420375a-7e39-4cbc-a810-8079c3f08eef}" />
      </MissingDependency>
      <MissingDependency>
        <Required type="26" schemaName="Active Investigation Parallel Process Communications" displayName="Active Investigation Parallel Process Communications" parentSchemaName="ecer_investigationparallelprocesscommunication" parentDisplayName="Investigation Parallel Process Communication" solution="Active" id="{bf5cf25e-bd5b-47c0-b20b-2b7e2b2e4f00}" />
        <Dependent type="60" displayName="ECER - Application Main Form" parentDisplayName="Application" id="{2420375a-7e39-4cbc-a810-8079c3f08eef}" />
      </MissingDependency>
      <MissingDependency>
        <Required type="26" schemaName="Active Transcripts" displayName="Active Transcripts" parentSchemaName="ecer_transcript" parentDisplayName="Education Transcript" solution="Active" id="{ce72eb86-b6b4-4a9c-a80a-6c47cedc82cb}" />
        <Dependent type="60" displayName="ECER - Application Main Form" parentDisplayName="Application" id="{2420375a-7e39-4cbc-a810-8079c3f08eef}" />
      </MissingDependency>
      <MissingDependency>
        <Required type="26" schemaName="Character References on Application Subgrid" displayName="Character References on Application Subgrid" parentSchemaName="ecer_characterreference" parentDisplayName="Character Reference" solution="Active" id="{dbd7891c-8b0c-ef11-9f89-6045bdcd18f7}" />
        <Dependent type="60" displayName="ECER - Application Main Form" parentDisplayName="Application" id="{2420375a-7e39-4cbc-a810-8079c3f08eef}" />
      </MissingDependency>
      <MissingDependency>
        <Required type="26" schemaName="Active Work Experience References" displayName="Active Work Experience References" parentSchemaName="ecer_workexperienceref" parentDisplayName="Work Experience Reference" solution="Active" id="{e2da58a3-f0ae-4160-816b-a39518aa6845}" />
        <Dependent type="60" displayName="ECER - Application Main Form" parentDisplayName="Application" id="{2420375a-7e39-4cbc-a810-8079c3f08eef}" />
      </MissingDependency>
      <MissingDependency>
        <Required type="26" schemaName="Investigation BU Users" displayName="Investigation BU Users" parentSchemaName="systemuser" parentDisplayName="User" solution="Active" id="{e495d0a6-5d4c-f011-877b-0022483caef2}" />
        <Dependent type="60" displayName="ECER - Application Main Form" parentDisplayName="Application" id="{2420375a-7e39-4cbc-a810-8079c3f08eef}" />
      </MissingDependency>
      <MissingDependency>
        <Required type="26" schemaName="Active Communications" displayName="Active Communications" parentSchemaName="ecer_communication" parentDisplayName="Communication" solution="Active" id="{e7227d54-8af0-4b94-b275-c3919ecc17f1}" />
        <Dependent type="60" displayName="ECER - Application Main Form" parentDisplayName="Application" id="{2420375a-7e39-4cbc-a810-8079c3f08eef}" />
      </MissingDependency>
      <MissingDependency>
        <Required type="26" schemaName="Users Following" displayName="Users Following" parentSchemaName="systemuser" parentDisplayName="User" solution="ActivityFeedsCore (9.0.0.0011)" id="{e8ac8d63-47ba-e011-b85e-00155d8a2749}">
          <package appName="ActivityFeedsCore" version="9.0.0.0011">ActivityFeedsCore (9.0.0.0011)</package>
        </Required>
        <Dependent type="60" displayName="ECER - Application Main Form" parentDisplayName="Application" id="{2420375a-7e39-4cbc-a810-8079c3f08eef}" />
      </MissingDependency>
      <MissingDependency>
        <Required type="26" schemaName="Active Character References" displayName="Active Character References" parentSchemaName="ecer_characterreference" parentDisplayName="Character Reference" solution="Active" id="{fbdd6f96-be2d-40e8-9359-62b026b4d7f8}" />
        <Dependent type="60" displayName="ECER - Application Main Form" parentDisplayName="Application" id="{2420375a-7e39-4cbc-a810-8079c3f08eef}" />
      </MissingDependency>
      <MissingDependency>
        <Required type="26" schemaName="Active PSP Referrals" displayName="Active PSP Referrals" parentSchemaName="ecer_pspreferral" parentDisplayName="PSP Referral" solution="Active" id="{fbe42b2b-5eaf-4c31-a79b-168aa7a99186}" />
        <Dependent type="60" displayName="ECER - Application Main Form" parentDisplayName="Application" id="{2420375a-7e39-4cbc-a810-8079c3f08eef}" />
      </MissingDependency>
      <MissingDependency>
        <Required type="59" schemaName="Emails by Month Due" displayName="Emails by Month Due" parentSchemaName="email" parentDisplayName="Email" solution="msdynce_AppCommon (9.0.4.0066)" id="{1ec1872a-23de-4294-9d7f-1b76272a5fd5}">
          <package appName="msdynce_AppCommon" version="9.0.25112.10001">msdynce_AppCommonAnchor (9.0.25112.10001)</package>
        </Required>
        <Dependent type="60" displayName="ECER - Application Main Form" parentDisplayName="Application" id="{2420375a-7e39-4cbc-a810-8079c3f08eef}" />
      </MissingDependency>
      <MissingDependency>
        <Required type="59" schemaName="Phone Calls by Month Due" displayName="Phone Calls by Month Due" parentSchemaName="phonecall" parentDisplayName="Phone Call" solution="msdynce_AppCommon (9.0.4.0066)" id="{399945c7-d07f-444e-9e54-d5fa4042290c}">
          <package appName="msdynce_AppCommon" version="9.0.25112.10001">msdynce_AppCommonAnchor (9.0.25112.10001)</package>
        </Required>
        <Dependent type="60" displayName="ECER - Application Main Form" parentDisplayName="Application" id="{2420375a-7e39-4cbc-a810-8079c3f08eef}" />
      </MissingDependency>
      <MissingDependency>
        <Required type="59" schemaName="Tasks by Month Due" displayName="Tasks by Month Due" parentSchemaName="task" parentDisplayName="Task" solution="msdynce_AppCommon (9.0.4.0066)" id="{9e6a8b06-6d14-46e6-bbf5-95c388c6eb7a}">
          <package appName="msdynce_AppCommon" version="9.0.25112.10001">msdynce_AppCommonAnchor (9.0.25112.10001)</package>
        </Required>
        <Dependent type="60" displayName="ECER - Application Main Form" parentDisplayName="Application" id="{2420375a-7e39-4cbc-a810-8079c3f08eef}" />
      </MissingDependency>
      <MissingDependency>
        <Required type="60" displayName="ECER - Applicant QV Form" parentDisplayName="Contact" solution="Active" id="{538ffd29-61b5-ee11-a569-000d3af4f18a}" />
        <Dependent type="60" displayName="ECER - Application Main Form" parentDisplayName="Application" id="{2420375a-7e39-4cbc-a810-8079c3f08eef}" />
      </MissingDependency>
      <MissingDependency>
        <Required type="60" displayName="ECER - Certificate Conditions QV Form " parentDisplayName="Contact" solution="Active" id="{b2b89cb5-8ce0-ee11-904c-0022486e1cec}" />
        <Dependent type="60" displayName="ECER - Application Main Form" parentDisplayName="Application" id="{2420375a-7e39-4cbc-a810-8079c3f08eef}" />
      </MissingDependency>
      <MissingDependency>
        <Required type="60" displayName="ECER - Quickview Form" parentDisplayName="Certification Comparison" solution="Active" id="{d006774e-42a0-4c99-b287-9846b63425ef}" />
        <Dependent type="60" displayName="ECER - Application Main Form" parentDisplayName="Application" id="{2420375a-7e39-4cbc-a810-8079c3f08eef}" />
      </MissingDependency>
      <MissingDependency>
        <Required type="60" displayName="ECER - Quickview Form" parentDisplayName="Certificate" solution="Active" id="{f90fe520-e23b-4a27-b591-671a8d318fdc}" />
        <Dependent type="60" displayName="ECER - Application Main Form" parentDisplayName="Application" id="{2420375a-7e39-4cbc-a810-8079c3f08eef}" />
      </MissingDependency>
      <MissingDependency>
        <Required type="61" schemaName="bcgov_/Scripts/DocumentUrl/OnLoad.js" displayName="bcgov_/Scripts/DocumentUrl/OnLoad.js" solution="S3DocumentManagement (1.0.0.11)" />
        <Dependent type="60" displayName="ECER - Application Main Form" parentDisplayName="Application" id="{2420375a-7e39-4cbc-a810-8079c3f08eef}" />
      </MissingDependency>
      <MissingDependency>
        <Required type="61" schemaName="bcgov_/Scripts/DocumentUrl/Upload.html" displayName="bcgov_/Scripts/DocumentUrl/Upload.html" solution="S3DocumentManagement (1.0.0.11)" />
        <Dependent type="60" displayName="ECER - Application Main Form" parentDisplayName="Application" id="{2420375a-7e39-4cbc-a810-8079c3f08eef}" />
      </MissingDependency>
      <MissingDependency>
        <Required type="61" schemaName="ecer_application.js" displayName="ecer_application.js" solution="Active" />
        <Dependent type="60" displayName="ECER - Application Main Form" parentDisplayName="Application" id="{2420375a-7e39-4cbc-a810-8079c3f08eef}" />
      </MissingDependency>
      <MissingDependency>
        <Required type="61" schemaName="ecer_ApplicationIcon.svg" displayName="ecer_ApplicationIcon.svg" solution="Active" />
        <Dependent type="1" schemaName="ecer_application" displayName="Application" />
      </MissingDependency>
      <MissingDependency>
        <Required type="61" schemaName="ecer_decisioncomment.js" displayName="ecer_decisioncomment.js" solution="Active" />
        <Dependent type="60" displayName="ECER - Application Main Form" parentDisplayName="Application" id="{2420375a-7e39-4cbc-a810-8079c3f08eef}" />
      </MissingDependency>
      <MissingDependency>
        <Required type="61" schemaName="ecer_Province.svg" displayName="ecer_Province.svg" solution="Active" />
        <Dependent type="1" schemaName="ecer_province" displayName="Province" />
      </MissingDependency>
      <MissingDependency>
        <Required type="61" schemaName="ecer_pspreferal.js" displayName="ecer_pspreferal.js" solution="Active" />
        <Dependent type="60" displayName="ECER - Application Main Form" parentDisplayName="Application" id="{2420375a-7e39-4cbc-a810-8079c3f08eef}" />
      </MissingDependency>
      <MissingDependency>
        <Required type="61" schemaName="ecer_utility.js" displayName="ecer_utility.js" solution="Active" />
        <Dependent type="60" displayName="ECER - Application Main Form" parentDisplayName="Application" id="{2420375a-7e39-4cbc-a810-8079c3f08eef}" />
      </MissingDependency>
      <MissingDependency>
        <Required type="66" schemaName="MscrmControls.FieldControls.ToggleControl" displayName="MscrmControls.FieldControls.ToggleControl" solution="BaseCustomControlsCore (9.0.2511.2009)">
          <package appName="Base Custom Controls" version="9.0.2511.2009">BaseCustomControlsCore (9.0.2511.2009)</package>
        </Required>
        <Dependent type="60" displayName="ECER - Application Main Form" parentDisplayName="Application" id="{2420375a-7e39-4cbc-a810-8079c3f08eef}" />
      </MissingDependency>
      <MissingDependency>
        <Required type="66" schemaName="MscrmControls.Grid.GridControl" displayName="MscrmControls.Grid.GridControl" solution="BaseCustomControlsCore (9.0.2511.2009)">
          <package appName="Base Custom Controls" version="9.0.2511.2009">BaseCustomControlsCore (9.0.2511.2009)</package>
        </Required>
        <Dependent type="60" displayName="ECER - Application Main Form" parentDisplayName="Application" id="{2420375a-7e39-4cbc-a810-8079c3f08eef}" />
      </MissingDependency>
      <MissingDependency>
        <Required type="66" schemaName="MscrmControls.OptionSet.OptionSetControl" displayName="MscrmControls.OptionSet.OptionSetControl" solution="CustomControlsCore (9.2.25112.00150)">
          <package appName="Custom Controls Package" version="9.2.25112.00150">CustomControlsCore (9.2.25112.00150)</package>
        </Required>
        <Dependent type="60" displayName="ECER - Application Main Form" parentDisplayName="Application" id="{2420375a-7e39-4cbc-a810-8079c3f08eef}" />
      </MissingDependency>
    </MissingDependencies>
  </SolutionManifest>
</ImportExportXml>