<ImportExportXml version="9.2.25042.190" SolutionPackageVersion="9.2" languagecode="1033" generatedBy="CrmLive" xmlns:xsi="http://www.w3.org/2001/XMLSchema-instance" OrganizationVersion="9.2.25042.190" OrganizationSchemaType="Full" CRMServerServiceabilityVersion="9.2.25043.00194">
  <SolutionManifest>
    <UniqueName>ECER4698</UniqueName>
    <LocalizedNames>
      <LocalizedName description="ECER-4698" languagecode="1033" />
    </LocalizedNames>
    <Descriptions />
    <Version>1.1.2.1</Version>
    <Managed>0</Managed>
    <Publisher>
      <UniqueName>ecer</UniqueName>
      <LocalizedNames>
        <LocalizedName description="ECER" languagecode="1033" />
      </LocalizedNames>
      <Descriptions>
        <Description description="publisher for all customization for ECER Dynamics instance" languagecode="1033" />
      </Descriptions>
      <EMailAddress xsi:nil="true"></EMailAddress>
      <SupportingWebsiteUrl xsi:nil="true"></SupportingWebsiteUrl>
      <CustomizationPrefix>ecer</CustomizationPrefix>
      <CustomizationOptionValuePrefix>62187</CustomizationOptionValuePrefix>
      <Addresses>
        <Address>
          <AddressNumber>1</AddressNumber>
          <AddressTypeCode>1</AddressTypeCode>
          <City xsi:nil="true"></City>
          <County xsi:nil="true"></County>
          <Country xsi:nil="true"></Country>
          <Fax xsi:nil="true"></Fax>
          <FreightTermsCode xsi:nil="true"></FreightTermsCode>
          <ImportSequenceNumber xsi:nil="true"></ImportSequenceNumber>
          <Latitude xsi:nil="true"></Latitude>
          <Line1 xsi:nil="true"></Line1>
          <Line2 xsi:nil="true"></Line2>
          <Line3 xsi:nil="true"></Line3>
          <Longitude xsi:nil="true"></Longitude>
          <Name xsi:nil="true"></Name>
          <PostalCode xsi:nil="true"></PostalCode>
          <PostOfficeBox xsi:nil="true"></PostOfficeBox>
          <PrimaryContactName xsi:nil="true"></PrimaryContactName>
          <ShippingMethodCode>1</ShippingMethodCode>
          <StateOrProvince xsi:nil="true"></StateOrProvince>
          <Telephone1 xsi:nil="true"></Telephone1>
          <Telephone2 xsi:nil="true"></Telephone2>
          <Telephone3 xsi:nil="true"></Telephone3>
          <TimeZoneRuleVersionNumber xsi:nil="true"></TimeZoneRuleVersionNumber>
          <UPSZone xsi:nil="true"></UPSZone>
          <UTCOffset xsi:nil="true"></UTCOffset>
          <UTCConversionTimeZoneCode xsi:nil="true"></UTCConversionTimeZoneCode>
        </Address>
        <Address>
          <AddressNumber>2</AddressNumber>
          <AddressTypeCode>1</AddressTypeCode>
          <City xsi:nil="true"></City>
          <County xsi:nil="true"></County>
          <Country xsi:nil="true"></Country>
          <Fax xsi:nil="true"></Fax>
          <FreightTermsCode xsi:nil="true"></FreightTermsCode>
          <ImportSequenceNumber xsi:nil="true"></ImportSequenceNumber>
          <Latitude xsi:nil="true"></Latitude>
          <Line1 xsi:nil="true"></Line1>
          <Line2 xsi:nil="true"></Line2>
          <Line3 xsi:nil="true"></Line3>
          <Longitude xsi:nil="true"></Longitude>
          <Name xsi:nil="true"></Name>
          <PostalCode xsi:nil="true"></PostalCode>
          <PostOfficeBox xsi:nil="true"></PostOfficeBox>
          <PrimaryContactName xsi:nil="true"></PrimaryContactName>
          <ShippingMethodCode>1</ShippingMethodCode>
          <StateOrProvince xsi:nil="true"></StateOrProvince>
          <Telephone1 xsi:nil="true"></Telephone1>
          <Telephone2 xsi:nil="true"></Telephone2>
          <Telephone3 xsi:nil="true"></Telephone3>
          <TimeZoneRuleVersionNumber xsi:nil="true"></TimeZoneRuleVersionNumber>
          <UPSZone xsi:nil="true"></UPSZone>
          <UTCOffset xsi:nil="true"></UTCOffset>
          <UTCConversionTimeZoneCode xsi:nil="true"></UTCConversionTimeZoneCode>
        </Address>
      </Addresses>
    </Publisher>
    <RootComponents>
      <RootComponent type="1" schemaName="email" behavior="2" />
      <RootComponent type="61" schemaName="ecer_email.js" behavior="0" />
    </RootComponents>
    <MissingDependencies>
      <MissingDependency>
        <Required type="10" schemaName="ecer_email_Applicationid" displayName="ecer_email_Applicationid" parentSchemaName="ecer_application" parentDisplayName="Application" solution="Active" />
        <Dependent type="60" displayName="ECER - Email Main Form - Enhanced Email" parentDisplayName="Email" id="{63769d04-c74f-4808-b0aa-77339e1b9191}" />
      </MissingDependency>
      <MissingDependency>
        <Required type="10" schemaName="ecer_email_CommunicationId" displayName="ecer_email_CommunicationId" parentSchemaName="ecer_communication" parentDisplayName="Communication" solution="Active" />
        <Dependent type="60" displayName="ECER - Email Main Form - Enhanced Email" parentDisplayName="Email" id="{63769d04-c74f-4808-b0aa-77339e1b9191}" />
      </MissingDependency>
      <MissingDependency>
        <Required type="2" schemaName="ecer_applicationid" displayName="Application" parentSchemaName="email" parentDisplayName="Email" solution="Active" />
        <Dependent type="60" displayName="ECER - Email Main Form - Enhanced Email" parentDisplayName="Email" id="{63769d04-c74f-4808-b0aa-77339e1b9191}" />
      </MissingDependency>
      <MissingDependency>
        <Required type="2" schemaName="ecer_communicationid" displayName="Communication" parentSchemaName="email" parentDisplayName="Email" solution="Active" />
        <Dependent type="60" displayName="ECER - Email Main Form - Enhanced Email" parentDisplayName="Email" id="{63769d04-c74f-4808-b0aa-77339e1b9191}" />
      </MissingDependency>
      <MissingDependency>
        <Required type="2" schemaName="msdyn_sentiment" displayName="Sentiment" parentSchemaName="email" parentDisplayName="Email" solution="msdyn_EmailIntelligence (9.0.25042.2007)">
          <package appName="ServiceExtended" version="9.0.25042.2007">msdyn_ServiceExtendedAnchor (9.0.25042.2007)</package>
        </Required>
        <Dependent type="60" displayName="ECER - Email Main Form - Enhanced Email" parentDisplayName="Email" id="{63769d04-c74f-4808-b0aa-77339e1b9191}" />
      </MissingDependency>
      <MissingDependency>
        <Required type="60" displayName="ECER - Email Main Form - Enhanced Email" parentDisplayName="Email" solution="msdynce_ActivitiesPatch (9.0.25041.250403000)" id="{63769d04-c74f-4808-b0aa-77339e1b9191}">
          <package appName="msdynce_Activities" version="9.0.25036.250331000">msdynce_EnableUCIByDefault (9.0.25036.250331000)</package>
        </Required>
        <Dependent type="60" displayName="ECER - Email Main Form - Enhanced Email" parentDisplayName="Email" id="{63769d04-c74f-4808-b0aa-77339e1b9191}" />
      </MissingDependency>
      <MissingDependency>
        <Required type="61" schemaName="ecer_utility.js" displayName="ecer_utility.js" solution="Active" />
        <Dependent type="60" displayName="ECER - Email Main Form - Enhanced Email" parentDisplayName="Email" id="{63769d04-c74f-4808-b0aa-77339e1b9191}" />
      </MissingDependency>
      <MissingDependency>
        <Required type="61" schemaName="EmailIntelligence/EmailSentiment/msdyn_EmailSentiment.js" displayName="EmailIntelligence/EmailSentiment/msdyn_EmailSentiment.js" solution="msdyn_EmailIntelligence (9.0.25042.2007)">
          <package appName="ServiceExtended" version="9.0.25042.2007">msdyn_ServiceExtendedAnchor (9.0.25042.2007)</package>
        </Required>
        <Dependent type="60" displayName="ECER - Email Main Form - Enhanced Email" parentDisplayName="Email" id="{63769d04-c74f-4808-b0aa-77339e1b9191}" />
      </MissingDependency>
      <MissingDependency>
        <Required type="61" schemaName="msdyn_SalesCopilot/Copilot.Library.js" displayName="msdyn_SalesCopilot/Copilot.Library.js" solution="msdyn_SalesCopilot (9.1.25043.10004)">
          <package appName="msdynce_Sales" version="9.0.25043.10007">msdynce_SalesAnchor (9.0.25043.10007)</package>
        </Required>
        <Dependent type="60" displayName="ECER - Email Main Form - Enhanced Email" parentDisplayName="Email" id="{63769d04-c74f-4808-b0aa-77339e1b9191}" />
      </MissingDependency>
      <MissingDependency>
        <Required type="66" schemaName="MscrmControls.FieldControls.EmailSentimentControl" displayName="MscrmControls.FieldControls.EmailSentimentControl" solution="msdyn_EmailIntelligence (9.0.25042.2007)">
          <package appName="ServiceExtended" version="9.0.25042.2007">msdyn_ServiceExtendedAnchor (9.0.25042.2007)</package>
        </Required>
        <Dependent type="60" displayName="ECER - Email Main Form - Enhanced Email" parentDisplayName="Email" id="{63769d04-c74f-4808-b0aa-77339e1b9191}" />
      </MissingDependency>
      <MissingDependency>
        <Required type="66" schemaName="MscrmControls.Grid.ReadOnlyGrid" displayName="MscrmControls.Grid.ReadOnlyGrid" solution="BaseCustomControlsCore (9.0.2504.2009)">
          <package appName="Base Custom Controls" version="9.0.2504.2009">BaseCustomControlsCore (9.0.2504.2009)</package>
        </Required>
        <Dependent type="60" displayName="ECER - Email Main Form - Enhanced Email" parentDisplayName="Email" id="{63769d04-c74f-4808-b0aa-77339e1b9191}" />
      </MissingDependency>
      <MissingDependency>
        <Required type="66" schemaName="MscrmControls.RichTextEditor.RichTextEditorControl" displayName="MscrmControls.RichTextEditor.RichTextEditorControl" solution="msdyn_RichTextEditor (1.25042.4.5976)">
          <package appName="msdynce_Activities" version="9.0.25036.250331000">msdynce_EnableUCIByDefault (9.0.25036.250331000)</package>
          <package appName="msdyn_CustomControlsExtended" version="1.25042.4.3405">msdyn_TimelineExtended (1.25042.4.3405)</package>
        </Required>
        <Dependent type="60" displayName="ECER - Email Main Form - Enhanced Email" parentDisplayName="Email" id="{63769d04-c74f-4808-b0aa-77339e1b9191}" />
      </MissingDependency>
    </MissingDependencies>
  </SolutionManifest>
</ImportExportXml>