<ImportExportXml version="9.2.25083.141" SolutionPackageVersion="9.2" languagecode="1033" generatedBy="CrmLive" xmlns:xsi="http://www.w3.org/2001/XMLSchema-instance" OrganizationVersion="9.2.25083.141" OrganizationSchemaType="Full" CRMServerServiceabilityVersion="9.2.25083.00141">
  <SolutionManifest>
    <UniqueName>ECER5319</UniqueName>
    <LocalizedNames>
      <LocalizedName description="ECER-5319" languagecode="1033" />
    </LocalizedNames>
    <Descriptions />
    <Version>1.3.4.0</Version>
    <Managed>1</Managed>
    <Publisher>
      <UniqueName>ecer</UniqueName>
      <LocalizedNames>
        <LocalizedName description="ECER" languagecode="1033" />
      </LocalizedNames>
      <Descriptions>
        <Description description="publisher for all customization for ECER Dynamics instance" languagecode="1033" />
      </Descriptions>
      <EMailAddress xsi:nil="true"></EMailAddress>
      <SupportingWebsiteUrl xsi:nil="true"></SupportingWebsiteUrl>
      <CustomizationPrefix>ecer</CustomizationPrefix>
      <CustomizationOptionValuePrefix>62187</CustomizationOptionValuePrefix>
      <Addresses>
        <Address>
          <AddressNumber>1</AddressNumber>
          <AddressTypeCode>1</AddressTypeCode>
          <City xsi:nil="true"></City>
          <County xsi:nil="true"></County>
          <Country xsi:nil="true"></Country>
          <Fax xsi:nil="true"></Fax>
          <FreightTermsCode xsi:nil="true"></FreightTermsCode>
          <ImportSequenceNumber xsi:nil="true"></ImportSequenceNumber>
          <Latitude xsi:nil="true"></Latitude>
          <Line1 xsi:nil="true"></Line1>
          <Line2 xsi:nil="true"></Line2>
          <Line3 xsi:nil="true"></Line3>
          <Longitude xsi:nil="true"></Longitude>
          <Name xsi:nil="true"></Name>
          <PostalCode xsi:nil="true"></PostalCode>
          <PostOfficeBox xsi:nil="true"></PostOfficeBox>
          <PrimaryContactName xsi:nil="true"></PrimaryContactName>
          <ShippingMethodCode>1</ShippingMethodCode>
          <StateOrProvince xsi:nil="true"></StateOrProvince>
          <Telephone1 xsi:nil="true"></Telephone1>
          <Telephone2 xsi:nil="true"></Telephone2>
          <Telephone3 xsi:nil="true"></Telephone3>
          <TimeZoneRuleVersionNumber xsi:nil="true"></TimeZoneRuleVersionNumber>
          <UPSZone xsi:nil="true"></UPSZone>
          <UTCOffset xsi:nil="true"></UTCOffset>
          <UTCConversionTimeZoneCode xsi:nil="true"></UTCConversionTimeZoneCode>
        </Address>
        <Address>
          <AddressNumber>2</AddressNumber>
          <AddressTypeCode>1</AddressTypeCode>
          <City xsi:nil="true"></City>
          <County xsi:nil="true"></County>
          <Country xsi:nil="true"></Country>
          <Fax xsi:nil="true"></Fax>
          <FreightTermsCode xsi:nil="true"></FreightTermsCode>
          <ImportSequenceNumber xsi:nil="true"></ImportSequenceNumber>
          <Latitude xsi:nil="true"></Latitude>
          <Line1 xsi:nil="true"></Line1>
          <Line2 xsi:nil="true"></Line2>
          <Line3 xsi:nil="true"></Line3>
          <Longitude xsi:nil="true"></Longitude>
          <Name xsi:nil="true"></Name>
          <PostalCode xsi:nil="true"></PostalCode>
          <PostOfficeBox xsi:nil="true"></PostOfficeBox>
          <PrimaryContactName xsi:nil="true"></PrimaryContactName>
          <ShippingMethodCode>1</ShippingMethodCode>
          <StateOrProvince xsi:nil="true"></StateOrProvince>
          <Telephone1 xsi:nil="true"></Telephone1>
          <Telephone2 xsi:nil="true"></Telephone2>
          <Telephone3 xsi:nil="true"></Telephone3>
          <TimeZoneRuleVersionNumber xsi:nil="true"></TimeZoneRuleVersionNumber>
          <UPSZone xsi:nil="true"></UPSZone>
          <UTCOffset xsi:nil="true"></UTCOffset>
          <UTCConversionTimeZoneCode xsi:nil="true"></UTCConversionTimeZoneCode>
        </Address>
      </Addresses>
    </Publisher>
    <RootComponents>
      <RootComponent type="29" id="{0a89e92c-af97-ef11-8a69-000d3a0a4c90}" behavior="0" />
    </RootComponents>
    <MissingDependencies>
      <MissingDependency>
        <Required type="1" schemaName="ecer_application" displayName="Application" solution="Active" />
        <Dependent type="29" displayName="ECER - WF - Checklist for Ready for Assessment" id="{0a89e92c-af97-ef11-8a69-000d3a0a4c90}" />
      </MissingDependency>
      <MissingDependency>
        <Required type="1" schemaName="ecer_certificate" displayName="Certificate" solution="Active" />
        <Dependent type="29" displayName="ECER - WF - Checklist for Ready for Assessment" id="{0a89e92c-af97-ef11-8a69-000d3a0a4c90}" />
      </MissingDependency>
      <MissingDependency>
        <Required type="2" schemaName="ecer_applicantage" displayName="Applicant Age" parentSchemaName="ecer_application" parentDisplayName="Application" solution="Active" />
        <Dependent type="29" displayName="ECER - WF - Checklist for Ready for Assessment" id="{0a89e92c-af97-ef11-8a69-000d3a0a4c90}" />
      </MissingDependency>
      <MissingDependency>
        <Required type="2" schemaName="ecer_applicationid" displayName="Application" parentSchemaName="ecer_application" parentDisplayName="Application" solution="Active" />
        <Dependent type="29" displayName="ECER - WF - Checklist for Ready for Assessment" id="{0a89e92c-af97-ef11-8a69-000d3a0a4c90}" />
      </MissingDependency>
      <MissingDependency>
        <Required type="2" schemaName="ecer_cerreviewed" displayName="Comprehensive Report Reviewed" parentSchemaName="ecer_application" parentDisplayName="Application" solution="Active" />
        <Dependent type="29" displayName="ECER - WF - Checklist for Ready for Assessment" id="{0a89e92c-af97-ef11-8a69-000d3a0a4c90}" />
      </MissingDependency>
      <MissingDependency>
        <Required type="2" schemaName="ecer_characterreferencereceived" displayName="Character Reference Received" parentSchemaName="ecer_application" parentDisplayName="Application" solution="Active" />
        <Dependent type="29" displayName="ECER - WF - Checklist for Ready for Assessment" id="{0a89e92c-af97-ef11-8a69-000d3a0a4c90}" />
      </MissingDependency>
      <MissingDependency>
        <Required type="2" schemaName="ecer_courseoutlinesreviewed" displayName="Course Outlines Reviewed" parentSchemaName="ecer_application" parentDisplayName="Application" solution="Active" />
        <Dependent type="29" displayName="ECER - WF - Checklist for Ready for Assessment" id="{0a89e92c-af97-ef11-8a69-000d3a0a4c90}" />
      </MissingDependency>
      <MissingDependency>
        <Required type="2" schemaName="ecer_datesubmitted" displayName="Date Submitted" parentSchemaName="ecer_application" parentDisplayName="Application" solution="Active" />
        <Dependent type="29" displayName="ECER - WF - Checklist for Ready for Assessment" id="{0a89e92c-af97-ef11-8a69-000d3a0a4c90}" />
      </MissingDependency>
      <MissingDependency>
        <Required type="2" schemaName="ecer_educationorigin" displayName="Education Origin" parentSchemaName="ecer_application" parentDisplayName="Application" solution="Active" />
        <Dependent type="29" displayName="ECER - WF - Checklist for Ready for Assessment" id="{0a89e92c-af97-ef11-8a69-000d3a0a4c90}" />
      </MissingDependency>
      <MissingDependency>
        <Required type="2" schemaName="ecer_educationrecognition" displayName="Education Recognition" parentSchemaName="ecer_application" parentDisplayName="Application" solution="Active" />
        <Dependent type="29" displayName="ECER - WF - Checklist for Ready for Assessment" id="{0a89e92c-af97-ef11-8a69-000d3a0a4c90}" />
      </MissingDependency>
      <MissingDependency>
        <Required type="2" schemaName="ecer_isece1yr" displayName="ECE 1 YR?" parentSchemaName="ecer_application" parentDisplayName="Application" solution="Active" />
        <Dependent type="29" displayName="ECER - WF - Checklist for Ready for Assessment" id="{0a89e92c-af97-ef11-8a69-000d3a0a4c90}" />
      </MissingDependency>
      <MissingDependency>
        <Required type="2" schemaName="ecer_isece5yr" displayName="ECE 5 YR?" parentSchemaName="ecer_application" parentDisplayName="Application" solution="Active" />
        <Dependent type="29" displayName="ECER - WF - Checklist for Ready for Assessment" id="{0a89e92c-af97-ef11-8a69-000d3a0a4c90}" />
      </MissingDependency>
      <MissingDependency>
        <Required type="2" schemaName="ecer_iseceassistant" displayName="ECE Assistant?" parentSchemaName="ecer_application" parentDisplayName="Application" solution="Active" />
        <Dependent type="29" displayName="ECER - WF - Checklist for Ready for Assessment" id="{0a89e92c-af97-ef11-8a69-000d3a0a4c90}" />
      </MissingDependency>
      <MissingDependency>
        <Required type="2" schemaName="ecer_isite" displayName="ITE?" parentSchemaName="ecer_application" parentDisplayName="Application" solution="Active" />
        <Dependent type="29" displayName="ECER - WF - Checklist for Ready for Assessment" id="{0a89e92c-af97-ef11-8a69-000d3a0a4c90}" />
      </MissingDependency>
      <MissingDependency>
        <Required type="2" schemaName="ecer_issne" displayName="SNE?" parentSchemaName="ecer_application" parentDisplayName="Application" solution="Active" />
        <Dependent type="29" displayName="ECER - WF - Checklist for Ready for Assessment" id="{0a89e92c-af97-ef11-8a69-000d3a0a4c90}" />
      </MissingDependency>
      <MissingDependency>
        <Required type="2" schemaName="ecer_name" displayName="Name" parentSchemaName="ecer_application" parentDisplayName="Application" solution="Active" />
        <Dependent type="29" displayName="ECER - WF - Checklist for Ready for Assessment" id="{0a89e92c-af97-ef11-8a69-000d3a0a4c90}" />
      </MissingDependency>
      <MissingDependency>
        <Required type="2" schemaName="ecer_parentalreferencereceived" displayName="Parental Reference Received" parentSchemaName="ecer_application" parentDisplayName="Application" solution="Active" />
        <Dependent type="29" displayName="ECER - WF - Checklist for Ready for Assessment" id="{0a89e92c-af97-ef11-8a69-000d3a0a4c90}" />
      </MissingDependency>
      <MissingDependency>
        <Required type="2" schemaName="ecer_professionaldevelopmentreceived" displayName="Professional Development Received" parentSchemaName="ecer_application" parentDisplayName="Application" solution="Active" />
        <Dependent type="29" displayName="ECER - WF - Checklist for Ready for Assessment" id="{0a89e92c-af97-ef11-8a69-000d3a0a4c90}" />
      </MissingDependency>
      <MissingDependency>
        <Required type="2" schemaName="ecer_programconfirmationreviewed" displayName="Program Confirmation Form Reviewed" parentSchemaName="ecer_application" parentDisplayName="Application" solution="Active" />
        <Dependent type="29" displayName="ECER - WF - Checklist for Ready for Assessment" id="{0a89e92c-af97-ef11-8a69-000d3a0a4c90}" />
      </MissingDependency>
      <MissingDependency>
        <Required type="2" schemaName="ecer_readyforassessment" displayName="Ready for Assessment" parentSchemaName="ecer_application" parentDisplayName="Application" solution="Active" />
        <Dependent type="29" displayName="ECER - WF - Checklist for Ready for Assessment" id="{0a89e92c-af97-ef11-8a69-000d3a0a4c90}" />
      </MissingDependency>
      <MissingDependency>
        <Required type="2" schemaName="ecer_readyforassessmentdate" displayName="Ready for Assessment Date" parentSchemaName="ecer_application" parentDisplayName="Application" solution="Active" />
        <Dependent type="29" displayName="ECER - WF - Checklist for Ready for Assessment" id="{0a89e92c-af97-ef11-8a69-000d3a0a4c90}" />
      </MissingDependency>
      <MissingDependency>
        <Required type="2" schemaName="ecer_renewalslateinyears" displayName="Renewals Late In Years" parentSchemaName="ecer_application" parentDisplayName="Application" solution="Active" />
        <Dependent type="29" displayName="ECER - WF - Checklist for Ready for Assessment" id="{0a89e92c-af97-ef11-8a69-000d3a0a4c90}" />
      </MissingDependency>
      <MissingDependency>
        <Required type="2" schemaName="ecer_statusreasondetail" displayName="Status Reason Detail" parentSchemaName="ecer_application" parentDisplayName="Application" solution="Active" />
        <Dependent type="29" displayName="ECER - WF - Checklist for Ready for Assessment" id="{0a89e92c-af97-ef11-8a69-000d3a0a4c90}" />
      </MissingDependency>
      <MissingDependency>
        <Required type="2" schemaName="ecer_transcriptreceived" displayName="Transcript Received" parentSchemaName="ecer_application" parentDisplayName="Application" solution="Active" />
        <Dependent type="29" displayName="ECER - WF - Checklist for Ready for Assessment" id="{0a89e92c-af97-ef11-8a69-000d3a0a4c90}" />
      </MissingDependency>
      <MissingDependency>
        <Required type="2" schemaName="ecer_type" displayName="Type" parentSchemaName="ecer_application" parentDisplayName="Application" solution="Active" />
        <Dependent type="29" displayName="ECER - WF - Checklist for Ready for Assessment" id="{0a89e92c-af97-ef11-8a69-000d3a0a4c90}" />
      </MissingDependency>
      <MissingDependency>
        <Required type="2" schemaName="ecer_workexperiencereceived" displayName="Work Experience Received" parentSchemaName="ecer_application" parentDisplayName="Application" solution="Active" />
        <Dependent type="29" displayName="ECER - WF - Checklist for Ready for Assessment" id="{0a89e92c-af97-ef11-8a69-000d3a0a4c90}" />
      </MissingDependency>
      <MissingDependency>
        <Required type="2" schemaName="ecer_certificateid" displayName="Certificate" parentSchemaName="ecer_certificate" parentDisplayName="Certificate" solution="Active" />
        <Dependent type="29" displayName="ECER - WF - Checklist for Ready for Assessment" id="{0a89e92c-af97-ef11-8a69-000d3a0a4c90}" />
      </MissingDependency>
      <MissingDependency>
        <Required type="2" schemaName="ecer_expirydate" displayName="Expiry Date" parentSchemaName="ecer_certificate" parentDisplayName="Certificate" solution="Active" />
        <Dependent type="29" displayName="ECER - WF - Checklist for Ready for Assessment" id="{0a89e92c-af97-ef11-8a69-000d3a0a4c90}" />
      </MissingDependency>
      <MissingDependency>
        <Required type="2" schemaName="ecer_name" displayName="Name" parentSchemaName="ecer_certificate" parentDisplayName="Certificate" solution="Active" />
        <Dependent type="29" displayName="ECER - WF - Checklist for Ready for Assessment" id="{0a89e92c-af97-ef11-8a69-000d3a0a4c90}" />
      </MissingDependency>
      <MissingDependency>
        <Required type="90" schemaName="CRM.CustomWorkflow.HasBooleanAttributeChangedActivity, CRM.CustomWorkflow, Version=1.0.0.0, Culture=neutral, PublicKeyToken=92a36b6d0823611e" displayName="CRM.CustomWorkflow.HasBooleanAttributeChangedActivity" solution="Active" id="{22db2c04-6ea1-4104-a91d-db15c58cdf90}" />
        <Dependent type="29" displayName="ECER - WF - Checklist for Ready for Assessment" id="{0a89e92c-af97-ef11-8a69-000d3a0a4c90}" />
      </MissingDependency>
      <MissingDependency>
        <Required type="90" schemaName="CRM.CustomWorkflow.GetRenewFromCertificateByApplication, CRM.CustomWorkflow, Version=1.0.0.0, Culture=neutral, PublicKeyToken=92a36b6d0823611e" displayName="CRM.CustomWorkflow.GetRenewFromCertificateByApplication" solution="Active" id="{651e2e21-8137-43e8-a0bc-059efa0e2316}" />
        <Dependent type="29" displayName="ECER - WF - Checklist for Ready for Assessment" id="{0a89e92c-af97-ef11-8a69-000d3a0a4c90}" />
      </MissingDependency>
      <MissingDependency>
        <Required type="90" schemaName="CRM.CustomWorkflow.DateDifferenceActivity, CRM.CustomWorkflow, Version=1.0.0.0, Culture=neutral, PublicKeyToken=92a36b6d0823611e" displayName="CRM.CustomWorkflow.DateDifferenceActivity" solution="Active" id="{81eb179a-9973-40ca-b69b-7fc0958c9b14}" />
        <Dependent type="29" displayName="ECER - WF - Checklist for Ready for Assessment" id="{0a89e92c-af97-ef11-8a69-000d3a0a4c90}" />
      </MissingDependency>
    </MissingDependencies>
  </SolutionManifest>
</ImportExportXml>