<ImportExportXml xmlns:xsi="http://www.w3.org/2001/XMLSchema-instance" OrganizationVersion="9.2.25104.144" OrganizationSchemaType="Full" CRMServerServiceabilityVersion="9.2.25104.00144">
  <Entities>
    <Entity>
      <Name LocalizedName="Character Reference" OriginalName="Character Reference">ecer_CharacterReference</Name>
      <EntityInfo>
        <entity Name="ecer_CharacterReference" unmodified="1">
          <attributes />
        </entity>
      </EntityInfo>
      <RibbonDiffXml>
        <CustomActions>
          <CustomAction Id="ecer.ecer_characterreference.ReferenceVerification.Button.CustomAction" Location="Mscrm.Form.ecer_characterreference.MainTab.ModernClient.Controls._children" Sequence="9">
            <CommandUIDefinition>
              <Button Alt="$LocLabels:ecer.ecer_characterreference.ReferenceVerification.Button.Alt" Command="ecer.ecer_characterreference.Command" Id="ecer.ecer_characterreference.ReferenceVerification.Button" Image16by16="" LabelText="$LocLabels:ecer.ecer_characterreference.ReferenceVerification.Button.LabelText" Sequence="9" ToolTipTitle="$LocLabels:ecer.ecer_characterreference.ReferenceVerification.Button.ToolTipTitle" ToolTipDescription="$LocLabels:ecer.ecer_characterreference.ReferenceVerification.Button.ToolTipDescription" ModernImage="$webresource:ecer_referral.svg" />
            </CommandUIDefinition>
          </CustomAction>
          <CustomAction Id="ecer.ecer_characterreference.RejectReference.Button.CustomAction" Location="Mscrm.Form.ecer_characterreference.MainTab.Save.Controls._children" Sequence="68">
            <CommandUIDefinition>
              <Button Alt="$LocLabels:ecer.ecer_characterreference.RejectReference.Button.Alt" Command="ecer.ecer_characterreference.RejectReference.Command" Id="ecer.ecer_characterreference.RejectReference.Button" LabelText="$LocLabels:ecer.ecer_characterreference.RejectReference.Button.LabelText" Sequence="68" TemplateAlias="o2" ToolTipTitle="$LocLabels:ecer.ecer_characterreference.RejectReference.Button.ToolTipTitle" ToolTipDescription="$LocLabels:ecer.ecer_characterreference.RejectReference.Button.ToolTipDescription" />
            </CommandUIDefinition>
          </CustomAction>
        </CustomActions>
        <Templates>
          <RibbonTemplates Id="Mscrm.Templates"></RibbonTemplates>
        </Templates>
        <CommandDefinitions>
          <CommandDefinition Id="ecer.ecer_characterreference.Command">
            <EnableRules>
              <EnableRule Id="ecer.ecer_characterreference.ReferenceVerification.EnableRule" />
            </EnableRules>
            <DisplayRules />
            <Actions>
              <JavaScriptFunction FunctionName="ECER.Jscripts.Investigation.characterReferenceVerification" Library="$webresource:ecer_investigation.js">
                <CrmParameter Value="PrimaryControl" />
              </JavaScriptFunction>
            </Actions>
          </CommandDefinition>
          <CommandDefinition Id="ecer.ecer_characterreference.RejectReference.Command">
            <EnableRules />
            <DisplayRules>
              <DisplayRule Id="ecer.ecer_characterreference.state.DisplayRule" />
            </DisplayRules>
            <Actions>
              <JavaScriptFunction FunctionName="ECER.Jscripts.CharacterReferemce.onRejectReference" Library="$webresource:ecer_characterreference.js">
                <CrmParameter Value="PrimaryControl" />
              </JavaScriptFunction>
            </Actions>
          </CommandDefinition>
        </CommandDefinitions>
        <RuleDefinitions>
          <TabDisplayRules />
          <DisplayRules>
            <DisplayRule Id="ecer.ecer_characterreference.state.DisplayRule">
              <ValueRule Field="statecode" Value="0" Default="true" InvertResult="false" />
            </DisplayRule>
          </DisplayRules>
          <EnableRules>
            <EnableRule Id="ecer.ecer_characterreference.ReferenceVerification.EnableRule">
              <CustomRule FunctionName="ECER.Jscripts.Investigation.referToInvestigationRoleCheck" Library="$webresource:ecer_investigation.js">
                <CrmParameter Value="PrimaryControl" />
              </CustomRule>
            </EnableRule>
          </EnableRules>
        </RuleDefinitions>
        <LocLabels>
          <LocLabel Id="ecer.ecer_characterreference.ReferenceVerification.Button.Alt">
            <Titles>
              <Title description="Reference Verification" languagecode="1033" />
            </Titles>
          </LocLabel>
          <LocLabel Id="ecer.ecer_characterreference.ReferenceVerification.Button.LabelText">
            <Titles>
              <Title description="Reference Verification" languagecode="1033" />
            </Titles>
          </LocLabel>
          <LocLabel Id="ecer.ecer_characterreference.ReferenceVerification.Button.ToolTipDescription">
            <Titles>
              <Title description="Reference Verification" languagecode="1033" />
            </Titles>
          </LocLabel>
          <LocLabel Id="ecer.ecer_characterreference.ReferenceVerification.Button.ToolTipTitle">
            <Titles>
              <Title description="Reference Verification" languagecode="1033" />
            </Titles>
          </LocLabel>
          <LocLabel Id="ecer.ecer_characterreference.RejectReference.Button.Alt">
            <Titles>
              <Title description="Reject  Reference" languagecode="1033" />
            </Titles>
          </LocLabel>
          <LocLabel Id="ecer.ecer_characterreference.RejectReference.Button.LabelText">
            <Titles>
              <Title description="Reject Reference" languagecode="1033" />
            </Titles>
          </LocLabel>
          <LocLabel Id="ecer.ecer_characterreference.RejectReference.Button.ToolTipDescription">
            <Titles>
              <Title description="Reject Reference" languagecode="1033" />
            </Titles>
          </LocLabel>
          <LocLabel Id="ecer.ecer_characterreference.RejectReference.Button.ToolTipTitle">
            <Titles>
              <Title description="Reject Reference" languagecode="1033" />
            </Titles>
          </LocLabel>
        </LocLabels>
      </RibbonDiffXml>
    </Entity>
    <Entity>
      <Name LocalizedName="Professional Development" OriginalName="Professional Development">ecer_ProfessionalDevelopment</Name>
      <EntityInfo>
        <entity Name="ecer_ProfessionalDevelopment" unmodified="1">
          <attributes />
        </entity>
      </EntityInfo>
      <FormXml>
        <forms type="main">
          <systemform>
            <formid>{3e205837-39d5-4cbd-9de6-8ead5ee399de}</formid>
            <IntroducedVersion>1.0</IntroducedVersion>
            <FormPresentation>1</FormPresentation>
            <FormActivationState>1</FormActivationState>
            <form headerdensity="HighWithControls" shownavigationbar="true" showImage="false" maxWidth="1920">
              <tabs>
                <tab verticallayout="true" id="{74d8b519-90b6-4278-822d-dc105cd8b624}" IsUserDefined="1">
                  <labels>
                    <label description="General" languagecode="1033" />
                  </labels>
                  <columns>
                    <column width="100%">
                      <sections>
                        <section name="section_applicantinformation" showlabel="true" showbar="false" locklevel="0" id="{01656050-9634-c0d2-c9e9-bb242982b5d7}" IsUserDefined="0" layout="varwidth" columns="11" labelwidth="115" celllabelalignment="Left" celllabelposition="Left">
                          <labels>
                            <label description="Applicant Information" languagecode="1033" />
                          </labels>
                          <rows>
                            <row>
                              <cell id="{29b9579e-ed41-0e3d-c080-db65a65188ee}" showlabel="true" locklevel="0">
                                <labels>
                                  <label description="Applicant" languagecode="1033" />
                                </labels>
                                <control id="ecer_applicantid" classid="{270BD3DB-D9AF-4782-9025-509E298DEC0A}" datafieldname="ecer_applicantid" disabled="false" />
                              </cell>
                              <cell id="{d444e5be-a04b-7815-ce6e-b3d12283e288}" showlabel="true" locklevel="0">
                                <labels>
                                  <label description="Application" languagecode="1033" />
                                </labels>
                                <control id="ecer_applicationid" classid="{270BD3DB-D9AF-4782-9025-509E298DEC0A}" datafieldname="ecer_applicationid" disabled="false" />
                              </cell>
                            </row>
                            <row>
                              <cell id="{b9e01a63-4948-4a5c-4923-d2375e499cab}" showlabel="true" locklevel="0">
                                <labels>
                                  <label description="Certification Number" languagecode="1033" />
                                </labels>
                                <control id="ecer_certificationnumber" classid="{4273EDBD-AC1D-40d3-9FB2-095C621B552D}" datafieldname="ecer_certificationnumber" disabled="false" />
                              </cell>
                              <cell id="{2e82b350-16ab-166a-d098-24c0ec35395b}" showlabel="true" locklevel="0">
                                <labels>
                                  <label description="Certifcation Expiry Date" languagecode="1033" />
                                </labels>
                                <control id="ecer_certifcationexpirydate" classid="{5B773807-9FB2-42db-97C3-7A91EFF8ADFF}" datafieldname="ecer_certifcationexpirydate" disabled="false" />
                              </cell>
                            </row>
                          </rows>
                        </section>
                        <section name="section_details" showlabel="true" showbar="false" locklevel="0" id="{acc6ba71-c8c6-4036-ad9a-c8ba9b6019cd}" IsUserDefined="0" layout="varwidth" columns="11" labelwidth="115" celllabelalignment="Left" celllabelposition="Left">
                          <labels>
                            <label description="Details" languagecode="1033" />
                          </labels>
                          <rows>
                            <row>
                              <cell id="{7686932e-9e25-8128-8a4c-e7deed9800da}" showlabel="true" locklevel="0">
                                <labels>
                                  <label description="Name of Course / Program" languagecode="1033" />
                                </labels>
                                <control id="ecer_coursename" classid="{4273EDBD-AC1D-40d3-9FB2-095C621B552D}" datafieldname="ecer_coursename" disabled="false" />
                              </cell>
                            </row>
                            <row>
                              <cell id="{b1b603c2-2580-069b-d140-51c7a6d5ba41}" showlabel="true" locklevel="0">
                                <labels>
                                  <label description="Name of Host Organization" languagecode="1033" />
                                </labels>
                                <control id="ecer_organizationname" classid="{4273EDBD-AC1D-40d3-9FB2-095C621B552D}" datafieldname="ecer_organizationname" disabled="false" />
                              </cell>
                              <cell id="{e23b5592-a352-4b5a-905f-af1d3cc63c73}" locklevel="0" colspan="1" rowspan="1">
                                <labels>
                                  <label description="Website Link for Course or Workshop" languagecode="1033" />
                                </labels>
                                <control id="ecer_courseorworkshoplink" classid="{71716B6C-711E-476C-8AB8-5D11542BFB47}" datafieldname="ecer_courseorworkshoplink" disabled="false" />
                              </cell>
                            </row>
                            <row>
                              <cell id="{44b92e11-b1e8-4a8d-abd0-5091f2d88511}" locklevel="0" colspan="1" rowspan="1">
                                <labels>
                                  <label description="Provided Proof Multi Select" languagecode="1033" />
                                </labels>
                                <control id="ecer_providedproof" classid="{4AA28AB7-9C13-4F57-A73D-AD894D048B5F}" datafieldname="ecer_providedproof" disabled="false" />
                              </cell>
                              <cell id="{a275c3de-7ca8-7e7b-c710-8b2428e3c35d}" showlabel="true" locklevel="0">
                                <labels>
                                  <label description="Start Date" languagecode="1033" />
                                </labels>
                                <control id="ecer_startdate" classid="{5B773807-9FB2-42db-97C3-7A91EFF8ADFF}" datafieldname="ecer_startdate" disabled="false" />
                              </cell>
                            </row>
                            <row>
                              <cell id="{701902c6-7ec9-5491-1e0b-8d3ac409769a}" showlabel="true" locklevel="0">
                                <labels>
                                  <label description="Host Organization Phone Number" languagecode="1033" />
                                </labels>
                                <control id="ecer_hostorganizationcontactinformation" classid="{4273EDBD-AC1D-40d3-9FB2-095C621B552D}" datafieldname="ecer_hostorganizationcontactinformation" disabled="false" />
                              </cell>
                              <cell id="{699a7d13-702e-2e24-d168-3ae0eb0cab0e}" showlabel="true" locklevel="0">
                                <labels>
                                  <label description="End Date" languagecode="1033" />
                                </labels>
                                <control id="ecer_enddate" classid="{5B773807-9FB2-42db-97C3-7A91EFF8ADFF}" datafieldname="ecer_enddate" disabled="false" />
                              </cell>
                            </row>
                            <row>
                              <cell id="{1f10113a-e0c9-42d5-a68b-4dc617522dbb}" locklevel="0" colspan="1" rowspan="1">
                                <labels>
                                  <label description="Host Organization Email Address" languagecode="1033" />
                                </labels>
                                <control id="ecer_organizationemailaddress" classid="{ADA2203E-B4CD-49BE-9DDF-234642B43B52}" datafieldname="ecer_organizationemailaddress" disabled="false" />
                              </cell>
                              <cell id="{e9e4d5b5-f878-40a6-836b-1fc0f717704d}" locklevel="0" colspan="1" rowspan="1">
                                <labels>
                                  <label description="Total Number of Hours Anticipated" languagecode="1033" />
                                </labels>
                                <control id="ecer_totalanticipatedhours" classid="{C3EFE0C3-0EC6-42BE-8349-CBD9079DFD8E}" datafieldname="ecer_totalanticipatedhours" disabled="false" />
                              </cell>
                            </row>
                            <row>
                              <cell id="{5ce84e45-9b0c-1b1a-cd79-1834441b0ac4}" showlabel="true" locklevel="0" colspan="1" rowspan="1">
                                <labels>
                                  <label description="Instructor Name" languagecode="1033" />
                                </labels>
                                <control id="ecer_instructorname" classid="{4273EDBD-AC1D-40d3-9FB2-095C621B552D}" datafieldname="ecer_instructorname" disabled="false" />
                              </cell>
                              <cell id="{d7fca1f4-6bfa-4586-a2c6-cf36806f06c9}" locklevel="0" colspan="1" rowspan="1">
                                <labels>
                                  <label description="Total Number of Hours Approved" languagecode="1033" />
                                </labels>
                                <control id="ecer_totalapprovedhours" classid="{C3EFE0C3-0EC6-42BE-8349-CBD9079DFD8E}" datafieldname="ecer_totalapprovedhours" disabled="false" />
                              </cell>
                            </row>
                          </rows>
                        </section>
                        <section name="section_decision" id="3dab5f82-de7a-4d9a-aad3-12c8ffbf5053" IsUserDefined="0" locklevel="0" showlabel="true" showbar="false" layout="varwidth" celllabelalignment="Left" celllabelposition="Left" columns="11" labelwidth="115">
                          <labels>
                            <label description="Decision" languagecode="1033" />
                          </labels>
                          <rows>
                            <row>
                              <cell locklevel="0" id="{b3fb5c14-7256-4006-aac6-7308fb58ab53}" showlabel="false">
                                <labels>
                                  <label description="" languagecode="1033" />
                                </labels>
                              </cell>
                              <cell locklevel="0" id="{fb85c01e-67ca-44e6-beb3-5aedcfbf7b2e}" showlabel="false">
                                <labels>
                                  <label description="" languagecode="1033" />
                                </labels>
                              </cell>
                            </row>
                            <row>
                              <cell id="{857554df-99e8-49d9-aab0-e8f68fc27c46}" locklevel="0" colspan="1" rowspan="1">
                                <labels>
                                  <label description="Approve?" languagecode="1033" />
                                </labels>
                                <control id="ecer_approve" classid="{3EF39988-22BB-4F0B-BBBE-64B5A3748AEE}" datafieldname="ecer_approve" disabled="false" />
                              </cell>
                              <cell id="{fe398d3d-6885-42d1-bf00-de390c0fc8c3}" locklevel="0" colspan="1" rowspan="1">
                                <labels>
                                  <label description="Date Decided" languagecode="1033" />
                                </labels>
                                <control id="ecer_datedecided" classid="{5B773807-9FB2-42DB-97C3-7A91EFF8ADFF}" datafieldname="ecer_datedecided" disabled="false" />
                              </cell>
                            </row>
                          </rows>
                        </section>
                        <section showlabel="true" showbar="false" IsUserDefined="0" id="{85a8d128-d781-4918-92ee-32c0b3e3cce9}" name="section_hidden" columns="1" locklevel="0" labelwidth="130" celllabelalignment="Left" celllabelposition="Left" visible="false">
                          <labels>
                            <label description="Hidden" languagecode="1033" />
                          </labels>
                          <rows>
                            <row>
                              <cell id="{9a02fe39-9c77-4d8d-8df4-87ad0ecc3daa}" showlabel="true" locklevel="0">
                                <labels>
                                  <label description="Name" languagecode="1033" />
                                </labels>
                                <control id="ecer_name" classid="{4273EDBD-AC1D-40d3-9FB2-095C621B552D}" datafieldname="ecer_name" uniqueid="{d6458018-0c75-b238-4106-be03138aba9a}" disabled="false" />
                              </cell>
                            </row>
                            <row>
                              <cell id="{5ccd52a0-cb9b-41df-812b-b261818e3426}">
                                <labels>
                                  <label description="Owner" languagecode="1033" />
                                </labels>
                                <control id="ownerid" classid="{270BD3DB-D9AF-4782-9025-509E298DEC0A}" datafieldname="ownerid" />
                              </cell>
                            </row>
                          </rows>
                        </section>
                      </sections>
                    </column>
                  </columns>
                </tab>
                <tab name="tab_documenturl" id="2b48259c-2a44-4783-9bc3-d98d1db254ea" IsUserDefined="0" locklevel="0" showlabel="true">
                  <labels>
                    <label description="Files" languagecode="1033" />
                  </labels>
                  <columns>
                    <column width="100%">
                      <sections>
                        <section name="section_document" id="8f92143e-2516-4872-b187-dc015e2db1d9" IsUserDefined="0" locklevel="0" showlabel="true" showbar="false" layout="varwidth" celllabelalignment="Left" celllabelposition="Left" columns="1" labelwidth="115">
                          <labels>
                            <label description="Documents" languagecode="1033" />
                          </labels>
                          <rows>
                            <row>
                              <cell id="{4e7f71d1-69dc-4c11-b312-ae4723f3ac74}">
                                <labels>
                                  <label description="" languagecode="1033" />
                                </labels>
                              </cell>
                            </row>
                            <row>
                              <cell rowspan="6" id="{63a5f6e2-89bc-4127-be97-f8f6b0b7e425}" showlabel="false" colspan="1">
                                <labels>
                                  <label description="DocumentUrl_Upload.html" languagecode="1033" />
                                </labels>
                                <control id="WebResource_documentHTML" classid="{9FDF5F91-88B1-47F4-AD53-C11EFC01A01D}">
                                  <parameters>
                                    <Url>bcgov_/Scripts/DocumentUrl/Upload.html</Url>
                                    <PassParameters>false</PassParameters>
                                    <Security>false</Security>
                                    <Scrolling>auto</Scrolling>
                                    <Border>false</Border>
                                    <ShowOnMobileClient>false</ShowOnMobileClient>
                                    <WebResourceId>{58baafce-e7ef-eb11-b82b-00505683fbf4}</WebResourceId>
                                  </parameters>
                                </control>
                              </cell>
                            </row>
                            <row />
                            <row />
                            <row />
                            <row />
                            <row />
                            <row>
                              <cell locklevel="0" id="{2129b712-766e-431c-b194-b21271633823}" rowspan="4" colspan="1" auto="false" showlabel="false">
                                <labels>
                                  <label description="New SG control 1722633796216" languagecode="1033" />
                                </labels>
                                <control indicationOfSubgrid="true" id="DocumentsGrid" classid="{E7A81278-8635-4D9E-8D4D-59480B391C5B}">
                                  <parameters>
                                    <RecordsPerPage>4</RecordsPerPage>
                                    <AutoExpand>Fixed</AutoExpand>
                                    <EnableQuickFind>false</EnableQuickFind>
                                    <EnableViewPicker>false</EnableViewPicker>
                                    <EnableChartPicker>true</EnableChartPicker>
                                    <ChartGridMode>All</ChartGridMode>
                                    <TargetEntityType>bcgov_documenturl</TargetEntityType>
                                    <ViewId>{446B3482-72E8-4AC2-BA74-94E58E269C1B}</ViewId>
                                    <ViewIds>{446B3482-72E8-4AC2-BA74-94E58E269C1B}</ViewIds>
                                    <RelationshipName>ecer_bcgov_documenturl_ProfessionalDevelopmentId</RelationshipName>
                                  </parameters>
                                </control>
                              </cell>
                            </row>
                            <row />
                            <row />
                            <row />
                          </rows>
                        </section>
                      </sections>
                    </column>
                  </columns>
                </tab>
              </tabs>
              <Navigation>
                <NavBar />
                <NavBarAreas>
                  <NavBarArea Id="Info">
                    <Titles>
                      <Title LCID="1033" Text="Common" />
                    </Titles>
                  </NavBarArea>
                  <NavBarArea Id="Sales">
                    <Titles>
                      <Title LCID="1033" Text="Sales" />
                    </Titles>
                  </NavBarArea>
                  <NavBarArea Id="Service">
                    <Titles>
                      <Title LCID="1033" Text="Service" />
                    </Titles>
                  </NavBarArea>
                  <NavBarArea Id="Marketing">
                    <Titles>
                      <Title LCID="1033" Text="Marketing" />
                    </Titles>
                  </NavBarArea>
                  <NavBarArea Id="ProcessCenter">
                    <Titles>
                      <Title LCID="1033" Text="Process Sessions" />
                    </Titles>
                  </NavBarArea>
                </NavBarAreas>
              </Navigation>
              <controlDescriptions />
              <header id="{5b156606-2ba8-4139-a062-4336a9d3c922}" celllabelposition="Top" columns="111" labelwidth="115" celllabelalignment="Left">
                <rows>
                  <row>
                    <cell id="{b6ec0bcf-9de1-49a1-8541-8e5c310294e9}" showlabel="false">
                      <labels>
                        <label description="" languagecode="1033" />
                      </labels>
                    </cell>
                    <cell id="{5debb4c9-7bd8-4316-8231-25a2ca71b14a}" showlabel="false">
                      <labels>
                        <label description="" languagecode="1033" />
                      </labels>
                    </cell>
                    <cell id="{4901ee51-ede4-40a9-b8e2-8e725251199d}" showlabel="false">
                      <labels>
                        <label description="" languagecode="1033" />
                      </labels>
                    </cell>
                    <cell id="{98f5d0eb-943e-4e87-9b9b-2c2b74a01f23}" locklevel="0" colspan="1" rowspan="1">
                      <labels>
                        <label description="Status Reason" languagecode="1033" />
                      </labels>
                      <control id="header_statuscode" classid="{3EF39988-22BB-4F0B-BBBE-64B5A3748AEE}" datafieldname="statuscode" disabled="false" />
                    </cell>
                    <cell id="{fde1e176-2861-48d1-a4ec-a70855c519cf}" locklevel="0" colspan="1" rowspan="1">
                      <labels>
                        <label description="Owner" languagecode="1033" />
                      </labels>
                      <control id="header_ownerid" classid="{270BD3DB-D9AF-4782-9025-509E298DEC0A}" datafieldname="ownerid" disabled="false" />
                    </cell>
                  </row>
                </rows>
              </header>
              <footer id="{3941fbb0-c2dd-4653-bde1-4a28a094fdb6}" celllabelposition="Top" columns="111" labelwidth="115" celllabelalignment="Left">
                <rows>
                  <row>
                    <cell id="{38f477cc-7153-4e01-8152-8433de5b8cc7}" showlabel="false">
                      <labels>
                        <label description="" languagecode="1033" />
                      </labels>
                    </cell>
                    <cell id="{e3b5b5e7-f1a0-4586-88d6-609248699e35}" showlabel="false">
                      <labels>
                        <label description="" languagecode="1033" />
                      </labels>
                    </cell>
                    <cell id="{7c8d6ad7-79cd-45ef-b6ea-9539fbc34b31}" showlabel="false">
                      <labels>
                        <label description="" languagecode="1033" />
                      </labels>
                    </cell>
                  </row>
                </rows>
              </footer>
              <DisplayConditions Order="0" FallbackForm="true">
                <Everyone />
              </DisplayConditions>
              <formLibraries>
                <Library name="ecer_professionaldevelopment_buttons.js" libraryUniqueId="{801f066e-3b78-44c7-84ce-ba969b10192d}" />
              </formLibraries>
            </form>
            <IsCustomizable>1</IsCustomizable>
            <CanBeDeleted>1</CanBeDeleted>
            <LocalizedNames>
              <LocalizedName description="ECER - Professional Development Main Form" languagecode="1033" />
            </LocalizedNames>
            <Descriptions>
              <Description description="A form for this entity." languagecode="1033" />
            </Descriptions>
          </systemform>
        </forms>
      </FormXml>
      <RibbonDiffXml>
        <CustomActions>
          <CustomAction Id="ecer.ecer_professionaldevelopment.ApproveButton.CustomAction" Location="Mscrm.SubGrid.ecer_professionaldevelopment.MainTab.Management.Controls._children" Sequence="55">
            <CommandUIDefinition>
              <Button Command="ecer.ecer_professionaldevelopment.ApproveCommand" Id="ecer.ecer_professionaldevelopment.ApproveButton" LabelText="$LocLabels:ecer.ecer_professionaldevelopment.ApproveButton.LabelText" Sequence="55" TemplateAlias="o1" ToolTipDescription="$LocLabels:ecer.ecer_professionaldevelopment.ApproveButton.ToolTipDescription" />
            </CommandUIDefinition>
          </CustomAction>
          <CustomAction Id="ecer.ecer_professionaldevelopment.RejectReference.Button.CustomAction" Location="Mscrm.Form.ecer_professionaldevelopment.MainTab.Save.Controls._children" Sequence="49">
            <CommandUIDefinition>
              <Button Alt="$LocLabels:ecer.ecer_professionaldevelopment.RejectReference.Button.Alt" Command="ecer.ecer_professionaldevelopment.RejectReference.Command" Id="ecer.ecer_professionaldevelopment.RejectReference.Button" LabelText="$LocLabels:ecer.ecer_professionaldevelopment.RejectReference.Button.LabelText" Sequence="49" TemplateAlias="o1" ToolTipTitle="$LocLabels:ecer.ecer_professionaldevelopment.RejectReference.Button.ToolTipTitle" ToolTipDescription="$LocLabels:ecer.ecer_professionaldevelopment.RejectReference.Button.ToolTipDescription" />
            </CommandUIDefinition>
          </CustomAction>
        </CustomActions>
        <Templates>
          <RibbonTemplates Id="Mscrm.Templates"></RibbonTemplates>
        </Templates>
        <CommandDefinitions>
          <CommandDefinition Id="ecer.ecer_professionaldevelopment.ApproveCommand">
            <EnableRules>
              <EnableRule Id="ecer.ecer_professionaldevelopment.EnableRule.SelectionRule" />
            </EnableRules>
            <DisplayRules />
            <Actions>
              <JavaScriptFunction FunctionName="ECER.Jscripts.ProfessionalDevelopment.onProfessionalDevelopmentSubgridApproveButton" Library="$webresource:ecer_professionaldevelopment_buttons.js">
                <CrmParameter Value="PrimaryControl" />
                <CrmParameter Value="SelectedControlSelectedItemIds" />
                <CrmParameter Value="SelectedControlSelectedItemCount" />
              </JavaScriptFunction>
            </Actions>
          </CommandDefinition>
          <CommandDefinition Id="ecer.ecer_professionaldevelopment.RejectReference.Command">
            <EnableRules />
            <DisplayRules>
              <DisplayRule Id="ecer.ecer_professionaldevelopment.State.DisplayRule" />
            </DisplayRules>
            <Actions>
              <JavaScriptFunction FunctionName="ECER.Jscripts.ProfessionalDevelopment.onProfessionalDevelopmentRejectReferenceButton" Library="$webresource:ecer_professionaldevelopment_buttons.js">
                <CrmParameter Value="PrimaryControl" />
              </JavaScriptFunction>
            </Actions>
          </CommandDefinition>
        </CommandDefinitions>
        <RuleDefinitions>
          <TabDisplayRules />
          <DisplayRules>
            <DisplayRule Id="ecer.ecer_professionaldevelopment.State.DisplayRule">
              <ValueRule Field="statecode" Value="0" Default="true" InvertResult="false" />
            </DisplayRule>
          </DisplayRules>
          <EnableRules>
            <EnableRule Id="ecer.ecer_professionaldevelopment.EnableRule.SelectionRule">
              <SelectionCountRule AppliesTo="SelectedEntity" Minimum="1" Default="false" InvertResult="false" />
            </EnableRule>
          </EnableRules>
        </RuleDefinitions>
        <LocLabels>
          <LocLabel Id="ecer.ecer_professionaldevelopment.ApproveButton.LabelText">
            <Titles>
              <Title description="Approve" languagecode="1033" />
            </Titles>
          </LocLabel>
          <LocLabel Id="ecer.ecer_professionaldevelopment.ApproveButton.ToolTipDescription">
            <Titles>
              <Title description="Approval criteria - Not Approved / Rejected / Draft / Application Submitted" languagecode="1033" />
            </Titles>
          </LocLabel>
          <LocLabel Id="ecer.ecer_professionaldevelopment.RejectReference.Button.Alt">
            <Titles>
              <Title description="Reject Reference" languagecode="1033" />
            </Titles>
          </LocLabel>
          <LocLabel Id="ecer.ecer_professionaldevelopment.RejectReference.Button.LabelText">
            <Titles>
              <Title description="Reject Reference" languagecode="1033" />
            </Titles>
          </LocLabel>
          <LocLabel Id="ecer.ecer_professionaldevelopment.RejectReference.Button.ToolTipDescription">
            <Titles>
              <Title description="Reject Reference" languagecode="1033" />
            </Titles>
          </LocLabel>
          <LocLabel Id="ecer.ecer_professionaldevelopment.RejectReference.Button.ToolTipTitle">
            <Titles>
              <Title description="Reject Reference" languagecode="1033" />
            </Titles>
          </LocLabel>
        </LocLabels>
      </RibbonDiffXml>
    </Entity>
    <Entity>
      <Name LocalizedName="Work Experience Reference" OriginalName="Work Experience Reference">ecer_WorkExperienceRef</Name>
      <EntityInfo>
        <entity Name="ecer_WorkExperienceRef" unmodified="1">
          <attributes />
        </entity>
      </EntityInfo>
      <RibbonDiffXml>
        <CustomActions>
          <CustomAction Id="ecer.ecer_workexperienceref.ReferenceVerification.Button.CustomAction" Location="Mscrm.Form.ecer_workexperienceref.MainTab.ModernClient.Controls._children" Sequence="9">
            <CommandUIDefinition>
              <Button Alt="$LocLabels:ecer.ecer_workexperienceref.ReferenceVerification.Button.Alt" Command="ecer.ecer_workexperienceref.ReferenceVerification.Command" Id="ecer.ecer_workexperienceref.ReferenceVerification.Button" LabelText="$LocLabels:ecer.ecer_workexperienceref.ReferenceVerification.Button.LabelText" Sequence="9" ToolTipTitle="$LocLabels:ecer.ecer_workexperienceref.ReferenceVerification.Button.ToolTipTitle" ToolTipDescription="$LocLabels:ecer.ecer_workexperienceref.ReferenceVerification.Button.ToolTipDescription" ModernImage="$webresource:ecer_referral.svg" />
            </CommandUIDefinition>
          </CustomAction>
          <CustomAction Id="ecer.ecer_workexperienceref.RejectReference.Button.CustomAction" Location="Mscrm.Form.ecer_workexperienceref.MainTab.Save.Controls._children" Sequence="63">
            <CommandUIDefinition>
              <Button Alt="$LocLabels:ecer.ecer_workexperienceref.RejectReference.Button.Alt" Command="ecer.ecer_workexperienceref.RejectReference.Command" Id="ecer.ecer_workexperienceref.RejectReference.Button" LabelText="$LocLabels:ecer.ecer_workexperienceref.RejectReference.Button.LabelText" Sequence="63" TemplateAlias="o2" ToolTipTitle="$LocLabels:ecer.ecer_workexperienceref.RejectReference.Button.ToolTipTitle" ToolTipDescription="$LocLabels:ecer.ecer_workexperienceref.RejectReference.Button.ToolTipDescription" />
            </CommandUIDefinition>
          </CustomAction>
          <CustomAction Id="ecer.workexperienceref.SearchRef.Button.CustomAction" Location="Mscrm.Form.ecer_workexperienceref.MainTab.ModernClient.Controls._children" Sequence="13">
            <CommandUIDefinition>
              <Button Alt="$LocLabels:ecer.workexperienceref.SearchRef.Button.Alt" Command="ecer.ecer_workexperienceref.SearchProfile.Command" Id="ecer.workexperienceref.SearchRef.Button" LabelText="$LocLabels:ecer.workexperienceref.SearchRef.Button.LabelText" Sequence="13" ToolTipTitle="$LocLabels:ecer.workexperienceref.SearchRef.Button.ToolTipTitle" ToolTipDescription="$LocLabels:ecer.workexperienceref.SearchRef.Button.ToolTipDescription" ModernImage="$webresource:ecer_search.svg" />
            </CommandUIDefinition>
          </CustomAction>
        </CustomActions>
        <Templates>
          <RibbonTemplates Id="Mscrm.Templates"></RibbonTemplates>
        </Templates>
        <CommandDefinitions>
          <CommandDefinition Id="ecer.ecer_workexperienceref.ReferenceVerification.Command">
            <EnableRules>
              <EnableRule Id="ecer.ecer_workexperienceref.ReferenceVerification.EnableRule" />
            </EnableRules>
            <DisplayRules />
            <Actions>
              <JavaScriptFunction FunctionName="ECER.Jscripts.Investigation.workExperienceReferenceVerification" Library="$webresource:ecer_investigation.js">
                <CrmParameter Value="PrimaryControl" />
              </JavaScriptFunction>
            </Actions>
          </CommandDefinition>
          <CommandDefinition Id="ecer.ecer_workexperienceref.RejectReference.Command">
            <EnableRules />
            <DisplayRules>
              <DisplayRule Id="ecer.ecer_workexperienceref.State.DisplayRule" />
            </DisplayRules>
            <Actions>
              <JavaScriptFunction FunctionName="ECER.Jscripts.WorkExperienceReference.rejectReferenceButton" Library="$webresource:ecer_workexperiencereference.js">
                <CrmParameter Value="PrimaryControl" />
              </JavaScriptFunction>
            </Actions>
          </CommandDefinition>
          <CommandDefinition Id="ecer.ecer_workexperienceref.SearchProfile.Command">
            <EnableRules />
            <DisplayRules />
            <Actions>
              <JavaScriptFunction FunctionName="ECER.Jscripts.WorkExperienceReference.onSearchReferenceButton" Library="$webresource:ecer_workexperiencereference.js" />
            </Actions>
          </CommandDefinition>
        </CommandDefinitions>
        <RuleDefinitions>
          <TabDisplayRules />
          <DisplayRules>
            <DisplayRule Id="ecer.ecer_workexperienceref.State.DisplayRule">
              <ValueRule Field="statecode" Value="0" Default="true" InvertResult="false" />
            </DisplayRule>
          </DisplayRules>
          <EnableRules>
            <EnableRule Id="ecer.ecer_workexperienceref.ReferenceVerification.EnableRule">
              <CustomRule FunctionName="ECER.Jscripts.Investigation.referToInvestigationRoleCheck" Library="$webresource:ecer_investigation.js">
                <CrmParameter Value="PrimaryControl" />
              </CustomRule>
            </EnableRule>
          </EnableRules>
        </RuleDefinitions>
        <LocLabels>
          <LocLabel Id="ecer.ecer_workexperienceref.ReferenceVerification.Button.Alt">
            <Titles>
              <Title description="Reference Verification" languagecode="1033" />
            </Titles>
          </LocLabel>
          <LocLabel Id="ecer.ecer_workexperienceref.ReferenceVerification.Button.LabelText">
            <Titles>
              <Title description="Reference Verification" languagecode="1033" />
            </Titles>
          </LocLabel>
          <LocLabel Id="ecer.ecer_workexperienceref.ReferenceVerification.Button.ToolTipDescription">
            <Titles>
              <Title description="Reference Verification" languagecode="1033" />
            </Titles>
          </LocLabel>
          <LocLabel Id="ecer.ecer_workexperienceref.ReferenceVerification.Button.ToolTipTitle">
            <Titles>
              <Title description="Reference Verification" languagecode="1033" />
            </Titles>
          </LocLabel>
          <LocLabel Id="ecer.ecer_workexperienceref.RejectReference.Button.Alt">
            <Titles>
              <Title description="Reject Reference" languagecode="1033" />
            </Titles>
          </LocLabel>
          <LocLabel Id="ecer.ecer_workexperienceref.RejectReference.Button.LabelText">
            <Titles>
              <Title description="Reject Reference" languagecode="1033" />
            </Titles>
          </LocLabel>
          <LocLabel Id="ecer.ecer_workexperienceref.RejectReference.Button.ToolTipDescription">
            <Titles>
              <Title description="Reject Reference" languagecode="1033" />
            </Titles>
          </LocLabel>
          <LocLabel Id="ecer.ecer_workexperienceref.RejectReference.Button.ToolTipTitle">
            <Titles>
              <Title description="Reject Reference" languagecode="1033" />
            </Titles>
          </LocLabel>
          <LocLabel Id="ecer.workexperienceref.SearchRef.Button.Alt">
            <Titles>
              <Title description="Search Reference User Profile by ECE Certificate No." languagecode="1033" />
            </Titles>
          </LocLabel>
          <LocLabel Id="ecer.workexperienceref.SearchRef.Button.LabelText">
            <Titles>
              <Title description="Search Reference" languagecode="1033" />
            </Titles>
          </LocLabel>
          <LocLabel Id="ecer.workexperienceref.SearchRef.Button.ToolTipDescription">
            <Titles>
              <Title description="Search Reference User Profile by ECE Certificate No." languagecode="1033" />
            </Titles>
          </LocLabel>
          <LocLabel Id="ecer.workexperienceref.SearchRef.Button.ToolTipTitle">
            <Titles>
              <Title description="Search Reference" languagecode="1033" />
            </Titles>
          </LocLabel>
        </LocLabels>
      </RibbonDiffXml>
    </Entity>
  </Entities>
  <Roles></Roles>
  <Workflows>
    <Workflow WorkflowId="{3f2dbfe7-ab29-ef11-840a-0022486dc4b6}" Name="ECER - On Work Experience Reference Status set to Rejected">
      <JsonFileName>/Workflows/ECER-OnWorkExperienceReferenceStatussettoRejected-3F2DBFE7-AB29-EF11-840A-0022486DC4B6.json</JsonFileName>
      <Type>1</Type>
      <Subprocess>0</Subprocess>
      <Category>5</Category>
      <Mode>0</Mode>
      <Scope>4</Scope>
      <OnDemand>0</OnDemand>
      <TriggerOnCreate>0</TriggerOnCreate>
      <TriggerOnDelete>0</TriggerOnDelete>
      <AsyncAutodelete>0</AsyncAutodelete>
      <SyncWorkflowLogOnFailure>0</SyncWorkflowLogOnFailure>
      <StateCode>1</StateCode>
      <StatusCode>2</StatusCode>
      <RunAs>1</RunAs>
      <IsTransacted>1</IsTransacted>
      <IntroducedVersion>1.0.0.15</IntroducedVersion>
      <IsCustomizable>1</IsCustomizable>
      <IsCustomProcessingStepAllowedForOtherPublishers>1</IsCustomProcessingStepAllowedForOtherPublishers>
      <PrimaryEntity>none</PrimaryEntity>
      <LocalizedNames>
        <LocalizedName languagecode="1033" description="ECER - On Work Experience Reference Status set to Rejected" />
      </LocalizedNames>
    </Workflow>
    <Workflow WorkflowId="{fc02f650-cb29-ef11-840a-6045bdf9786d}" Name="ECER - On Character Reference Status set to Rejected">
      <JsonFileName>/Workflows/ECER-OnCharacterReferenceStatussettoRejected-FC02F650-CB29-EF11-840A-6045BDF9786D.json</JsonFileName>
      <Type>1</Type>
      <Subprocess>0</Subprocess>
      <Category>5</Category>
      <Mode>0</Mode>
      <Scope>4</Scope>
      <OnDemand>0</OnDemand>
      <TriggerOnCreate>0</TriggerOnCreate>
      <TriggerOnDelete>0</TriggerOnDelete>
      <AsyncAutodelete>0</AsyncAutodelete>
      <SyncWorkflowLogOnFailure>0</SyncWorkflowLogOnFailure>
      <StateCode>1</StateCode>
      <StatusCode>2</StatusCode>
      <RunAs>1</RunAs>
      <IsTransacted>1</IsTransacted>
      <IntroducedVersion>1.0.0.15</IntroducedVersion>
      <IsCustomizable>1</IsCustomizable>
      <IsCustomProcessingStepAllowedForOtherPublishers>1</IsCustomProcessingStepAllowedForOtherPublishers>
      <PrimaryEntity>none</PrimaryEntity>
      <LocalizedNames>
        <LocalizedName languagecode="1033" description="ECER - On Character Reference Status set to Rejected" />
      </LocalizedNames>
    </Workflow>
    <Workflow WorkflowId="{bb0ed7d3-8a5a-ef11-bfe2-6045bdf9a93e}" Name="ECER - On Professional Reference Status set to Rejected">
      <JsonFileName>/Workflows/ECER-OnProfessionalReferenceStatussettoRejected-BB0ED7D3-8A5A-EF11-BFE2-6045BDF9A93E.json</JsonFileName>
      <Type>1</Type>
      <Subprocess>0</Subprocess>
      <Category>5</Category>
      <Mode>0</Mode>
      <Scope>4</Scope>
      <OnDemand>0</OnDemand>
      <TriggerOnCreate>0</TriggerOnCreate>
      <TriggerOnDelete>0</TriggerOnDelete>
      <AsyncAutodelete>0</AsyncAutodelete>
      <SyncWorkflowLogOnFailure>0</SyncWorkflowLogOnFailure>
      <StateCode>1</StateCode>
      <StatusCode>2</StatusCode>
      <RunAs>1</RunAs>
      <IsTransacted>1</IsTransacted>
      <IntroducedVersion>1.0.0.32</IntroducedVersion>
      <IsCustomizable>1</IsCustomizable>
      <IsCustomProcessingStepAllowedForOtherPublishers>1</IsCustomProcessingStepAllowedForOtherPublishers>
      <PrimaryEntity>none</PrimaryEntity>
      <LocalizedNames>
        <LocalizedName languagecode="1033" description="ECER - On Professional Reference Status set to Rejected" />
      </LocalizedNames>
    </Workflow>
  </Workflows>
  <FieldSecurityProfiles></FieldSecurityProfiles>
  <Templates />
  <EntityMaps />
  <EntityRelationships />
  <OrganizationSettings />
  <optionsets />
  <WebResources>
    <WebResource>
      <WebResourceId>{ac1c1ed6-24db-ee11-904d-000d3af4a207}</WebResourceId>
      <Name>ecer_workexperiencereference.js</Name>
      <DisplayName>ecer_workexperiencereference.js</DisplayName>
      <LanguageCode>0</LanguageCode>
      <WebResourceType>3</WebResourceType>
      <IntroducedVersion>1.0.0.10</IntroducedVersion>
      <IsEnabledForMobileClient>0</IsEnabledForMobileClient>
      <IsAvailableForMobileOffline>0</IsAvailableForMobileOffline>
      <IsCustomizable>1</IsCustomizable>
      <CanBeDeleted>1</CanBeDeleted>
      <IsHidden>0</IsHidden>
      <FileName>/WebResources/ecer_workexperiencereferencejsAC1C1ED6-24DB-EE11-904D-000D3AF4A207</FileName>
    </WebResource>
    <WebResource>
      <WebResourceId>{e776bab2-5a24-f011-8c4d-002248afbb71}</WebResourceId>
      <Name>ecer_professionaldevelopment_buttons.js</Name>
      <DisplayName>ecer_professionaldevelopment_buttons.js</DisplayName>
      <LanguageCode>0</LanguageCode>
      <WebResourceType>3</WebResourceType>
      <IntroducedVersion>1.0.0.0</IntroducedVersion>
      <IsEnabledForMobileClient>0</IsEnabledForMobileClient>
      <IsAvailableForMobileOffline>0</IsAvailableForMobileOffline>
      <IsCustomizable>1</IsCustomizable>
      <CanBeDeleted>1</CanBeDeleted>
      <IsHidden>0</IsHidden>
      <FileName>/WebResources/ecer_professionaldevelopment_buttonsjsE776BAB2-5A24-F011-8C4D-002248AFBB71</FileName>
    </WebResource>
    <WebResource>
      <WebResourceId>{e824e8c6-24db-ee11-904c-002248d56374}</WebResourceId>
      <Name>ecer_characterreference.js</Name>
      <DisplayName>ecer_characterreference.js</DisplayName>
      <LanguageCode>0</LanguageCode>
      <WebResourceType>3</WebResourceType>
      <IntroducedVersion>1.0.0.10</IntroducedVersion>
      <IsEnabledForMobileClient>0</IsEnabledForMobileClient>
      <IsAvailableForMobileOffline>0</IsAvailableForMobileOffline>
      <IsCustomizable>1</IsCustomizable>
      <CanBeDeleted>1</CanBeDeleted>
      <IsHidden>0</IsHidden>
      <FileName>/WebResources/ecer_characterreferencejsE824E8C6-24DB-EE11-904C-002248D56374</FileName>
    </WebResource>
  </WebResources>
  <CustomControls />
  <EntityDataProviders />
  <Languages>
    <Language>1033</Language>
  </Languages>
</ImportExportXml>