{
  "properties": {
    "connectionReferences": {
      "shared_commondataserviceforapps": {
        "runtimeSource": "embedded",
        "connection": {
          "connectionReferenceLogicalName": "ecer_sharedcommondataserviceforapps_8f58e"
        },
        "api": {
          "name": "shared_commondataserviceforapps"
        }
      }
    },
    "definition": {
      "$schema": "https://schema.management.azure.com/providers/Microsoft.Logic/schemas/2016-06-01/workflowdefinition.json#",
      "contentVersion": "1.0.0.0",
      "parameters": {
        "$connections": {
          "defaultValue": {},
          "type": "Object"
        },
        "$authentication": {
          "defaultValue": {},
          "type": "SecureObject"
        }
      },
      "triggers": {
        "When_a_row_is_modified_Application": {
          "metadata": {
            "operationMetadataId": "25d60d82-db53-4dd3-bb68-015443f54531"
          },
          "type": "OpenApiConnectionWebhook",
          "inputs": {
            "host": {
              "connectionName": "shared_commondataserviceforapps",
              "operationId": "SubscribeWebhookTrigger",
              "apiId": "/providers/Microsoft.PowerApps/apis/shared_commondataserviceforapps"
            },
            "parameters": {
              "subscriptionRequest/message": 3,
              "subscriptionRequest/entityname": "ecer_application",
              "subscriptionRequest/scope": 4,
              "subscriptionRequest/filteringattributes": "ecer_datesubmitted"
            },
            "authentication": "@parameters('$authentication')"
          }
        }
      },
      "actions": {
        "If_Application_type_is_LM,_Other_is_Yes": {
          "actions": {
            "Terminate": {
              "runAfter": {},
              "metadata": {
                "operationMetadataId": "bcdf70e2-48c1-4456-96d9-2e01db44a18c"
              },
              "type": "Terminate",
              "inputs": {
                "runStatus": "Succeeded"
              }
            }
          },
          "runAfter": {},
          "expression": {
            "and": [
              {
                "not": {
                  "equals": [
                    "@triggerOutputs()?['body/ecer_datesubmitted']",
                    "@null"
                  ]
                }
              },
              {
                "equals": [
                  "@triggerOutputs()?['body/ecer_type']",
                  621870003
                ]
              },
              {
                "not": {
                  "equals": [
                    "@triggerOutputs()?['body/ecer_lmcerthasothername']",
                    "@true"
                  ]
                }
              }
            ]
          },
          "metadata": {
            "operationMetadataId": "09e0aae9-b069-4105-88b3-edc749c39af9"
          },
          "type": "If"
        },
        "Initialize_variable_-_First_Name": {
          "runAfter": {
            "If_Application_type_is_LM,_Other_is_Yes": [
              "Succeeded"
            ]
          },
          "metadata": {
            "operationMetadataId": "6fe14423-410c-4524-8242-7343971c6eef"
          },
          "type": "InitializeVariable",
          "inputs": {
            "variables": [
              {
                "name": "First Name",
                "type": "string",
                "value": "@triggerOutputs()?['body/ecer_legalfirstname']"
              }
            ]
          }
        },
        "Initialize_variable_-_Middle_Name": {
          "runAfter": {
            "Initialize_variable_-_First_Name": [
              "Succeeded"
            ]
          },
          "metadata": {
            "operationMetadataId": "f35c67f8-fac2-44e4-a71c-b139706209e3"
          },
          "type": "InitializeVariable",
          "inputs": {
            "variables": [
              {
                "name": "Middle Name",
                "type": "string",
                "value": "@triggerOutputs()?['body/ecer_legalmiddlename']"
              }
            ]
          }
        },
        "Initialize_variable_-_Last_Name": {
          "runAfter": {
            "Initialize_variable_-_Middle_Name": [
              "Succeeded"
            ]
          },
          "metadata": {
            "operationMetadataId": "3a3514a7-fd0c-4368-bfdc-2712c0e761e4"
          },
          "type": "InitializeVariable",
          "inputs": {
            "variables": [
              {
                "name": "Last Name",
                "type": "string",
                "value": "@triggerOutputs()?['body/ecer_legallastname']"
              }
            ]
          }
        },
        "IF_First_Name_contains_data": {
          "actions": {
            "Compose_-_First_Name_clause_NOT_NULL": {
              "runAfter": {},
              "metadata": {
                "operationMetadataId": "262cd2c9-fca4-42b0-89d6-c41032103c8b"
              },
              "type": "Compose",
              "inputs": "ecer_firstname eq '@{variables('First Name')}'"
            },
            "Re_Purpose_First_Name_variable_as_NOT_NULL_query_clause": {
              "runAfter": {
                "Compose_-_First_Name_clause_NOT_NULL": [
                  "Succeeded"
                ]
              },
              "metadata": {
                "operationMetadataId": "ea0aaae8-513d-4ba3-8ff3-f9e62775f3cf"
              },
              "type": "SetVariable",
              "inputs": {
                "name": "First Name",
                "value": "@{outputs('Compose_-_First_Name_clause_NOT_NULL')}"
              }
            }
          },
          "runAfter": {
            "Initialize_variable_-_Last_Name": [
              "Succeeded"
            ]
          },
          "else": {
            "actions": {
              "Re_Purpose_First_Name_variable_as_NULL_query_clause": {
                "runAfter": {},
                "metadata": {
                  "operationMetadataId": "a158854e-5846-4ce3-af8c-6beaf66acdae"
                },
                "type": "SetVariable",
                "inputs": {
                  "name": "First Name",
                  "value": "(ecer_firstname eq null or ecer_firstname eq '')"
                }
              }
            }
          },
          "expression": {
            "not": {
              "equals": [
                "@variables('First Name')",
                "@null"
              ]
            }
          },
          "metadata": {
            "operationMetadataId": "064b67e6-e849-4b98-b30e-4abc59b8eb07"
          },
          "type": "If"
        },
        "IF_Middle_Name_contains_data": {
          "actions": {
            "Compose_Middle_Name_clause_NOT_NULL": {
              "runAfter": {},
              "metadata": {
                "operationMetadataId": "83d33cd7-8a12-4b26-87d2-188af8d57bca"
              },
              "type": "Compose",
              "inputs": "ecer_middlename eq '@{variables('Middle Name')}'"
            },
            "Set_Middle_Name_Clause_NOT_NULL": {
              "runAfter": {
                "Compose_Middle_Name_clause_NOT_NULL": [
                  "Succeeded"
                ]
              },
              "metadata": {
                "operationMetadataId": "f0820653-46b7-4e22-b6e7-66321cc0dad0"
              },
              "type": "SetVariable",
              "inputs": {
                "name": "Middle Name",
                "value": "@{outputs('Compose_Middle_Name_clause_NOT_NULL')}"
              }
            }
          },
          "runAfter": {
            "IF_First_Name_contains_data": [
              "Succeeded"
            ]
          },
          "else": {
            "actions": {
              "Set_Middle_Name_Clause_NULL": {
                "runAfter": {},
                "metadata": {
                  "operationMetadataId": "b1b5a70f-c25e-407f-9934-3e7bddc55eee"
                },
                "type": "SetVariable",
                "inputs": {
                  "name": "Middle Name",
                  "value": "(ecer_middlename eq null or ecer_middlename eq '')"
                }
              }
            }
          },
          "expression": {
            "not": {
              "equals": [
                "@variables('Middle Name')",
                "@null"
              ]
            }
          },
          "metadata": {
            "operationMetadataId": "e542ba4e-f1bf-4a7d-a0d0-76089a3ac0ab"
          },
          "type": "If"
        },
        "IF_Last_Name_contains_data": {
          "actions": {
            "Compose_Last_Name_clause_NOT_NULL": {
              "runAfter": {},
              "metadata": {
                "operationMetadataId": "e01119e9-900c-49b8-8437-45854537f171"
              },
              "type": "Compose",
              "inputs": "ecer_lastname eq '@{variables('Last Name')}'"
            },
            "Set_Last_Name_clause_NOT_NULL": {
              "runAfter": {
                "Compose_Last_Name_clause_NOT_NULL": [
                  "Succeeded"
                ]
              },
              "metadata": {
                "operationMetadataId": "b6d38f59-cac4-48cc-af62-cf1b02c305de"
              },
              "type": "SetVariable",
              "inputs": {
                "name": "Last Name",
                "value": "@{outputs('Compose_Last_Name_clause_NOT_NULL')}"
              }
            }
          },
          "runAfter": {
            "IF_Middle_Name_contains_data": [
              "Succeeded"
            ]
          },
          "else": {
            "actions": {
              "Set_Last_Name_clause_NULL": {
                "runAfter": {},
                "metadata": {
                  "operationMetadataId": "40921eea-005c-4a04-90a3-cfa054a49269"
                },
                "type": "SetVariable",
                "inputs": {
                  "name": "Last Name",
                  "value": "(ecer_lastname eq null or ecer_lastname eq '')"
                }
              }
            }
          },
          "expression": {
            "not": {
              "equals": [
                "@variables('Last Name')",
                "@null"
              ]
            }
          },
          "metadata": {
            "operationMetadataId": "9986c1a5-85f8-4176-af23-930816848b1b"
          },
          "type": "If"
        },
        "List_rows_-_Previous_Names_for_this_contact_with_name_clause": {
          "runAfter": {
            "IF_Last_Name_contains_data": [
              "Succeeded"
            ]
          },
          "metadata": {
            "operationMetadataId": "6b05fbd9-db51-4aec-a116-f9a323daf159"
          },
          "type": "OpenApiConnection",
          "inputs": {
            "host": {
              "connectionName": "shared_commondataserviceforapps",
              "operationId": "ListRecords",
              "apiId": "/providers/Microsoft.PowerApps/apis/shared_commondataserviceforapps"
            },
            "parameters": {
              "entityName": "ecer_previousnames",
              "$filter": "_ecer_contactid_value eq '@{triggerOutputs()?['body/_ecer_applicantid_value']}' and @{variables('Last Name')} and @{variables('Middle Name')} and @{variables('First Name')}"
            },
            "authentication": "@parameters('$authentication')"
          }
        },
        "Check_if_Previous_Name_already_Exists": {
          "actions": {
            "Do_Nothing": {
              "runAfter": {},
              "metadata": {
                "operationMetadataId": "51ec637b-72a2-4d54-925f-8eeb49cbf7a6"
              },
              "type": "Terminate",
              "inputs": {
                "runStatus": "Succeeded"
              }
            }
          },
          "runAfter": {
            "List_rows_-_Previous_Names_for_this_contact_with_name_clause": [
              "Succeeded"
            ]
          },
          "else": {
            "actions": {
              "Add_New_Previous_Name_Entry_based_on_Other_Info": {
                "runAfter": {},
                "metadata": {
                  "operationMetadataId": "0d82f5bc-13d0-417d-bbed-c24517c333a5"
                },
                "type": "OpenApiConnection",
                "inputs": {
                  "host": {
                    "connectionName": "shared_commondataserviceforapps",
                    "operationId": "CreateRecord",
                    "apiId": "/providers/Microsoft.PowerApps/apis/shared_commondataserviceforapps"
                  },
                  "parameters": {
                    "entityName": "ecer_previousnames",
                    "item/ecer_Contactid@odata.bind": "contacts(@{triggerOutputs()?['body/_ecer_applicantid_value']})",
                    "item/ecer_source": 621870003,
                    "item/ecer_firstname": "@triggerOutputs()?['body/ecer_legalfirstname']",
                    "item/ecer_lastname": "@triggerOutputs()?['body/ecer_legallastname']",
                    "item/ecer_middlename": "@triggerOutputs()?['body/ecer_legalmiddlename']",
                    "item/ecer_nametype": 621870001,
                    "item/statuscode": 1
                  },
                  "authentication": "@parameters('$authentication')"
                }
              }
            }
          },
          "expression": {
            "greater": [
              "@length(outputs('List_rows_-_Previous_Names_for_this_contact_with_name_clause')?['body/value'])",
              0
            ]
          },
          "metadata": {
            "operationMetadataId": "c9f150cc-ca7b-4dde-a4ac-7e7d2af9c0bb"
          },
          "type": "If"
        }
      }
    },
    "templateName": ""
  },
  "schemaVersion": "1.0.0.0"
}