<ImportExportXml version="9.2.25053.166" SolutionPackageVersion="9.2" languagecode="1033" generatedBy="CrmLive" xmlns:xsi="http://www.w3.org/2001/XMLSchema-instance" OrganizationVersion="9.2.25053.166" OrganizationSchemaType="Full" CRMServerServiceabilityVersion="9.2.25054.00164">
  <SolutionManifest>
    <UniqueName>ECER4859</UniqueName>
    <LocalizedNames>
      <LocalizedName description="ECER-4859" languagecode="1033" />
    </LocalizedNames>
    <Descriptions />
    <Version>1.2.1.9</Version>
    <Managed>1</Managed>
    <Publisher>
      <UniqueName>ecer</UniqueName>
      <LocalizedNames>
        <LocalizedName description="ECER" languagecode="1033" />
      </LocalizedNames>
      <Descriptions>
        <Description description="publisher for all customization for ECER Dynamics instance" languagecode="1033" />
      </Descriptions>
      <EMailAddress xsi:nil="true"></EMailAddress>
      <SupportingWebsiteUrl xsi:nil="true"></SupportingWebsiteUrl>
      <CustomizationPrefix>ecer</CustomizationPrefix>
      <CustomizationOptionValuePrefix>62187</CustomizationOptionValuePrefix>
      <Addresses>
        <Address>
          <AddressNumber>1</AddressNumber>
          <AddressTypeCode>1</AddressTypeCode>
          <City xsi:nil="true"></City>
          <County xsi:nil="true"></County>
          <Country xsi:nil="true"></Country>
          <Fax xsi:nil="true"></Fax>
          <FreightTermsCode xsi:nil="true"></FreightTermsCode>
          <ImportSequenceNumber xsi:nil="true"></ImportSequenceNumber>
          <Latitude xsi:nil="true"></Latitude>
          <Line1 xsi:nil="true"></Line1>
          <Line2 xsi:nil="true"></Line2>
          <Line3 xsi:nil="true"></Line3>
          <Longitude xsi:nil="true"></Longitude>
          <Name xsi:nil="true"></Name>
          <PostalCode xsi:nil="true"></PostalCode>
          <PostOfficeBox xsi:nil="true"></PostOfficeBox>
          <PrimaryContactName xsi:nil="true"></PrimaryContactName>
          <ShippingMethodCode>1</ShippingMethodCode>
          <StateOrProvince xsi:nil="true"></StateOrProvince>
          <Telephone1 xsi:nil="true"></Telephone1>
          <Telephone2 xsi:nil="true"></Telephone2>
          <Telephone3 xsi:nil="true"></Telephone3>
          <TimeZoneRuleVersionNumber xsi:nil="true"></TimeZoneRuleVersionNumber>
          <UPSZone xsi:nil="true"></UPSZone>
          <UTCOffset xsi:nil="true"></UTCOffset>
          <UTCConversionTimeZoneCode xsi:nil="true"></UTCConversionTimeZoneCode>
        </Address>
        <Address>
          <AddressNumber>2</AddressNumber>
          <AddressTypeCode>1</AddressTypeCode>
          <City xsi:nil="true"></City>
          <County xsi:nil="true"></County>
          <Country xsi:nil="true"></Country>
          <Fax xsi:nil="true"></Fax>
          <FreightTermsCode xsi:nil="true"></FreightTermsCode>
          <ImportSequenceNumber xsi:nil="true"></ImportSequenceNumber>
          <Latitude xsi:nil="true"></Latitude>
          <Line1 xsi:nil="true"></Line1>
          <Line2 xsi:nil="true"></Line2>
          <Line3 xsi:nil="true"></Line3>
          <Longitude xsi:nil="true"></Longitude>
          <Name xsi:nil="true"></Name>
          <PostalCode xsi:nil="true"></PostalCode>
          <PostOfficeBox xsi:nil="true"></PostOfficeBox>
          <PrimaryContactName xsi:nil="true"></PrimaryContactName>
          <ShippingMethodCode>1</ShippingMethodCode>
          <StateOrProvince xsi:nil="true"></StateOrProvince>
          <Telephone1 xsi:nil="true"></Telephone1>
          <Telephone2 xsi:nil="true"></Telephone2>
          <Telephone3 xsi:nil="true"></Telephone3>
          <TimeZoneRuleVersionNumber xsi:nil="true"></TimeZoneRuleVersionNumber>
          <UPSZone xsi:nil="true"></UPSZone>
          <UTCOffset xsi:nil="true"></UTCOffset>
          <UTCConversionTimeZoneCode xsi:nil="true"></UTCConversionTimeZoneCode>
        </Address>
      </Addresses>
    </Publisher>
    <RootComponents>
      <RootComponent type="1" schemaName="ecer_workexperienceassessment" behavior="2" />
      <RootComponent type="1" schemaName="ecer_workexperienceref" behavior="1" />
      <RootComponent type="9" schemaName="ecer_childcareagerange" behavior="0" />
      <RootComponent type="9" schemaName="ecer_childcareageranges" behavior="0" />
      <RootComponent type="29" id="{bc2b60f2-ee3f-f011-8779-002248b35783}" behavior="0" />
      <RootComponent type="61" schemaName="ecer_workexperiencereference.js" behavior="0" />
    </RootComponents>
    <MissingDependencies>
      <MissingDependency>
        <Required type="1" schemaName="ecer_certificate" displayName="Certificate" solution="Active" />
        <Dependent type="29" displayName="ECER - WER: Assign Reference Contact Certification Details" id="{bc2b60f2-ee3f-f011-8779-002248b35783}" />
      </MissingDependency>
      <MissingDependency>
        <Required type="1" schemaName="ecer_portalinvitation" displayName="Portal Invitation" solution="Active" />
        <Dependent type="60" displayName="ECER - Main" parentDisplayName="Work Experience Reference" id="{1e6b7441-ea64-4d24-bd72-3d03ece27a2c}" />
      </MissingDependency>
      <MissingDependency>
        <Required type="1" schemaName="ecer_workexperienceassessment" displayName="Work Experience Assessment" solution="Active" />
        <Dependent type="1" schemaName="ecer_workexperienceassessment" displayName="Work Experience Assessment" />
      </MissingDependency>
      <MissingDependency>
        <Required type="1" schemaName="ecer_workexperienceref" displayName="Work Experience Reference" solution="Active" />
        <Dependent type="1" schemaName="ecer_workexperienceref" displayName="Work Experience Reference" />
      </MissingDependency>
      <MissingDependency>
        <Required type="10" schemaName="ecer_certificate_Registrantid" displayName="ecer_certificate_Registrantid" parentSchemaName="contact" parentDisplayName="Contact" solution="Active" />
        <Dependent type="60" displayName="ECER - Main" parentDisplayName="Work Experience Reference" id="{1e6b7441-ea64-4d24-bd72-3d03ece27a2c}" />
      </MissingDependency>
      <MissingDependency>
        <Required type="10" schemaName="ecer_ecer_workexperienceref_ReferenceContactid" displayName="ecer_ecer_workexperienceref_ReferenceContactid" parentSchemaName="contact" parentDisplayName="Contact" solution="Active" />
        <Dependent type="60" displayName="Reference Information - Quickview Form " parentDisplayName="Work Experience Reference" id="{06bb8150-1546-ef11-a316-000d3af45c14}" />
      </MissingDependency>
      <MissingDependency>
        <Required type="10" schemaName="ecer_ecer_workexperienceref_ReferenceContactid" displayName="ecer_ecer_workexperienceref_ReferenceContactid" parentSchemaName="contact" parentDisplayName="Contact" solution="Active" />
        <Dependent type="60" displayName="ECER - Main" parentDisplayName="Work Experience Reference" id="{1e6b7441-ea64-4d24-bd72-3d03ece27a2c}" />
      </MissingDependency>
      <MissingDependency>
        <Required type="10" schemaName="ecer_workexperienceassessment_ReferenceContactId" displayName="ecer_workexperienceassessment_ReferenceContactId" parentSchemaName="contact" parentDisplayName="Contact" solution="Active" />
        <Dependent type="60" displayName="ECER - Main" parentDisplayName="Work Experience Assessment" id="{7f54a3f3-9720-4a3f-8723-e0b576e9a95b}" />
      </MissingDependency>
      <MissingDependency>
        <Required type="10" schemaName="ecer_workexperienceref_Applicantid" displayName="ecer_workexperienceref_Applicantid" parentSchemaName="contact" parentDisplayName="Contact" solution="Active" />
        <Dependent type="60" displayName="ECER - Main" parentDisplayName="Work Experience Reference" id="{1e6b7441-ea64-4d24-bd72-3d03ece27a2c}" />
      </MissingDependency>
      <MissingDependency>
        <Required type="10" schemaName="ecer_workexperienceassessment_ApplicationId" displayName="ecer_workexperienceassessment_ApplicationId" parentSchemaName="ecer_application" parentDisplayName="Application" solution="Active" />
        <Dependent type="60" displayName="ECER - Main" parentDisplayName="Work Experience Assessment" id="{7f54a3f3-9720-4a3f-8723-e0b576e9a95b}" />
      </MissingDependency>
      <MissingDependency>
        <Required type="10" schemaName="ecer_workexperienceref_Applicationid_ecer" displayName="ecer_workexperienceref_Applicationid_ecer" parentSchemaName="ecer_application" parentDisplayName="Application" solution="Active" />
        <Dependent type="60" displayName="ECER - Main" parentDisplayName="Work Experience Reference" id="{1e6b7441-ea64-4d24-bd72-3d03ece27a2c}" />
      </MissingDependency>
      <MissingDependency>
        <Required type="10" schemaName="ecer_workexperienceassessment_AssessmentId" displayName="ecer_workexperienceassessment_AssessmentId" parentSchemaName="ecer_applicationassessment" parentDisplayName="Application Assessment" solution="Active" />
        <Dependent type="60" displayName="ECER - Main" parentDisplayName="Work Experience Assessment" id="{7f54a3f3-9720-4a3f-8723-e0b576e9a95b}" />
      </MissingDependency>
      <MissingDependency>
        <Required type="10" schemaName="ecer_workexperienceref_RefCertifiedProvinceId" displayName="ecer_workexperienceref_RefCertifiedProvinceId" parentSchemaName="ecer_province" parentDisplayName="Province" solution="Active" />
        <Dependent type="60" displayName="Reference Information - Quickview Form " parentDisplayName="Work Experience Reference" id="{06bb8150-1546-ef11-a316-000d3af45c14}" />
      </MissingDependency>
      <MissingDependency>
        <Required type="10" schemaName="ecer_workexperienceref_RefCertifiedProvinceId" displayName="ecer_workexperienceref_RefCertifiedProvinceId" parentSchemaName="ecer_province" parentDisplayName="Province" solution="Active" />
        <Dependent type="60" displayName="ECER - Main" parentDisplayName="Work Experience Reference" id="{1e6b7441-ea64-4d24-bd72-3d03ece27a2c}" />
      </MissingDependency>
      <MissingDependency>
        <Required type="10" schemaName="ecer_portalinvitation_WorkExperienceRefId" displayName="ecer_portalinvitation_WorkExperienceRefId" parentSchemaName="ecer_workexperienceref" parentDisplayName="Work Experience Reference" solution="Active" />
        <Dependent type="60" displayName="ECER - Main" parentDisplayName="Work Experience Reference" id="{1e6b7441-ea64-4d24-bd72-3d03ece27a2c}" />
      </MissingDependency>
      <MissingDependency>
        <Required type="10" schemaName="ecer_workexperienceassessment_WorkExpRefId" displayName="ecer_workexperienceassessment_WorkExpRefId" parentSchemaName="ecer_workexperienceref" parentDisplayName="Work Experience Reference" solution="Active" />
        <Dependent type="60" displayName="ECER - Main" parentDisplayName="Work Experience Assessment" id="{7f54a3f3-9720-4a3f-8723-e0b576e9a95b}" />
      </MissingDependency>
      <MissingDependency>
        <Required type="2" schemaName="ecer_applicationid" displayName="Application" parentSchemaName="ecer_workexperienceassessment" parentDisplayName="Work Experience Assessment" solution="Active" />
        <Dependent type="60" displayName="ECER - Main" parentDisplayName="Work Experience Assessment" id="{7f54a3f3-9720-4a3f-8723-e0b576e9a95b}" />
      </MissingDependency>
      <MissingDependency>
        <Required type="2" schemaName="ecer_approved" displayName="Approved?" parentSchemaName="ecer_workexperienceassessment" parentDisplayName="Work Experience Assessment" solution="Active" />
        <Dependent type="60" displayName="ECER - Main" parentDisplayName="Work Experience Assessment" id="{7f54a3f3-9720-4a3f-8723-e0b576e9a95b}" />
      </MissingDependency>
      <MissingDependency>
        <Required type="2" schemaName="ecer_assessmentid" displayName="Application Assessment" parentSchemaName="ecer_workexperienceassessment" parentDisplayName="Work Experience Assessment" solution="Active" />
        <Dependent type="60" displayName="ECER - Main" parentDisplayName="Work Experience Assessment" id="{7f54a3f3-9720-4a3f-8723-e0b576e9a95b}" />
      </MissingDependency>
      <MissingDependency>
        <Required type="2" schemaName="ecer_comments" displayName="Comments" parentSchemaName="ecer_workexperienceassessment" parentDisplayName="Work Experience Assessment" solution="Active" />
        <Dependent type="60" displayName="ECER - Main" parentDisplayName="Work Experience Assessment" id="{7f54a3f3-9720-4a3f-8723-e0b576e9a95b}" />
      </MissingDependency>
      <MissingDependency>
        <Required type="2" schemaName="ecer_confirmeddates" displayName="Confirmed Dates" parentSchemaName="ecer_workexperienceassessment" parentDisplayName="Work Experience Assessment" solution="Active" />
        <Dependent type="60" displayName="ECER - Main" parentDisplayName="Work Experience Assessment" id="{7f54a3f3-9720-4a3f-8723-e0b576e9a95b}" />
      </MissingDependency>
      <MissingDependency>
        <Required type="2" schemaName="ecer_confirmedgoodcharacter" displayName="Confirmed Good Character" parentSchemaName="ecer_workexperienceassessment" parentDisplayName="Work Experience Assessment" solution="Active" />
        <Dependent type="60" displayName="ECER - Main" parentDisplayName="Work Experience Assessment" id="{7f54a3f3-9720-4a3f-8723-e0b576e9a95b}" />
      </MissingDependency>
      <MissingDependency>
        <Required type="2" schemaName="ecer_confirmedhours" displayName="Confirmed Hours" parentSchemaName="ecer_workexperienceassessment" parentDisplayName="Work Experience Assessment" solution="Active" />
        <Dependent type="60" displayName="ECER - Main" parentDisplayName="Work Experience Assessment" id="{7f54a3f3-9720-4a3f-8723-e0b576e9a95b}" />
      </MissingDependency>
      <MissingDependency>
        <Required type="2" schemaName="ecer_confirmedlicencenumber" displayName="Confirmed Licence Number" parentSchemaName="ecer_workexperienceassessment" parentDisplayName="Work Experience Assessment" solution="Active" />
        <Dependent type="60" displayName="ECER - Main" parentDisplayName="Work Experience Assessment" id="{7f54a3f3-9720-4a3f-8723-e0b576e9a95b}" />
      </MissingDependency>
      <MissingDependency>
        <Required type="2" schemaName="ecer_confirmedlicencetype" displayName="Confirmed Licence Type" parentSchemaName="ecer_workexperienceassessment" parentDisplayName="Work Experience Assessment" solution="Active" />
        <Dependent type="60" displayName="ECER - Main" parentDisplayName="Work Experience Assessment" id="{7f54a3f3-9720-4a3f-8723-e0b576e9a95b}" />
      </MissingDependency>
      <MissingDependency>
        <Required type="2" schemaName="ecer_confirmedsupervisorname" displayName="Confirmed Supervisor Name" parentSchemaName="ecer_workexperienceassessment" parentDisplayName="Work Experience Assessment" solution="Active" />
        <Dependent type="60" displayName="ECER - Main" parentDisplayName="Work Experience Assessment" id="{7f54a3f3-9720-4a3f-8723-e0b576e9a95b}" />
      </MissingDependency>
      <MissingDependency>
        <Required type="2" schemaName="ecer_legacyworkexperienceassessmentid" displayName="Legacy Work Experience Assessment ID" parentSchemaName="ecer_workexperienceassessment" parentDisplayName="Work Experience Assessment" solution="Active" />
        <Dependent type="60" displayName="ECER - Main" parentDisplayName="Work Experience Assessment" id="{7f54a3f3-9720-4a3f-8723-e0b576e9a95b}" />
      </MissingDependency>
      <MissingDependency>
        <Required type="2" schemaName="ecer_name" displayName="Name" parentSchemaName="ecer_workexperienceassessment" parentDisplayName="Work Experience Assessment" solution="Active" />
        <Dependent type="60" displayName="ECER - Main" parentDisplayName="Work Experience Assessment" id="{7f54a3f3-9720-4a3f-8723-e0b576e9a95b}" />
      </MissingDependency>
      <MissingDependency>
        <Required type="2" schemaName="ecer_recommendationreceived" displayName="Recommendation Received" parentSchemaName="ecer_workexperienceassessment" parentDisplayName="Work Experience Assessment" solution="Active" />
        <Dependent type="60" displayName="ECER - Main" parentDisplayName="Work Experience Assessment" id="{7f54a3f3-9720-4a3f-8723-e0b576e9a95b}" />
      </MissingDependency>
      <MissingDependency>
        <Required type="2" schemaName="ecer_referencecontactid" displayName="Reference Contact" parentSchemaName="ecer_workexperienceassessment" parentDisplayName="Work Experience Assessment" solution="Active" />
        <Dependent type="60" displayName="ECER - Main" parentDisplayName="Work Experience Assessment" id="{7f54a3f3-9720-4a3f-8723-e0b576e9a95b}" />
      </MissingDependency>
      <MissingDependency>
        <Required type="2" schemaName="ecer_totalnumberofhoursapproved" displayName="Total Number of Hours Approved" parentSchemaName="ecer_workexperienceassessment" parentDisplayName="Work Experience Assessment" solution="Active" />
        <Dependent type="60" displayName="ECER - Main" parentDisplayName="Work Experience Assessment" id="{7f54a3f3-9720-4a3f-8723-e0b576e9a95b}" />
      </MissingDependency>
      <MissingDependency>
        <Required type="2" schemaName="ecer_workexprefid" displayName="Work Experience Reference" parentSchemaName="ecer_workexperienceassessment" parentDisplayName="Work Experience Assessment" solution="Active" />
        <Dependent type="60" displayName="ECER - Main" parentDisplayName="Work Experience Assessment" id="{7f54a3f3-9720-4a3f-8723-e0b576e9a95b}" />
      </MissingDependency>
      <MissingDependency>
        <Required type="2" schemaName="ownerid" displayName="Owner" parentSchemaName="ecer_workexperienceassessment" parentDisplayName="Work Experience Assessment" solution="Active" />
        <Dependent type="60" displayName="ECER - Main" parentDisplayName="Work Experience Assessment" id="{7f54a3f3-9720-4a3f-8723-e0b576e9a95b}" />
      </MissingDependency>
      <MissingDependency>
        <Required type="2" schemaName="statuscode" displayName="Status Reason" parentSchemaName="ecer_workexperienceassessment" parentDisplayName="Work Experience Assessment" solution="Active" />
        <Dependent type="60" displayName="ECER - Main" parentDisplayName="Work Experience Assessment" id="{7f54a3f3-9720-4a3f-8723-e0b576e9a95b}" />
      </MissingDependency>
      <MissingDependency>
        <Required type="2" schemaName="ecer_additionalcomments" displayName="Additional Comments" parentSchemaName="ecer_workexperienceref" parentDisplayName="Work Experience Reference" solution="Active" />
        <Dependent type="60" displayName="ECER - Main" parentDisplayName="Work Experience Reference" id="{1e6b7441-ea64-4d24-bd72-3d03ece27a2c}" />
      </MissingDependency>
      <MissingDependency>
        <Required type="2" schemaName="ecer_ageofchildrencaredfor" displayName="Age of Children Cared For" parentSchemaName="ecer_workexperienceref" parentDisplayName="Work Experience Reference" solution="Active" />
        <Dependent type="60" displayName="ECER - Main" parentDisplayName="Work Experience Reference" id="{1e6b7441-ea64-4d24-bd72-3d03ece27a2c}" />
      </MissingDependency>
      <MissingDependency>
        <Required type="2" schemaName="ecer_applicantid" displayName="Applicant" parentSchemaName="ecer_workexperienceref" parentDisplayName="Work Experience Reference" solution="Active" />
        <Dependent type="60" displayName="ECER - Main" parentDisplayName="Work Experience Reference" id="{1e6b7441-ea64-4d24-bd72-3d03ece27a2c}" />
      </MissingDependency>
      <MissingDependency>
        <Required type="2" schemaName="ecer_applicationid" displayName="Application" parentSchemaName="ecer_workexperienceref" parentDisplayName="Work Experience Reference" solution="Active" />
        <Dependent type="60" displayName="ECER - Main" parentDisplayName="Work Experience Reference" id="{1e6b7441-ea64-4d24-bd72-3d03ece27a2c}" />
      </MissingDependency>
      <MissingDependency>
        <Required type="2" schemaName="ecer_childcareprogramname" displayName="Name of Child Care Program" parentSchemaName="ecer_workexperienceref" parentDisplayName="Work Experience Reference" solution="Active" />
        <Dependent type="60" displayName="ECER - Main" parentDisplayName="Work Experience Reference" id="{1e6b7441-ea64-4d24-bd72-3d03ece27a2c}" />
      </MissingDependency>
      <MissingDependency>
        <Required type="2" schemaName="ecer_childcareprogramname" displayName="Name of Child Care Program" parentSchemaName="ecer_workexperienceref" parentDisplayName="Work Experience Reference" solution="Active" />
        <Dependent type="60" displayName="ECER - Quickview Form" parentDisplayName="Work Experience Reference" id="{3db8d95a-948d-41e6-a4b5-30435be48a11}" />
      </MissingDependency>
      <MissingDependency>
        <Required type="2" schemaName="ecer_competencechilddevelopment" displayName="Competence - Child Development" parentSchemaName="ecer_workexperienceref" parentDisplayName="Work Experience Reference" solution="Active" />
        <Dependent type="60" displayName="ECER - Main" parentDisplayName="Work Experience Reference" id="{1e6b7441-ea64-4d24-bd72-3d03ece27a2c}" />
      </MissingDependency>
      <MissingDependency>
        <Required type="2" schemaName="ecer_competencechilddevelopment" displayName="Competence - Child Development" parentSchemaName="ecer_workexperienceref" parentDisplayName="Work Experience Reference" solution="Active" />
        <Dependent type="60" displayName="ECER - Quickview Form" parentDisplayName="Work Experience Reference" id="{3db8d95a-948d-41e6-a4b5-30435be48a11}" />
      </MissingDependency>
      <MissingDependency>
        <Required type="2" schemaName="ecer_competencechilddevelopmentreason" displayName="Competence - Child Development - Reason" parentSchemaName="ecer_workexperienceref" parentDisplayName="Work Experience Reference" solution="Active" />
        <Dependent type="60" displayName="ECER - Main" parentDisplayName="Work Experience Reference" id="{1e6b7441-ea64-4d24-bd72-3d03ece27a2c}" />
      </MissingDependency>
      <MissingDependency>
        <Required type="2" schemaName="ecer_competencechildguidance" displayName="Competence - Child Guidance" parentSchemaName="ecer_workexperienceref" parentDisplayName="Work Experience Reference" solution="Active" />
        <Dependent type="60" displayName="ECER - Main" parentDisplayName="Work Experience Reference" id="{1e6b7441-ea64-4d24-bd72-3d03ece27a2c}" />
      </MissingDependency>
      <MissingDependency>
        <Required type="2" schemaName="ecer_competencechildguidance" displayName="Competence - Child Guidance" parentSchemaName="ecer_workexperienceref" parentDisplayName="Work Experience Reference" solution="Active" />
        <Dependent type="60" displayName="ECER - Quickview Form" parentDisplayName="Work Experience Reference" id="{3db8d95a-948d-41e6-a4b5-30435be48a11}" />
      </MissingDependency>
      <MissingDependency>
        <Required type="2" schemaName="ecer_competencechildguidancereason" displayName="Competence - Child Guidance - Reason" parentSchemaName="ecer_workexperienceref" parentDisplayName="Work Experience Reference" solution="Active" />
        <Dependent type="60" displayName="ECER - Main" parentDisplayName="Work Experience Reference" id="{1e6b7441-ea64-4d24-bd72-3d03ece27a2c}" />
      </MissingDependency>
      <MissingDependency>
        <Required type="2" schemaName="ecer_competencedevelopanececurriculum" displayName="Competence - Develop an ECE Curriculum" parentSchemaName="ecer_workexperienceref" parentDisplayName="Work Experience Reference" solution="Active" />
        <Dependent type="60" displayName="ECER - Main" parentDisplayName="Work Experience Reference" id="{1e6b7441-ea64-4d24-bd72-3d03ece27a2c}" />
      </MissingDependency>
      <MissingDependency>
        <Required type="2" schemaName="ecer_competencedevelopanececurriculum" displayName="Competence - Develop an ECE Curriculum" parentSchemaName="ecer_workexperienceref" parentDisplayName="Work Experience Reference" solution="Active" />
        <Dependent type="60" displayName="ECER - Quickview Form" parentDisplayName="Work Experience Reference" id="{3db8d95a-948d-41e6-a4b5-30435be48a11}" />
      </MissingDependency>
      <MissingDependency>
        <Required type="2" schemaName="ecer_competencedevelopanececurriculumreason" displayName="Competence - Develop an ECE Curriculum - Reason" parentSchemaName="ecer_workexperienceref" parentDisplayName="Work Experience Reference" solution="Active" />
        <Dependent type="60" displayName="ECER - Main" parentDisplayName="Work Experience Reference" id="{1e6b7441-ea64-4d24-bd72-3d03ece27a2c}" />
      </MissingDependency>
      <MissingDependency>
        <Required type="2" schemaName="ecer_competencefosteringpositiverelationchild" displayName="Competence - Fostering Positive Relation - Child" parentSchemaName="ecer_workexperienceref" parentDisplayName="Work Experience Reference" solution="Active" />
        <Dependent type="60" displayName="ECER - Main" parentDisplayName="Work Experience Reference" id="{1e6b7441-ea64-4d24-bd72-3d03ece27a2c}" />
      </MissingDependency>
      <MissingDependency>
        <Required type="2" schemaName="ecer_competencefosteringpositiverelationchild" displayName="Competence - Fostering Positive Relation - Child" parentSchemaName="ecer_workexperienceref" parentDisplayName="Work Experience Reference" solution="Active" />
        <Dependent type="60" displayName="ECER - Quickview Form" parentDisplayName="Work Experience Reference" id="{3db8d95a-948d-41e6-a4b5-30435be48a11}" />
      </MissingDependency>
      <MissingDependency>
        <Required type="2" schemaName="ecer_competencefosteringpositiverelationcoworker" displayName="Competence - Fostering Positive Relation-Coworker" parentSchemaName="ecer_workexperienceref" parentDisplayName="Work Experience Reference" solution="Active" />
        <Dependent type="60" displayName="ECER - Main" parentDisplayName="Work Experience Reference" id="{1e6b7441-ea64-4d24-bd72-3d03ece27a2c}" />
      </MissingDependency>
      <MissingDependency>
        <Required type="2" schemaName="ecer_competencefosteringpositiverelationcoworker" displayName="Competence - Fostering Positive Relation-Coworker" parentSchemaName="ecer_workexperienceref" parentDisplayName="Work Experience Reference" solution="Active" />
        <Dependent type="60" displayName="ECER - Quickview Form" parentDisplayName="Work Experience Reference" id="{3db8d95a-948d-41e6-a4b5-30435be48a11}" />
      </MissingDependency>
      <MissingDependency>
        <Required type="2" schemaName="ecer_competencefosteringpositiverelationfamily" displayName="Competence - Fostering Positive Relation - Family" parentSchemaName="ecer_workexperienceref" parentDisplayName="Work Experience Reference" solution="Active" />
        <Dependent type="60" displayName="ECER - Main" parentDisplayName="Work Experience Reference" id="{1e6b7441-ea64-4d24-bd72-3d03ece27a2c}" />
      </MissingDependency>
      <MissingDependency>
        <Required type="2" schemaName="ecer_competencefosteringpositiverelationfamily" displayName="Competence - Fostering Positive Relation - Family" parentSchemaName="ecer_workexperienceref" parentDisplayName="Work Experience Reference" solution="Active" />
        <Dependent type="60" displayName="ECER - Quickview Form" parentDisplayName="Work Experience Reference" id="{3db8d95a-948d-41e6-a4b5-30435be48a11}" />
      </MissingDependency>
      <MissingDependency>
        <Required type="2" schemaName="ecer_competencefosteringrelationchildreason" displayName="Competence - Fostering Relation - Child - Reason" parentSchemaName="ecer_workexperienceref" parentDisplayName="Work Experience Reference" solution="Active" />
        <Dependent type="60" displayName="ECER - Main" parentDisplayName="Work Experience Reference" id="{1e6b7441-ea64-4d24-bd72-3d03ece27a2c}" />
      </MissingDependency>
      <MissingDependency>
        <Required type="2" schemaName="ecer_competencefosteringrelationcoworkerreason" displayName="Competence - Fostering Relation-Coworker - Reason" parentSchemaName="ecer_workexperienceref" parentDisplayName="Work Experience Reference" solution="Active" />
        <Dependent type="60" displayName="ECER - Main" parentDisplayName="Work Experience Reference" id="{1e6b7441-ea64-4d24-bd72-3d03ece27a2c}" />
      </MissingDependency>
      <MissingDependency>
        <Required type="2" schemaName="ecer_competencefosteringrelationfamilyreason" displayName="Competence - Fostering Relation - Family - Reason" parentSchemaName="ecer_workexperienceref" parentDisplayName="Work Experience Reference" solution="Active" />
        <Dependent type="60" displayName="ECER - Main" parentDisplayName="Work Experience Reference" id="{1e6b7441-ea64-4d24-bd72-3d03ece27a2c}" />
      </MissingDependency>
      <MissingDependency>
        <Required type="2" schemaName="ecer_competencehealthsafetyandnutrition" displayName="Competence - Health, Safety, and Nutrition" parentSchemaName="ecer_workexperienceref" parentDisplayName="Work Experience Reference" solution="Active" />
        <Dependent type="60" displayName="ECER - Main" parentDisplayName="Work Experience Reference" id="{1e6b7441-ea64-4d24-bd72-3d03ece27a2c}" />
      </MissingDependency>
      <MissingDependency>
        <Required type="2" schemaName="ecer_competencehealthsafetyandnutrition" displayName="Competence - Health, Safety, and Nutrition" parentSchemaName="ecer_workexperienceref" parentDisplayName="Work Experience Reference" solution="Active" />
        <Dependent type="60" displayName="ECER - Quickview Form" parentDisplayName="Work Experience Reference" id="{3db8d95a-948d-41e6-a4b5-30435be48a11}" />
      </MissingDependency>
      <MissingDependency>
        <Required type="2" schemaName="ecer_competencehealthsafetyandnutritionreason" displayName="Competence Health Safety and Nutrition - Reason" parentSchemaName="ecer_workexperienceref" parentDisplayName="Work Experience Reference" solution="Active" />
        <Dependent type="60" displayName="ECER - Main" parentDisplayName="Work Experience Reference" id="{1e6b7441-ea64-4d24-bd72-3d03ece27a2c}" />
      </MissingDependency>
      <MissingDependency>
        <Required type="2" schemaName="ecer_competenceimplementanececurriculum" displayName="Competence - Implement an ECE Curriculum" parentSchemaName="ecer_workexperienceref" parentDisplayName="Work Experience Reference" solution="Active" />
        <Dependent type="60" displayName="ECER - Main" parentDisplayName="Work Experience Reference" id="{1e6b7441-ea64-4d24-bd72-3d03ece27a2c}" />
      </MissingDependency>
      <MissingDependency>
        <Required type="2" schemaName="ecer_competenceimplementanececurriculum" displayName="Competence - Implement an ECE Curriculum" parentSchemaName="ecer_workexperienceref" parentDisplayName="Work Experience Reference" solution="Active" />
        <Dependent type="60" displayName="ECER - Quickview Form" parentDisplayName="Work Experience Reference" id="{3db8d95a-948d-41e6-a4b5-30435be48a11}" />
      </MissingDependency>
      <MissingDependency>
        <Required type="2" schemaName="ecer_competenceimplementececurriculumreason" displayName="Competence - Implement ECE Curriculum - Reason" parentSchemaName="ecer_workexperienceref" parentDisplayName="Work Experience Reference" solution="Active" />
        <Dependent type="60" displayName="ECER - Main" parentDisplayName="Work Experience Reference" id="{1e6b7441-ea64-4d24-bd72-3d03ece27a2c}" />
      </MissingDependency>
      <MissingDependency>
        <Required type="2" schemaName="ecer_datesigned" displayName="Date Signed" parentSchemaName="ecer_workexperienceref" parentDisplayName="Work Experience Reference" solution="Active" />
        <Dependent type="60" displayName="Reference Information - Quickview Form " parentDisplayName="Work Experience Reference" id="{06bb8150-1546-ef11-a316-000d3af45c14}" />
      </MissingDependency>
      <MissingDependency>
        <Required type="2" schemaName="ecer_datesigned" displayName="Date Signed" parentSchemaName="ecer_workexperienceref" parentDisplayName="Work Experience Reference" solution="Active" />
        <Dependent type="60" displayName="ECER - Main" parentDisplayName="Work Experience Reference" id="{1e6b7441-ea64-4d24-bd72-3d03ece27a2c}" />
      </MissingDependency>
      <MissingDependency>
        <Required type="2" schemaName="ecer_datesubmitted" displayName="Date Submitted" parentSchemaName="ecer_workexperienceref" parentDisplayName="Work Experience Reference" solution="Active" />
        <Dependent type="60" displayName="Reference Information - Quickview Form " parentDisplayName="Work Experience Reference" id="{06bb8150-1546-ef11-a316-000d3af45c14}" />
      </MissingDependency>
      <MissingDependency>
        <Required type="2" schemaName="ecer_datesubmitted" displayName="Date Submitted" parentSchemaName="ecer_workexperienceref" parentDisplayName="Work Experience Reference" solution="Active" />
        <Dependent type="60" displayName="ECER - Main" parentDisplayName="Work Experience Reference" id="{1e6b7441-ea64-4d24-bd72-3d03ece27a2c}" />
      </MissingDependency>
      <MissingDependency>
        <Required type="2" schemaName="ecer_emailaddress" displayName="Email Address" parentSchemaName="ecer_workexperienceref" parentDisplayName="Work Experience Reference" solution="Active" />
        <Dependent type="60" displayName="Reference Information - Quickview Form " parentDisplayName="Work Experience Reference" id="{06bb8150-1546-ef11-a316-000d3af45c14}" />
      </MissingDependency>
      <MissingDependency>
        <Required type="2" schemaName="ecer_emailaddress" displayName="Email Address" parentSchemaName="ecer_workexperienceref" parentDisplayName="Work Experience Reference" solution="Active" />
        <Dependent type="60" displayName="ECER - Main" parentDisplayName="Work Experience Reference" id="{1e6b7441-ea64-4d24-bd72-3d03ece27a2c}" />
      </MissingDependency>
      <MissingDependency>
        <Required type="2" schemaName="ecer_enddate" displayName="End Date" parentSchemaName="ecer_workexperienceref" parentDisplayName="Work Experience Reference" solution="Active" />
        <Dependent type="60" displayName="ECER - Main" parentDisplayName="Work Experience Reference" id="{1e6b7441-ea64-4d24-bd72-3d03ece27a2c}" />
      </MissingDependency>
      <MissingDependency>
        <Required type="2" schemaName="ecer_enddate" displayName="End Date" parentSchemaName="ecer_workexperienceref" parentDisplayName="Work Experience Reference" solution="Active" />
        <Dependent type="60" displayName="ECER - Quickview Form" parentDisplayName="Work Experience Reference" id="{3db8d95a-948d-41e6-a4b5-30435be48a11}" />
      </MissingDependency>
      <MissingDependency>
        <Required type="2" schemaName="ecer_firstname" displayName="First Name" parentSchemaName="ecer_workexperienceref" parentDisplayName="Work Experience Reference" solution="Active" />
        <Dependent type="60" displayName="Reference Information - Quickview Form " parentDisplayName="Work Experience Reference" id="{06bb8150-1546-ef11-a316-000d3af45c14}" />
      </MissingDependency>
      <MissingDependency>
        <Required type="2" schemaName="ecer_firstname" displayName="First Name" parentSchemaName="ecer_workexperienceref" parentDisplayName="Work Experience Reference" solution="Active" />
        <Dependent type="60" displayName="ECER - Main" parentDisplayName="Work Experience Reference" id="{1e6b7441-ea64-4d24-bd72-3d03ece27a2c}" />
      </MissingDependency>
      <MissingDependency>
        <Required type="2" schemaName="ecer_firstname" displayName="First Name" parentSchemaName="ecer_workexperienceref" parentDisplayName="Work Experience Reference" solution="Active" />
        <Dependent type="60" displayName="ECER - Quickview Form" parentDisplayName="Work Experience Reference" id="{3db8d95a-948d-41e6-a4b5-30435be48a11}" />
      </MissingDependency>
      <MissingDependency>
        <Required type="2" schemaName="ecer_inviteagain" displayName="Invite Again" parentSchemaName="ecer_workexperienceref" parentDisplayName="Work Experience Reference" solution="Active" />
        <Dependent type="60" displayName="ECER - Main" parentDisplayName="Work Experience Reference" id="{1e6b7441-ea64-4d24-bd72-3d03ece27a2c}" />
      </MissingDependency>
      <MissingDependency>
        <Required type="2" schemaName="ecer_isadditional" displayName="Is Additional" parentSchemaName="ecer_workexperienceref" parentDisplayName="Work Experience Reference" solution="Active" />
        <Dependent type="60" displayName="Reference Information - Quickview Form " parentDisplayName="Work Experience Reference" id="{06bb8150-1546-ef11-a316-000d3af45c14}" />
      </MissingDependency>
      <MissingDependency>
        <Required type="2" schemaName="ecer_isadditional" displayName="Is Additional" parentSchemaName="ecer_workexperienceref" parentDisplayName="Work Experience Reference" solution="Active" />
        <Dependent type="60" displayName="ECER - Main" parentDisplayName="Work Experience Reference" id="{1e6b7441-ea64-4d24-bd72-3d03ece27a2c}" />
      </MissingDependency>
      <MissingDependency>
        <Required type="2" schemaName="ecer_lastfollowupdate" displayName="Last Follow-Up Date" parentSchemaName="ecer_workexperienceref" parentDisplayName="Work Experience Reference" solution="Active" />
        <Dependent type="60" displayName="ECER - Main" parentDisplayName="Work Experience Reference" id="{1e6b7441-ea64-4d24-bd72-3d03ece27a2c}" />
      </MissingDependency>
      <MissingDependency>
        <Required type="2" schemaName="ecer_lastinvitationemailsent" displayName="Last Invitation Email Sent" parentSchemaName="ecer_workexperienceref" parentDisplayName="Work Experience Reference" solution="Active" />
        <Dependent type="60" displayName="ECER - Main" parentDisplayName="Work Experience Reference" id="{1e6b7441-ea64-4d24-bd72-3d03ece27a2c}" />
      </MissingDependency>
      <MissingDependency>
        <Required type="2" schemaName="ecer_lastname" displayName="Last Name" parentSchemaName="ecer_workexperienceref" parentDisplayName="Work Experience Reference" solution="Active" />
        <Dependent type="60" displayName="Reference Information - Quickview Form " parentDisplayName="Work Experience Reference" id="{06bb8150-1546-ef11-a316-000d3af45c14}" />
      </MissingDependency>
      <MissingDependency>
        <Required type="2" schemaName="ecer_lastname" displayName="Last Name" parentSchemaName="ecer_workexperienceref" parentDisplayName="Work Experience Reference" solution="Active" />
        <Dependent type="60" displayName="ECER - Main" parentDisplayName="Work Experience Reference" id="{1e6b7441-ea64-4d24-bd72-3d03ece27a2c}" />
      </MissingDependency>
      <MissingDependency>
        <Required type="2" schemaName="ecer_lastname" displayName="Last Name" parentSchemaName="ecer_workexperienceref" parentDisplayName="Work Experience Reference" solution="Active" />
        <Dependent type="60" displayName="ECER - Quickview Form" parentDisplayName="Work Experience Reference" id="{3db8d95a-948d-41e6-a4b5-30435be48a11}" />
      </MissingDependency>
      <MissingDependency>
        <Required type="2" schemaName="ecer_name" displayName="Name" parentSchemaName="ecer_workexperienceref" parentDisplayName="Work Experience Reference" solution="Active" />
        <Dependent type="60" displayName="ECER - Main" parentDisplayName="Work Experience Reference" id="{1e6b7441-ea64-4d24-bd72-3d03ece27a2c}" />
      </MissingDependency>
      <MissingDependency>
        <Required type="2" schemaName="ecer_name" displayName="Name" parentSchemaName="ecer_workexperienceref" parentDisplayName="Work Experience Reference" solution="Active" />
        <Dependent type="60" displayName="ECER - Quickview Form" parentDisplayName="Work Experience Reference" id="{3db8d95a-948d-41e6-a4b5-30435be48a11}" />
      </MissingDependency>
      <MissingDependency>
        <Required type="2" schemaName="ecer_origin" displayName="Origin" parentSchemaName="ecer_workexperienceref" parentDisplayName="Work Experience Reference" solution="Active" />
        <Dependent type="60" displayName="ECER - Main" parentDisplayName="Work Experience Reference" id="{1e6b7441-ea64-4d24-bd72-3d03ece27a2c}" />
      </MissingDependency>
      <MissingDependency>
        <Required type="2" schemaName="ecer_otherchildprogramtype" displayName="Other Child Program Type" parentSchemaName="ecer_workexperienceref" parentDisplayName="Work Experience Reference" solution="Active" />
        <Dependent type="60" displayName="ECER - Main" parentDisplayName="Work Experience Reference" id="{1e6b7441-ea64-4d24-bd72-3d03ece27a2c}" />
      </MissingDependency>
      <MissingDependency>
        <Required type="2" schemaName="ecer_otherchildprogramtype" displayName="Other Child Program Type" parentSchemaName="ecer_workexperienceref" parentDisplayName="Work Experience Reference" solution="Active" />
        <Dependent type="60" displayName="ECER - Quickview Form" parentDisplayName="Work Experience Reference" id="{3db8d95a-948d-41e6-a4b5-30435be48a11}" />
      </MissingDependency>
      <MissingDependency>
        <Required type="2" schemaName="ecer_phonenumber" displayName="Phone Number" parentSchemaName="ecer_workexperienceref" parentDisplayName="Work Experience Reference" solution="Active" />
        <Dependent type="60" displayName="Reference Information - Quickview Form " parentDisplayName="Work Experience Reference" id="{06bb8150-1546-ef11-a316-000d3af45c14}" />
      </MissingDependency>
      <MissingDependency>
        <Required type="2" schemaName="ecer_phonenumber" displayName="Phone Number" parentSchemaName="ecer_workexperienceref" parentDisplayName="Work Experience Reference" solution="Active" />
        <Dependent type="60" displayName="ECER - Main" parentDisplayName="Work Experience Reference" id="{1e6b7441-ea64-4d24-bd72-3d03ece27a2c}" />
      </MissingDependency>
      <MissingDependency>
        <Required type="2" schemaName="ecer_referencebirthdate" displayName="Reference Birth Date" parentSchemaName="ecer_workexperienceref" parentDisplayName="Work Experience Reference" solution="Active" />
        <Dependent type="60" displayName="Reference Information - Quickview Form " parentDisplayName="Work Experience Reference" id="{06bb8150-1546-ef11-a316-000d3af45c14}" />
      </MissingDependency>
      <MissingDependency>
        <Required type="2" schemaName="ecer_referencebirthdate" displayName="Reference Birth Date" parentSchemaName="ecer_workexperienceref" parentDisplayName="Work Experience Reference" solution="Active" />
        <Dependent type="60" displayName="ECER - Main" parentDisplayName="Work Experience Reference" id="{1e6b7441-ea64-4d24-bd72-3d03ece27a2c}" />
      </MissingDependency>
      <MissingDependency>
        <Required type="2" schemaName="ecer_referencecontactid" displayName="Reference Contact" parentSchemaName="ecer_workexperienceref" parentDisplayName="Work Experience Reference" solution="Active" />
        <Dependent type="29" displayName="ECER - WER: Assign Reference Contact Certification Details" id="{bc2b60f2-ee3f-f011-8779-002248b35783}" />
      </MissingDependency>
      <MissingDependency>
        <Required type="2" schemaName="ecer_referencecontactid" displayName="Reference Contact" parentSchemaName="ecer_workexperienceref" parentDisplayName="Work Experience Reference" solution="Active" />
        <Dependent type="60" displayName="Reference Information - Quickview Form " parentDisplayName="Work Experience Reference" id="{06bb8150-1546-ef11-a316-000d3af45c14}" />
      </MissingDependency>
      <MissingDependency>
        <Required type="2" schemaName="ecer_referencecontactid" displayName="Reference Contact" parentSchemaName="ecer_workexperienceref" parentDisplayName="Work Experience Reference" solution="Active" />
        <Dependent type="60" displayName="ECER - Main" parentDisplayName="Work Experience Reference" id="{1e6b7441-ea64-4d24-bd72-3d03ece27a2c}" />
      </MissingDependency>
      <MissingDependency>
        <Required type="2" schemaName="ecer_referenceececertificationnumber" displayName="Reference ECE Certification Number" parentSchemaName="ecer_workexperienceref" parentDisplayName="Work Experience Reference" solution="Active" />
        <Dependent type="60" displayName="Reference Information - Quickview Form " parentDisplayName="Work Experience Reference" id="{06bb8150-1546-ef11-a316-000d3af45c14}" />
      </MissingDependency>
      <MissingDependency>
        <Required type="2" schemaName="ecer_referenceececertificationnumber" displayName="Reference ECE Certification Number" parentSchemaName="ecer_workexperienceref" parentDisplayName="Work Experience Reference" solution="Active" />
        <Dependent type="60" displayName="ECER - Main" parentDisplayName="Work Experience Reference" id="{1e6b7441-ea64-4d24-bd72-3d03ece27a2c}" />
      </MissingDependency>
      <MissingDependency>
        <Required type="2" schemaName="ecer_referenceececertificationnumber" displayName="Reference ECE Certification Number" parentSchemaName="ecer_workexperienceref" parentDisplayName="Work Experience Reference" solution="Active" />
        <Dependent type="60" displayName="ECER - Quickview Form" parentDisplayName="Work Experience Reference" id="{3db8d95a-948d-41e6-a4b5-30435be48a11}" />
      </MissingDependency>
      <MissingDependency>
        <Required type="2" schemaName="ecer_referenceececertifiedprovince" displayName="Reference ECE Certified Province TEXT" parentSchemaName="ecer_workexperienceref" parentDisplayName="Work Experience Reference" solution="Active" />
        <Dependent type="60" displayName="Reference Information - Quickview Form " parentDisplayName="Work Experience Reference" id="{06bb8150-1546-ef11-a316-000d3af45c14}" />
      </MissingDependency>
      <MissingDependency>
        <Required type="2" schemaName="ecer_referenceececertifiedprovince" displayName="Reference ECE Certified Province TEXT" parentSchemaName="ecer_workexperienceref" parentDisplayName="Work Experience Reference" solution="Active" />
        <Dependent type="60" displayName="ECER - Main" parentDisplayName="Work Experience Reference" id="{1e6b7441-ea64-4d24-bd72-3d03ece27a2c}" />
      </MissingDependency>
      <MissingDependency>
        <Required type="2" schemaName="ecer_referenceececertifiedprovinceid" displayName="Reference ECE Certified Province" parentSchemaName="ecer_workexperienceref" parentDisplayName="Work Experience Reference" solution="Active" />
        <Dependent type="60" displayName="Reference Information - Quickview Form " parentDisplayName="Work Experience Reference" id="{06bb8150-1546-ef11-a316-000d3af45c14}" />
      </MissingDependency>
      <MissingDependency>
        <Required type="2" schemaName="ecer_referenceececertifiedprovinceid" displayName="Reference ECE Certified Province" parentSchemaName="ecer_workexperienceref" parentDisplayName="Work Experience Reference" solution="Active" />
        <Dependent type="60" displayName="ECER - Main" parentDisplayName="Work Experience Reference" id="{1e6b7441-ea64-4d24-bd72-3d03ece27a2c}" />
      </MissingDependency>
      <MissingDependency>
        <Required type="2" schemaName="ecer_referenceemailaddress" displayName="Reference Email Address" parentSchemaName="ecer_workexperienceref" parentDisplayName="Work Experience Reference" solution="Active" />
        <Dependent type="60" displayName="Reference Information - Quickview Form " parentDisplayName="Work Experience Reference" id="{06bb8150-1546-ef11-a316-000d3af45c14}" />
      </MissingDependency>
      <MissingDependency>
        <Required type="2" schemaName="ecer_referenceemailaddress" displayName="Reference Email Address" parentSchemaName="ecer_workexperienceref" parentDisplayName="Work Experience Reference" solution="Active" />
        <Dependent type="60" displayName="ECER - Main" parentDisplayName="Work Experience Reference" id="{1e6b7441-ea64-4d24-bd72-3d03ece27a2c}" />
      </MissingDependency>
      <MissingDependency>
        <Required type="2" schemaName="ecer_referencefirstname" displayName="Reference First Name" parentSchemaName="ecer_workexperienceref" parentDisplayName="Work Experience Reference" solution="Active" />
        <Dependent type="60" displayName="Reference Information - Quickview Form " parentDisplayName="Work Experience Reference" id="{06bb8150-1546-ef11-a316-000d3af45c14}" />
      </MissingDependency>
      <MissingDependency>
        <Required type="2" schemaName="ecer_referencefirstname" displayName="Reference First Name" parentSchemaName="ecer_workexperienceref" parentDisplayName="Work Experience Reference" solution="Active" />
        <Dependent type="60" displayName="ECER - Main" parentDisplayName="Work Experience Reference" id="{1e6b7441-ea64-4d24-bd72-3d03ece27a2c}" />
      </MissingDependency>
      <MissingDependency>
        <Required type="2" schemaName="ecer_referencefullname" displayName="Reference Name" parentSchemaName="ecer_workexperienceref" parentDisplayName="Work Experience Reference" solution="Active" />
        <Dependent type="60" displayName="Reference Information - Quickview Form " parentDisplayName="Work Experience Reference" id="{06bb8150-1546-ef11-a316-000d3af45c14}" />
      </MissingDependency>
      <MissingDependency>
        <Required type="2" schemaName="ecer_referencefullname" displayName="Reference Name" parentSchemaName="ecer_workexperienceref" parentDisplayName="Work Experience Reference" solution="Active" />
        <Dependent type="60" displayName="ECER - Main" parentDisplayName="Work Experience Reference" id="{1e6b7441-ea64-4d24-bd72-3d03ece27a2c}" />
      </MissingDependency>
      <MissingDependency>
        <Required type="2" schemaName="ecer_referencelastname" displayName="Reference Last Name" parentSchemaName="ecer_workexperienceref" parentDisplayName="Work Experience Reference" solution="Active" />
        <Dependent type="60" displayName="Reference Information - Quickview Form " parentDisplayName="Work Experience Reference" id="{06bb8150-1546-ef11-a316-000d3af45c14}" />
      </MissingDependency>
      <MissingDependency>
        <Required type="2" schemaName="ecer_referencelastname" displayName="Reference Last Name" parentSchemaName="ecer_workexperienceref" parentDisplayName="Work Experience Reference" solution="Active" />
        <Dependent type="60" displayName="ECER - Main" parentDisplayName="Work Experience Reference" id="{1e6b7441-ea64-4d24-bd72-3d03ece27a2c}" />
      </MissingDependency>
      <MissingDependency>
        <Required type="2" schemaName="ecer_referencephonenumber" displayName="Reference Phone Number" parentSchemaName="ecer_workexperienceref" parentDisplayName="Work Experience Reference" solution="Active" />
        <Dependent type="60" displayName="Reference Information - Quickview Form " parentDisplayName="Work Experience Reference" id="{06bb8150-1546-ef11-a316-000d3af45c14}" />
      </MissingDependency>
      <MissingDependency>
        <Required type="2" schemaName="ecer_referencephonenumber" displayName="Reference Phone Number" parentSchemaName="ecer_workexperienceref" parentDisplayName="Work Experience Reference" solution="Active" />
        <Dependent type="60" displayName="ECER - Main" parentDisplayName="Work Experience Reference" id="{1e6b7441-ea64-4d24-bd72-3d03ece27a2c}" />
      </MissingDependency>
      <MissingDependency>
        <Required type="2" schemaName="ecer_relationshiptoapplicant" displayName="Relationship to Applicant" parentSchemaName="ecer_workexperienceref" parentDisplayName="Work Experience Reference" solution="Active" />
        <Dependent type="60" displayName="ECER - Main" parentDisplayName="Work Experience Reference" id="{1e6b7441-ea64-4d24-bd72-3d03ece27a2c}" />
      </MissingDependency>
      <MissingDependency>
        <Required type="2" schemaName="ecer_relationshiptoapplicant" displayName="Relationship to Applicant" parentSchemaName="ecer_workexperienceref" parentDisplayName="Work Experience Reference" solution="Active" />
        <Dependent type="60" displayName="ECER - Quickview Form" parentDisplayName="Work Experience Reference" id="{3db8d95a-948d-41e6-a4b5-30435be48a11}" />
      </MissingDependency>
      <MissingDependency>
        <Required type="2" schemaName="ecer_relationshiptoapplicantother" displayName="Relationship to Applicant (Other)" parentSchemaName="ecer_workexperienceref" parentDisplayName="Work Experience Reference" solution="Active" />
        <Dependent type="60" displayName="ECER - Main" parentDisplayName="Work Experience Reference" id="{1e6b7441-ea64-4d24-bd72-3d03ece27a2c}" />
      </MissingDependency>
      <MissingDependency>
        <Required type="2" schemaName="ecer_relationshiptoapplicantother" displayName="Relationship to Applicant (Other)" parentSchemaName="ecer_workexperienceref" parentDisplayName="Work Experience Reference" solution="Active" />
        <Dependent type="60" displayName="ECER - Quickview Form" parentDisplayName="Work Experience Reference" id="{3db8d95a-948d-41e6-a4b5-30435be48a11}" />
      </MissingDependency>
      <MissingDependency>
        <Required type="2" schemaName="ecer_role" displayName="Role" parentSchemaName="ecer_workexperienceref" parentDisplayName="Work Experience Reference" solution="Active" />
        <Dependent type="60" displayName="ECER - Main" parentDisplayName="Work Experience Reference" id="{1e6b7441-ea64-4d24-bd72-3d03ece27a2c}" />
      </MissingDependency>
      <MissingDependency>
        <Required type="2" schemaName="ecer_startdate" displayName="Start Date" parentSchemaName="ecer_workexperienceref" parentDisplayName="Work Experience Reference" solution="Active" />
        <Dependent type="60" displayName="ECER - Main" parentDisplayName="Work Experience Reference" id="{1e6b7441-ea64-4d24-bd72-3d03ece27a2c}" />
      </MissingDependency>
      <MissingDependency>
        <Required type="2" schemaName="ecer_startdate" displayName="Start Date" parentSchemaName="ecer_workexperienceref" parentDisplayName="Work Experience Reference" solution="Active" />
        <Dependent type="60" displayName="ECER - Quickview Form" parentDisplayName="Work Experience Reference" id="{3db8d95a-948d-41e6-a4b5-30435be48a11}" />
      </MissingDependency>
      <MissingDependency>
        <Required type="2" schemaName="ecer_totalnumberofhoursanticipated" displayName="Total Number of Hours Anticipated" parentSchemaName="ecer_workexperienceref" parentDisplayName="Work Experience Reference" solution="Active" />
        <Dependent type="60" displayName="ECER - Main" parentDisplayName="Work Experience Reference" id="{1e6b7441-ea64-4d24-bd72-3d03ece27a2c}" />
      </MissingDependency>
      <MissingDependency>
        <Required type="2" schemaName="ecer_totalnumberofhoursanticipated" displayName="Total Number of Hours Anticipated" parentSchemaName="ecer_workexperienceref" parentDisplayName="Work Experience Reference" solution="Active" />
        <Dependent type="60" displayName="ECER - Quickview Form" parentDisplayName="Work Experience Reference" id="{3db8d95a-948d-41e6-a4b5-30435be48a11}" />
      </MissingDependency>
      <MissingDependency>
        <Required type="2" schemaName="ecer_totalnumberofhoursapproved" displayName="Total Number of Hours Approved" parentSchemaName="ecer_workexperienceref" parentDisplayName="Work Experience Reference" solution="Active" />
        <Dependent type="60" displayName="ECER - Main" parentDisplayName="Work Experience Reference" id="{1e6b7441-ea64-4d24-bd72-3d03ece27a2c}" />
      </MissingDependency>
      <MissingDependency>
        <Required type="2" schemaName="ecer_totalnumberofhoursobserved" displayName="Total Number of Hours Observed" parentSchemaName="ecer_workexperienceref" parentDisplayName="Work Experience Reference" solution="Active" />
        <Dependent type="60" displayName="ECER - Main" parentDisplayName="Work Experience Reference" id="{1e6b7441-ea64-4d24-bd72-3d03ece27a2c}" />
      </MissingDependency>
      <MissingDependency>
        <Required type="2" schemaName="ecer_totalnumberofhoursobserved" displayName="Total Number of Hours Observed" parentSchemaName="ecer_workexperienceref" parentDisplayName="Work Experience Reference" solution="Active" />
        <Dependent type="60" displayName="ECER - Quickview Form" parentDisplayName="Work Experience Reference" id="{3db8d95a-948d-41e6-a4b5-30435be48a11}" />
      </MissingDependency>
      <MissingDependency>
        <Required type="2" schemaName="ecer_type" displayName="Type" parentSchemaName="ecer_workexperienceref" parentDisplayName="Work Experience Reference" solution="Active" />
        <Dependent type="60" displayName="ECER - Main" parentDisplayName="Work Experience Reference" id="{1e6b7441-ea64-4d24-bd72-3d03ece27a2c}" />
      </MissingDependency>
      <MissingDependency>
        <Required type="2" schemaName="ecer_type" displayName="Type" parentSchemaName="ecer_workexperienceref" parentDisplayName="Work Experience Reference" solution="Active" />
        <Dependent type="60" displayName="ECER - Quickview Form" parentDisplayName="Work Experience Reference" id="{3db8d95a-948d-41e6-a4b5-30435be48a11}" />
      </MissingDependency>
      <MissingDependency>
        <Required type="2" schemaName="ecer_typeofchildrenprogram" displayName="Type of Children Program" parentSchemaName="ecer_workexperienceref" parentDisplayName="Work Experience Reference" solution="Active" />
        <Dependent type="60" displayName="ECER - Main" parentDisplayName="Work Experience Reference" id="{1e6b7441-ea64-4d24-bd72-3d03ece27a2c}" />
      </MissingDependency>
      <MissingDependency>
        <Required type="2" schemaName="ecer_typeofchildrenprogram" displayName="Type of Children Program" parentSchemaName="ecer_workexperienceref" parentDisplayName="Work Experience Reference" solution="Active" />
        <Dependent type="60" displayName="ECER - Quickview Form" parentDisplayName="Work Experience Reference" id="{3db8d95a-948d-41e6-a4b5-30435be48a11}" />
      </MissingDependency>
      <MissingDependency>
        <Required type="2" schemaName="ecer_unabletoprovidereferencereason" displayName="Unable to Provide Reference Reason" parentSchemaName="ecer_workexperienceref" parentDisplayName="Work Experience Reference" solution="Active" />
        <Dependent type="60" displayName="ECER - Main" parentDisplayName="Work Experience Reference" id="{1e6b7441-ea64-4d24-bd72-3d03ece27a2c}" />
      </MissingDependency>
      <MissingDependency>
        <Required type="2" schemaName="ecer_unabletoprovidereferencereason" displayName="Unable to Provide Reference Reason" parentSchemaName="ecer_workexperienceref" parentDisplayName="Work Experience Reference" solution="Active" />
        <Dependent type="60" displayName="ECER - Quickview Form" parentDisplayName="Work Experience Reference" id="{3db8d95a-948d-41e6-a4b5-30435be48a11}" />
      </MissingDependency>
      <MissingDependency>
        <Required type="2" schemaName="ecer_willprovidereference" displayName="Will Provide Reference" parentSchemaName="ecer_workexperienceref" parentDisplayName="Work Experience Reference" solution="Active" />
        <Dependent type="60" displayName="ECER - Main" parentDisplayName="Work Experience Reference" id="{1e6b7441-ea64-4d24-bd72-3d03ece27a2c}" />
      </MissingDependency>
      <MissingDependency>
        <Required type="2" schemaName="ecer_willprovidereference" displayName="Will Provide Reference" parentSchemaName="ecer_workexperienceref" parentDisplayName="Work Experience Reference" solution="Active" />
        <Dependent type="60" displayName="ECER - Quickview Form" parentDisplayName="Work Experience Reference" id="{3db8d95a-948d-41e6-a4b5-30435be48a11}" />
      </MissingDependency>
      <MissingDependency>
        <Required type="2" schemaName="ecer_workhourstype" displayName="Work Hours Type" parentSchemaName="ecer_workexperienceref" parentDisplayName="Work Experience Reference" solution="Active" />
        <Dependent type="60" displayName="ECER - Main" parentDisplayName="Work Experience Reference" id="{1e6b7441-ea64-4d24-bd72-3d03ece27a2c}" />
      </MissingDependency>
      <MissingDependency>
        <Required type="2" schemaName="ecer_workhourstype" displayName="Work Hours Type" parentSchemaName="ecer_workexperienceref" parentDisplayName="Work Experience Reference" solution="Active" />
        <Dependent type="60" displayName="ECER - Quickview Form" parentDisplayName="Work Experience Reference" id="{3db8d95a-948d-41e6-a4b5-30435be48a11}" />
      </MissingDependency>
      <MissingDependency>
        <Required type="2" schemaName="ownerid" displayName="Owner" parentSchemaName="ecer_workexperienceref" parentDisplayName="Work Experience Reference" solution="Active" />
        <Dependent type="60" displayName="ECER - Main" parentDisplayName="Work Experience Reference" id="{1e6b7441-ea64-4d24-bd72-3d03ece27a2c}" />
      </MissingDependency>
      <MissingDependency>
        <Required type="2" schemaName="ownerid" displayName="Owner" parentSchemaName="ecer_workexperienceref" parentDisplayName="Work Experience Reference" solution="Active" />
        <Dependent type="60" displayName="ECER - Quickview Form" parentDisplayName="Work Experience Reference" id="{3db8d95a-948d-41e6-a4b5-30435be48a11}" />
      </MissingDependency>
      <MissingDependency>
        <Required type="2" schemaName="statuscode" displayName="Status Reason" parentSchemaName="ecer_workexperienceref" parentDisplayName="Work Experience Reference" solution="Active" />
        <Dependent type="60" displayName="ECER - Main" parentDisplayName="Work Experience Reference" id="{1e6b7441-ea64-4d24-bd72-3d03ece27a2c}" />
      </MissingDependency>
      <MissingDependency>
        <Required type="26" schemaName="Ineligible Contacts" displayName="Ineligible Contacts" parentSchemaName="contact" parentDisplayName="Contact" solution="Active" id="{07e5ff9e-f8d0-ee11-904d-000d3af4f18a}" />
        <Dependent type="60" displayName="Reference Information - Quickview Form " parentDisplayName="Work Experience Reference" id="{06bb8150-1546-ef11-a316-000d3af45c14}" />
      </MissingDependency>
      <MissingDependency>
        <Required type="26" schemaName="Ineligible Contacts" displayName="Ineligible Contacts" parentSchemaName="contact" parentDisplayName="Contact" solution="Active" id="{07e5ff9e-f8d0-ee11-904d-000d3af4f18a}" />
        <Dependent type="60" displayName="ECER - Main" parentDisplayName="Work Experience Reference" id="{1e6b7441-ea64-4d24-bd72-3d03ece27a2c}" />
      </MissingDependency>
      <MissingDependency>
        <Required type="26" schemaName="Active Provinces For Reference Lookup" displayName="Active Provinces For Reference Lookup" parentSchemaName="ecer_province" parentDisplayName="Province" solution="Active" id="{9d4ec4e6-9fdc-ee11-904c-0022486e0199}" />
        <Dependent type="60" displayName="ECER - Main" parentDisplayName="Work Experience Reference" id="{1e6b7441-ea64-4d24-bd72-3d03ece27a2c}" />
      </MissingDependency>
      <MissingDependency>
        <Required type="26" schemaName="Active Portal Invitations" displayName="Active Portal Invitations" parentSchemaName="ecer_portalinvitation" parentDisplayName="Portal Invitation" solution="Active" id="{dd81db6a-6794-4c3e-95c0-e2a2e0edd133}" />
        <Dependent type="60" displayName="ECER - Main" parentDisplayName="Work Experience Reference" id="{1e6b7441-ea64-4d24-bd72-3d03ece27a2c}" />
      </MissingDependency>
      <MissingDependency>
        <Required type="26" schemaName="Province Lookup View" displayName="Province Lookup View" parentSchemaName="ecer_province" parentDisplayName="Province" solution="Active" id="{f0b8111c-ed49-441d-9fd0-66641fdf9d5a}" />
        <Dependent type="60" displayName="ECER - Main" parentDisplayName="Work Experience Reference" id="{1e6b7441-ea64-4d24-bd72-3d03ece27a2c}" />
      </MissingDependency>
      <MissingDependency>
        <Required type="60" displayName="ECER - 400 HR Quickview Form" parentDisplayName="Work Experience Reference" solution="Active" id="{45120a1a-9261-ef11-bfe3-6045bdf9a93e}" />
        <Dependent type="60" displayName="ECER - Main" parentDisplayName="Work Experience Assessment" id="{7f54a3f3-9720-4a3f-8723-e0b576e9a95b}" />
      </MissingDependency>
      <MissingDependency>
        <Required type="61" schemaName="ecer_application.js" displayName="ecer_application.js" solution="Active" />
        <Dependent type="60" displayName="ECER - Main" parentDisplayName="Work Experience Reference" id="{1e6b7441-ea64-4d24-bd72-3d03ece27a2c}" />
      </MissingDependency>
      <MissingDependency>
        <Required type="61" schemaName="ecer_utility.js" displayName="ecer_utility.js" solution="Active" />
        <Dependent type="60" displayName="ECER - Main" parentDisplayName="Work Experience Reference" id="{1e6b7441-ea64-4d24-bd72-3d03ece27a2c}" />
      </MissingDependency>
      <MissingDependency>
        <Required type="61" schemaName="ecer_utility.js" displayName="ecer_utility.js" solution="Active" />
        <Dependent type="60" displayName="ECER - Main" parentDisplayName="Work Experience Assessment" id="{7f54a3f3-9720-4a3f-8723-e0b576e9a95b}" />
      </MissingDependency>
      <MissingDependency>
        <Required type="61" schemaName="ecer_workexperienceassessment.js" displayName="ecer_workexperienceassessment.js" solution="Active" />
        <Dependent type="60" displayName="ECER - Main" parentDisplayName="Work Experience Assessment" id="{7f54a3f3-9720-4a3f-8723-e0b576e9a95b}" />
      </MissingDependency>
      <MissingDependency>
        <Required type="61" schemaName="ecer_workexperienceref.svg" displayName="ecer_workexperienceref.svg" solution="Active" />
        <Dependent type="1" schemaName="ecer_workexperienceref" displayName="Work Experience Reference" />
      </MissingDependency>
      <MissingDependency>
        <Required type="66" schemaName="MscrmControls.FieldControls.ToggleControl" displayName="MscrmControls.FieldControls.ToggleControl" solution="BaseCustomControlsCore (9.0.2505.3014)">
          <package appName="Base Custom Controls" version="9.0.2505.3014">BaseCustomControlsCore (9.0.2505.3014)</package>
        </Required>
        <Dependent type="60" displayName="ECER - Main" parentDisplayName="Work Experience Reference" id="{1e6b7441-ea64-4d24-bd72-3d03ece27a2c}" />
      </MissingDependency>
      <MissingDependency>
        <Required type="connectionreference" displayName="ecer_sharedcommondataserviceforapps_8f58e" solution="Active" id.connectionreferencelogicalname="ecer_sharedcommondataserviceforapps_8f58e" />
        <Dependent type="29" displayName="ECER - WER: Assign Reference Contact Certification Details" id="{bc2b60f2-ee3f-f011-8779-002248b35783}" />
      </MissingDependency>
    </MissingDependencies>
  </SolutionManifest>
</ImportExportXml>